Creation Time:2024/11/28 19:34:05
Firmware Ver:V1.6.663
Device Type:0xF2
Device Name:AC7000-AE-25(I)
Segment Num:1
Segment Name:CONTROL
Board List:0
:020000040800F2
:1000000078160020A1260008630E0008650E00087F
:10001000690E00086D0E0008710E00080000000057
:10002000000000000000000000000000750E000845
:10003000770E000800000000790E00082D0B000864
:10004000B7260008B7260008B7260008B72600081C
:10005000B7260008B7260008B7260008B72600080C
:10006000B7260008B7260008B7260008B7260008FC
:10007000B7260008B7260008B7260008B7260008EC
:10008000B7260008B7260008B7260008B7260008DC
:10009000B7260008B7260008B7260008B7260008CC
:1000A000B7260008B7260008B7260008B7260008BC
:1000B0007D0E0008B7260008B7260008B7260008FE
:1000C000B7260008B7260008B7260008B72600089C
:1000D000B7260008390B0008DB0B00087D0C000870
:1000E000B7260008B7260008B72600080000000061
:1000F0000000000000000000000000000000000000
:100100000000000000000000B7260008B726000825
:100110001F0D0008C10D0008B7260008B72600080B
:10012000B7260008B7260008B7260008B72600083B
:10013000B7260008B7260008B7260008B72600082B
:10014000B7260008B7260008B7260008B72600081B
:1001500000F002F800F03AF80AA090E8000C82449F
:100160008344AAF10107DA4501D100F02FF8AFF27C
:10017000090EBAE80F0013F0010F18BFFB1A43F085
:100180000103184788430000A8430000103A24BF29
:1001900078C878C1FAD8520724BF30C830C144BFEC
:1001A00004680C607047000000230024002500262E
:1001B000103A28BF78C1FBD8520728BF30C148BFCA
:1001C0000B6070471FB51FBD10B510BD04F067F977
:1001D0001146FFF7F7FF03F091F904F085F903B436
:1001E000FFF7F2FF03BC04F089F90000EFF3098088
:1001F000704780F309887047EFF30880704780F3F9
:100200000888704740BA7047C0BA704771B67047E7
:1002100061B6704701460020FE4A106800F03800C1
:10022000084310607047FB49096821F00801F94A4A
:10023000116011460968014311607047F54909686A
:1002400021F01001F34A1160114609680143116061
:100250007047F148EF494860F04848607047EE4801
:10026000EC494860ED4848607047EA48006940F052
:100270008000E84908617047E648006940F0800066
:10028000E449086170470420E249C96811F0010F90
:1002900001D001200EE0DF49C96811F0040F01D040
:1002A000022007E0DB49C96811F0100F01D00320DC
:1002B00000E00420704700B502460423FFF7E3FF87
:1002C000034603E0FFF7DFFF0346521E012B01D177
:1002D000002AF7D102B90523184600BD30B50446FF
:1002E0000425CF48FFF7E7FF0546042D16D1C9487E
:1002F000006940F00200C74908610846446100698E
:1003000040F040000861C648FFF7D5FF0546C148E8
:10031000006941F6FD710840BE490861284630BDBC
:1003200010B50424BE48FFF7C6FF0446042C15D1BF
:10033000B848006940F00400B64908610846006901
:1003400040F040000861B648FFF7B5FF0446B148E9
:10035000006941F6FB710840AE490861204610BDB6
:1003600000B502460423FFF78EFF034603E0FFF7C4
:100370008AFF0346521E012B01D1002AF7D102B990
:100380000523184600BD10B50424A548FFF7E8FF73
:100390000446042C15D19F48006940F004009D4993
:1003A00008610846006940F0400008619C48FFF77A
:1003B000D7FF04469748006941F6FB71084095490C
:1003C0000861204610BD00209249C96911F0020F52
:1003D00001D0012000E00020704730B5A52504249D
:1003E000FFF7F1FF00B100258D48FFF764FF0446D9
:1003F000042C39D188488749886088488860084635
:10040000006940F0200008610846006940F04000A3
:1004100008618348FFF74FFF0446042C1BD17D4839
:10042000006941F6DF7108407A49086108460069B1
:1004300040F0100008617B4805804013FFF73BFF48
:100440000446052C10D07348006941F6EF7108404E
:100450007049086108E0052C06D06E48006941F635
:10046000EF7108406B490861204630BD78B50646FB
:100470000C460425002000904FF6FF70FFF71BFF8D
:100480000546042D26D16348006940F0010061490A
:10049000086134804FF6FF70FFF70DFF0546042D0D
:1004A00011D1B01C0090200C009908804FF6FF700D
:1004B000FFF701FF05465748006941F6FE71084005
:1004C0005449086106E05348006941F6FE7108404E
:1004D00050490861284678BD70B504460D4604268B
:1004E0004FF6FF70FFF7E7FE0646042E12D149488B
:1004F000006940F001004749086125804FF6FF7010
:10050000FFF7D9FE06464348006941F6FE710840F0
:1005100040490861304670BD70B505460E4604245A
:100520004FF6FF70FFF7C7FE0446042C18D13A4877
:1005300038498860394888600846006940F01000F2
:1005400008612E804FF6FF70FFF7B5FE0446052CBC
:1005500006D03048006941F6EF7108402D49086126
:10056000204670BD2DE9F04304464FF6FF7637462E
:10057000B046B1460425E443E6B2C4F30727C4F30A
:1005800007484FEA14694FF6FF70FFF794FE0546DF
:10059000042D4BD120481F498860204888600846B8
:1005A000006940F010000861FF2E06D01D48083099
:1005B00006804013FFF77FFE0546042D08D1FF2F6C
:1005C00006D018480A3007804013FFF774FE05462E
:1005D000042D0AD1B8F1FF0F07D012480C30A0F853
:1005E00000804013FFF767FE0546042D0AD1B9F1DC
:1005F000FF0F07D00B480E30A0F800904013FFF714
:100600005AFE0546052D11D00248006941F6EF71EA
:10061000084009E00020024023016745AB89EFCD87
:10062000FFFF0F0000F8FF1F654908612846BDE87D
:10063000F08330B5054604246248FFF73CFE0446CB
:10064000042C3FD160485E49886060488860084655
:10065000006940F0200008610846006940F0400051
:1006600008615848FFF727FE0446042C21D154485E
:10067000006941F6DF710840514908610846006988
:1006800040F0100008611DB100205149088002E0CF
:10069000A5204F4908804B48FFF70DFE0446052C66
:1006A00010D04748006941F6EF710840444908619D
:1006B00008E0052C06D04248006941F6DF71084089
:1006C0003F490861204630BDF0B505460E46174645
:1006D00004243D483A4988603C4888604FF6FF70E2
:1006E000FFF7E9FD0446042C19D13548006940F0B4
:1006F00010003349086147F0F8003043284334497B
:10070000891C08804813FFF7D6FD0446052C06D047
:100710002B48006941F6EF710840294908612046DD
:10072000F0BD2748C069800870472548006A7047B7
:1007300000202349096811F0200F01D0012000E0BA
:100740000020704729B11E4A126902431C4B1A61EE
:1007500004E01B4A12698243194B1A617047014633
:100760000020012908D1164AD26912F0010F01D0E8
:10077000012008E0002006E0114AD2680A4201D0B8
:10078000012000E0002070470D49C8607047042038
:100790000B49C96811F0010F01D001200EE0084992
:1007A000C96811F0040F01D0022007E00449C968AC
:1007B00011F0100F01D0032000E00420704700006A
:1007C00000200240FFFF0F0023016745AB89EFCDFA
:1007D00000F8FF1F10B50446CA48844208D1012121
:1007E000042000F09FFD0021042000F09BFD46E066
:1007F000C548844208D10121082000F093FD002162
:10080000082000F08FFD3AE0C048844208D1012161
:10081000102000F087FD0021102000F083FD2EE065
:10082000BB48844208D10121202000F07BFD00213B
:10083000202000F077FD22E0B648844208D1012153
:10084000402000F06FFD0021402000F06BFD16E01D
:10085000B148844208D10121802000F063FD0021CD
:10086000802000F05FFD0AE0AC48844207D10121FE
:10087000801500F057FD0021A01500F053FD10BDBC
:1008800010B50121084600F04DFD0021012000F0C7
:1008900049FD10BD2DE9F04102460025002600204B
:1008A00000230024002791F803C00CF00F0591F8F5
:1008B00003C01CF0100F03D091F802C04CEA0505EC
:1008C00091F800C0BCF1000F31D0146800202BE07B
:1008D0004FF0010C0CFA00F3B1F800C00CEA03066B
:1008E0009E4220D183004FF00F0C0CFA03F7BC435B
:1008F00005FA03FC4CEA040491F803C0BCF1280F8C
:1009000006D14FF0010C0CFA00FCC2F814C00AE04A
:1009100091F803C0BCF1480F05D14FF0010C0CFA5F
:1009200000FCC2F810C0401C0828D1D31460B1F8F4
:1009300000C0BCF1FF0F34DD546800202EE000F150
:10094000080C4FF0010808FA0CF3B1F800C00CEAEB
:1009500003069E4221D183004FF00F0C0CFA03F7DF
:10096000BC4305FA03FC4CEA040491F803C0BCF153
:10097000280F05D100F1080C08FA0CF8C2F8148011
:1009800091F803C0BCF1480F07D100F1080C4FF0FB
:10099000010808FA0CF8C2F81080401C0828CED3D1
:1009A0005460BDE8F0814FF6FF7101800221817033
:1009B0000421C17070470246002093680B4201D0A9
:1009C000012000E0002070470146886880B270472F
:1009D00002460020D3680B4201D0012000E0002035
:1009E00070470146C86880B2704701617047416135
:1009F00070470AB1016100E041617047C160704712
:100A00004FF480320A438261816182618269826926
:100A1000704702460020424B18684FF6807318401A
:100A200040EA021008433E4B186070473D49C861D8
:100A30007047F0B50A46002300240021002500F08D
:100A40000046B6F1004F02D1354EF16901E0344E57
:100A50007168C0F3034583B200F44016B6F5401F39
:100A600008D121F070612E4E766826F070662C4F0A
:100A70007E6012E000F48016B6F5801F06D10326D2
:100A800006FA05F4A14341F0706106E0460D360117
:100A900003FA06F6B14341F0706122B1460D36010A
:100AA00003FA06F6314300F00046B6F1004F02D1DA
:100AB0001B4EF16101E01A4E7160F0BD30B50022AD
:100AC0008B071C0F0F2303FA04F2154B08338C100D
:100AD00053F824309343124C08348D1044F82530D9
:100AE00023468C1053F824308C07240F00FA04F4AA
:100AF00023430B4C08348D1044F8253030BD0A498F
:100B00000860704700080140000C014000100140DF
:100B10000014014000180140001C01400020014069
:100B20000000014000002042DC002042D64800685E
:100B3000401CD5490860704738B540F22551D3486C
:100B400000F0EEFD60B1D14800F06AFD0446E1B26C
:100B5000002002F0DFFF40F22551CC4800F00AFEF1
:100B600040F22661C94800F0DBFD70B16946002003
:100B700002F01AFF20B19DF80010C44800F04CFDAF
:100B800040F22661C14800F0F5FD0821BF4800F0A1
:100B9000B1FD012806D10821BC4800F0B8FDBB48D2
:100BA00000F03EFD0421B94800F0A4FD012806D163
:100BB0000421B64800F0ABFDB44800F031FD02213D
:100BC000B24800F097FD012806D10221AF4800F09D
:100BD0009EFDAE4800F024FD38BD38B540F22551E9
:100BE000AB4800F09DFD60B1A94800F019FD044636
:100BF000E1B2012002F08EFF40F22551A44800F03E
:100C0000B9FD40F22661A24800F08AFD70B1694644
:100C1000012002F0C9FE20B19DF800109C4800F0B0
:100C2000FBFC40F226619A4800F0A4FD0821984898
:100C300000F060FD012806D10821954800F067FD0D
:100C4000934800F0EDFC0421914800F053FD012889
:100C500006D104218E4800F05AFD8D4800F0E0FCDA
:100C600002218B4800F046FD012806D10221884868
:100C700000F04DFD864800F0D3FC38BD38B540F299
:100C80002551844800F04CFD60B1824800F0C8FC5A
:100C90000446E1B2022002F03DFF40F225517D48BA
:100CA00000F068FD40F226617A4800F039FD70B12D
:100CB0006946022002F078FE20B19DF800107548C8
:100CC00000F0AAFC40F22661724800F053FD0821B2
:100CD000704800F00FFD012806D108216D4800F092
:100CE00016FD6C4800F09CFC04216A4800F002FDEF
:100CF000012806D10421674800F009FD654800F08D
:100D00008FFC0221634800F0F5FC012806D1022186
:100D1000604800F0FCFC5F4800F082FC38BD38B54C
:100D200040F225515C4800F0FBFC60B15A4800F0ED
:100D300077FC0446E1B2032002F0ECFE40F22551BC
:100D4000554800F017FD40F22661534800F0E8FCDA
:100D500070B16946032002F027FE20B19DF8001013
:100D60004D4800F059FC40F226614B4800F002FD6E
:100D70000821494800F0BEFC012806D10821464858
:100D800000F0C5FC444800F04BFC0421424800F050
:100D9000B1FC012806D104213F4800F0B8FC3E48D0
:100DA00000F03EFC02213C4800F0A4FC012806D1E2
:100DB0000221394800F0ABFC374800F031FC38BD67
:100DC00038B540F22551354800F0AAFC60B13348EF
:100DD00000F026FC0446E1B2042002F09BFE40F243
:100DE00025512E4800F0C6FC40F226612B4800F049
:100DF00097FC70B16946042002F0D6FD20B19DF841
:100E00000010264800F008FC40F22661234800F05C
:100E1000B1FC0821214800F06DFC012806D1082111
:100E20001E4800F074FC1D4800F0FAFB04211B482A
:100E300000F060FC012806D10421184800F067FC8E
:100E4000164800F0EDFB0221144800F053FC012885
:100E500006D10221114800F05AFC104800F0E0FBD6
:100E600038BD704700BFFEE700BFFEE700BFFEE7EA
:100E700000BFFEE7704770477047704710B501210B
:100E8000880701F0F8FB10BD140000200038014075
:100E90000044004000480040004C0040005000402A
:100EA000F948006840F00100F749086008464068CA
:100EB000F6490840F449486008460068F44908408B
:100EC000F14908600846006820F480200860084660
:100ED000406820F4FE0048600846006820F0A050FA
:100EE00008604FF47F0088600020C8627047E649C0
:100EF000096821F48031E44A11601146096821F43F
:100F000080211160B0F5803F03D0B0F5802F0ED165
:100F100006E0DD49096841F48031DB4A116007E0F1
:100F2000D949096841F4A021D74A116000E000BF07
:100F300000BF704710B501460022002300204A116F
:100F4000012A02D1D04C236806E0022A02D1CE4CFD
:100F5000236A01E0CC4C636A01F01F020124944033
:100F60001C4201D0012000E0002010BD38B5002057
:100F700000900024002500BF3120FFF7DBFF05466D
:100F80000098401C00900098A0F57F41FF3901D0E7
:100F9000002DF1D03120FFF7CDFF08B1012400E092
:100FA0000024204638BD01460020B74A106820F0D2
:100FB000F80040EAC10010607047B6490860704709
:100FC00002460020B04B586820F4741042EA010336
:100FD0001843AD4B58607047AE49086670470246EB
:100FE0000020A94BD86AAC4B184042EA01031843D1
:100FF000A54BD862704701460020A34AD06A20F072
:10100000F0000843D0627047014600209E4AD06A33
:1010100020F470600843D06270479E49886670472C
:1010200001460020984AD06A20F470400843D062FC
:10103000704798490867704701460020924A5068F7
:1010400020F003000843506070478F48406800F06C
:101050000C007047014600208B4A506820F0F000D9
:1010600008435060704701460020874A506820F4CA
:10107000E06008435060704701460020824A506893
:1010800020F4605040EAC1005060704729B17E4AA8
:10109000527A02437C4B5A7204E07B4A527A824372
:1010A000794B5A7270477D490860704701460020AD
:1010B000754A506820F440400843506070477849B2
:1010C000086070477649091D086070470021754A1D
:1010D00011706D4A82F82010012802D0042808D12E
:1010E00003E001216F4A117004E005216D4A11707F
:1010F00000E000BF00BF70476B490860704762495D
:10110000096A0143604A11627047674944390860BF
:1011100070472DE9F0410021002200250023002620
:10112000002400278C46DFF86081D8F8048008F09E
:101130000C0121B1042907D0082959D109E0DFF8B1
:101140006C81C0F8008058E0DFF86081C0F8008052
:1011500053E0DFF83481D8F8048008F47012DFF827
:101160002881D8F8048008F48035920C0D2A01D02B
:10117000921C00E0062235B9DFF8348102FB08F842
:10118000C0F8008033E0DFF80081D8F82C8008F444
:101190008036DFF8F480D8F82C8008F00F0808F1CA
:1011A000010446B9DFF80481B8FBF4F808FB02F843
:1011B000C0F800801BE0DFF8D080D8F82C80C8F39E
:1011C000031808F10107DFF8C080D8F82C80C8F3B5
:1011D000032808F1020CDFF8D480B8FBF7F808FB0D
:1011E0000CF8B8FBF4F808FB02F8C0F8008004E043
:1011F000DFF8B880C0F8008000BF00BFDFF888804B
:10120000D8F8048008F0F0010909DFF8A88018F880
:101210000130D0F8008028FA03F8C0F80480DFF825
:101220006880D8F8048008F4E061090ADFF8848057
:1012300018F80130D0F8048028FA03F8C0F80880C4
:10124000DFF84480D8F8048008F46051C90ADFF858
:10125000648018F80130D0F8048028FA03F8C0F848
:101260000C80DFF82480D8F8048008F44041890B12
:10127000DFF8448018F80130D0F80C80B8FBF3F8A0
:10128000C0F81080BDE8F081001002400000FFF0BF
:10129000FFFFF6FE00004242F0FFFEFFD800424290
:1012A000C4054242201002408004424200127A00EB
:1012B00000093D00000000201000002029B1354A3F
:1012C00052690243334B5A6104E0324A5269824305
:1012D000304B5A61704729B12E4A926902432D4B17
:1012E0009A6104E02B4A926982432A4B9A617047C3
:1012F00029B1284AD2690243264BDA6104E0254A23
:10130000D2698243234BDA61704729B1214A926A3C
:101310000243204B9A6204E01E4A926A82431D4BAC
:101320009A62704729B11B4AD2680243194BDA60AE
:1013300004E0184AD2688243164BDA60704729B13C
:10134000144A12690243134B1A6104E0114A1269EC
:101350008243104B1A6170470F49086070470F496C
:10136000C86470470B49C87170470A48406A40F02A
:10137000807008494862704701460020054A92681B
:101380000A4201D0012000E0002070470149887224
:1013900070470000001002404004424200004242F8
:1013A00010B50446FB48844209D101218803FFF7A8
:1013B000B9FF00214FF48040FFF7B4FF32E0F64858
:1013C000844209D101214804FFF7B9FF00214FF4FD
:1013D0000030FFF7B4FF25E0F048844209D1012135
:1013E0008804FFF7ACFF00214FF48020FFF7A7FF30
:1013F00018E0EB48844209D10121C804FFF79FFFA0
:1014000000214FF40020FFF79AFF0BE0E5488442EB
:1014100008D101210805FFF792FF00214FF4801049
:10142000FFF78DFF10BD2DE9F04786B005460E464B
:101430000024A24600BFA1460027B08900B100BF2A
:101440002F462C8A4CF6FF700440F08804432C820F
:10145000AC894EF6F3100440B08831890843718995
:1014600008430443AC81AC8A4FF6FF400440B08986
:101470000443AC8201A8FFF74CFEC648874202D164
:10148000DDF810A001E0DDF80CA0A88910F4004FF1
:1014900008D00AEBCA0000EB0A1031684900B0FB23
:1014A000F1F807E00AEBCA0000EB0A103168890086
:1014B000B0FBF1F86420B8FBF0F0040120096421CE
:1014C00001FB1089A88910F4004F08D0322000EBEE
:1014D000C900B0FBF1F000F00700044308E032203F
:1014E00000EB09106421B0FBF1F000F00F000443A1
:1014F0002C8106B0BDE8F0874FF416510160002141
:101500008180C18001810C2141810021818170474E
:1015100010B502460020108A4FF2FF0318400B88D6
:101520004C8823438C882343CC8823431843108260
:1015300010BD0021018041808180C180704721B1B0
:10154000828942F40052828104E082894DF6FF7361
:101550001A4082817047F0B503460024002600251A
:101560000020A1F510676A3F00D100BF1846C1F303
:10157000421401F01F06012707FA06F5012C01D1DC
:101580000C3004E0022C01D1103000E014301AB10C
:1015900007682F43076002E00768AF430760F0BDAC
:1015A0001AB1838A0B43838202E0838A8B4383824E
:1015B0007047028A4FF6F0731A400282028A0A4389
:1015C0000282704782894FF2FF731A4082818289BA
:1015D0000A438281704721B1828942F002028281EE
:1015E00004E082894FF6FD731A4082817047028AB7
:1015F0004FF6DF731A400282028A0A430282704762
:1016000021B1028A42F48042028204E0028A4BF64F
:10161000FF731A4002827047C1F30802828070474C
:1016200001468888C0F308007047818941F00101B4
:1016300081817047028BD2B20283028B42EA01227F
:1016400002837047028B02F47F420283028B0A43BB
:101650000283704721B1828A42F02002828204E034
:10166000828A4FF6DF731A408282704721B1828AE4
:1016700042F01002828204E0828A4FF6EF731A4031
:101680008282704721B1828A42F00802828204E09D
:10169000828A4FF6F7731A408282704721B182899D
:1016A00042F40042828103E08289C2F30E02828109
:1016B000704721B1828A42F40062828204E0828A09
:1016C0004FF2FF731A4082827047828A4FF6FB7393
:1016D0001A408282828A0A438282704721B1828ABA
:1016E00042F00202828204E0828A4FF6FD731A40C1
:1016F0008282704702460020B1F5007F00D100BF12
:1017000013880B4201D0012000E00020704701F453
:101710000072B2F5007F00D100BFCA43028070475B
:1017200070B502460024002300250020A1F51066B4
:101730006A3E00D100BFC1F3421501F01F0301262C
:1017400006FA03F3012D02D19689334006E0022DFB
:1017500002D1168A334001E0968A33400C120126EA
:1017600006FA04F41688344013B10CB1012000E0ED
:10177000002070BD10B500220023A1F510646A3C62
:1017800000D100BF0A1201249440A3B2DC430480BC
:1017900010BD0000003801400044004000480040F7
:1017A000004C00400050004031490143314A116073
:1017B000704770B5002100230F22C4780CB32D4C64
:1017C000246804F4E064C4F5E064210AC1F1040370
:1017D000CA40447804FA03F1847814402143090193
:1017E000254C0678A155047804F01F050124AC406F
:1017F00005786D114FF0E02606EB8505C5F8004130
:1018000009E0047804F01F050124AC401B4D067864
:10181000761145F8264070BD194A0A400243154B1F
:101820001B1F1A60704739B1124A121D1268024319
:10183000104B1B1D1A6006E00E4A121D12688243EF
:101840000C4B1B1D1A607047042808D14FF0E02193
:10185000096941F004014FF0E022116107E04FF007
:10186000E021096921F004014FF0E0221161704785
:101870000000FA050CED00E000E400E080E100E08B
:1018800080FFFF1F10B50446FE48844208D10121A5
:10189000C014FFF747FD0021E014FFF743FDC4E04B
:1018A000B4F1804F08D101210846FFF748FD00211F
:1018B0000120FFF744FDB8E0F348844208D101213C
:1018C0000220FFF73CFD00210220FFF738FDACE0CD
:1018D000EE48844208D101210420FFF730FD0021A9
:1018E0000420FFF72CFDA0E0E948844208D1012143
:1018F0000820FFF724FD00210820FFF720FD94E0D9
:10190000E448844208D101211020FFF718FD00218E
:101910001020FFF714FD88E0DF48844208D1012140
:101920002020FFF70CFD00212020FFF708FD7CE0C0
:10193000DA48844208D101214014FFF7F3FC00216A
:101940006014FFF7EFFC70E0D548844209D1012113
:10195000C804FFF7E7FC00214FF40020FFF7E2FC8A
:1019600063E0D048844209D101210805FFF7DAFC81
:1019700000214FF48010FFF7D5FC56E0CA4884429E
:1019800009D101214805FFF7CDFC00214FF40010DB
:10199000FFF7C8FC49E0C548844208D10121402036
:1019A000FFF7CDFC00214020FFF7C9FC3DE0C04817
:1019B000844208D101218020FFF7C1FC0021802052
:1019C000FFF7BDFC31E0BB48844208D101218015FE
:1019D000FFF7B5FC0021A015FFF7B1FC25E0B648E4
:1019E000844209D101210804FFF79CFC00214FF437
:1019F0008030FFF797FC18E0B048844209D10121FC
:101A00004804FFF78FFC00214FF40030FFF78AFCF9
:101A10000BE0AB48844208D101218804FFF782FC27
:101A200000214FF48020FFF77DFC10BD00220288CA
:101A3000944B98420ED0994B98420BD0B0F1804F06
:101A400008D0914B984205D0904B984202D0904BD1
:101A5000984204D14FF68F731A404B881A438D4B2E
:101A6000984207D08C4B984204D04FF6FF431A405F
:101A7000CB881A4302808B8883850B880385814B32
:101A800098420BD0854B984208D08B4B984205D09A
:101A90008A4B984202D08A4B984201D10B7A038636
:101AA00001238382704770B5002400220023058C37
:101AB0004FF6FE7635400584028C8388048B4FF602
:101AC0008F752C40B51E2C400D882C43751E2A4066
:101AD0000D892A434D882A436A4DA8420BD06F4D89
:101AE000A84208D0744DA84205D0744DA84202D037
:101AF000734DA84213D14FF6F7752A404D892A43FA
:101B00004FF6FB752A408D882A434FF6FF652B4020
:101B10004FF6FF552B408D892B43CD892B43838076
:101B20000483CD888586028470BD70B500240022B0
:101B30000023058C4FF6EF7635400584028C8388B0
:101B4000048B48F6FF752C404FF6FF452C400D885E
:101B50004FF6FF7606EA05252C434FF6DF752A403F
:101B60000D8906EA05152A434D8806EA05152A431C
:101B7000444DA84202D0494DA8421DD14FF67F7571
:101B80002A404D894FF6FF7606EA05152A434FF69F
:101B9000BF752A408D8806EA05152A434FF6FF35A2
:101BA0002B404FF2FF752B408D8906EA85052B43AC
:101BB000CD8906EA85052B4383800483CD8805877C
:101BC000028470BD70B5002400220023058C4FF6FE
:101BD000FF6635400584028C8388848B4FF68F75B1
:101BE0002C404FF6FC752C400D882C434FF6FF55CA
:101BF0002A400D894FF6FF7606EA05252A434D88CF
:101C000006EA05252A431F4DA84202D0234DA842CB
:101C10001DD14FF2FF752A404D894FF6FF7606EA37
:101C200005252A434FF6FF352A408D8806EA05250B
:101C30002A434EF6FF752B404DF6FF752B408D89DC
:101C400006EA05152B43CD8906EA05152B4383804B
:101C50008483CD888587028470BD70B500220023FF
:101C60000024058C4EF6FF7635400584038C84886D
:101C7000828B48F6FF752A404FF6FF452A400D88B3
:101C800020E00000002C014000040040000800405B
:101C9000000C0040001000400014004000340140DF
:101CA000004C014000500140005401400018004029
:101CB000001C004000200040004001400044014062
:101CC000004801404FF6FF7606EA05252A434DF607
:101CD000FF752B400D8906EA05352B434D8806EA32
:101CE00005352B43FA4DA84202D0FA4DA84208D13F
:101CF0004BF6FF752C408D894FF6FF7606EA851569
:101D00002C4384808283CD88A0F84050038470BD2A
:101D1000828B4FF2FF331A408283828B4FF6FF7320
:101D200003EA01231A4382837047F0B50C46154637
:101D3000002200210026078C4EF6FF7C07EA0C07E4
:101D40000784828B018C4FF6FF7707EA043640F652
:101D5000FF473A404FF6FF7707EA05273A434FF629
:101D6000FF7707EA03373A43D94FB8420ED0D94F2D
:101D7000B8420BD0B0F1804F08D0D74FB84205D051
:101D8000D64FB84202D0D64FB84206D14DF6FF77B3
:101D9000394046F48057394305E047F6FF5739404C
:101DA00044F48057394382830184F0BD828B4FF61F
:101DB000F3731A408283828B0A4382837047F0B5A3
:101DC0000C461546002200210026078C4FF6FF6CBA
:101DD00007EA0C070784828B018C4FF6FF7707EA2E
:101DE00004264FF60C773A404FF6FF7707EA0317C1
:101DF0002F433A43B64FB8420ED0B64FB8420BD03D
:101E0000B0F1804F08D0B44FB84205D0B34FB842BC
:101E100002D0B34FB84206D14FF6FF57394046F4CF
:101E20008077394305E04FF2FF57394044F480771B
:101E3000394382830184F0BD028B4FF2FF331A4095
:101E40000283028B4FF6FF7303EA01231A430283D6
:101E50007047F0B50C461546002200210026078C7D
:101E60004FF6EF7C07EA0C070784028B018C4FF6D4
:101E7000FF7707EA041640F6FF473A404FF6FF7730
:101E800007EA03373A434FF6FF7707EA05273A4355
:101E90008F4FB8420ED08F4FB8420BD0B0F1804F69
:101EA00008D08D4FB84205D08C4FB84202D08C4F2D
:101EB000B84206D14FF6DF77394046F01007394374
:101EC00005E04FF65F77394044F01007394302834D
:101ED0000184F0BD028B4FF6F3731A400283028B2C
:101EE0000A4302837047F0B50C46154600220021D4
:101EF000068C4FF6FE773E400684028B018C4FF62F
:101F00000C7632407E1C06EA03162E433243704E96
:101F1000B0420ED06F4EB0420BD0B0F1804F08D01F
:101F20006D4EB04205D06D4EB04202D06C4EB04204
:101F300006D14FF6FD76314044F00106314305E00D
:101F40004FF6F576314044F00106314302830184B7
:101F5000F0BD70B505460C465D4885420ED05D4823
:101F600085420BD0B5F1804F08D05B48854205D043
:101F70005A48854202D05A48854200D100E000BF4D
:101F8000208850B92389A28861882846FFF7ABFFD3
:101F9000E1882846FFF79EFF25E0208804280AD123
:101FA0002389A28861882846FFF753FFE1882846E5
:101FB000FFF742FF17E0208808280AD12389A2886A
:101FC00061882846FFF7FBFEE1882846FFF7EEFE12
:101FD00009E02389A28861882846FFF7A6FEE188E8
:101FE0002846FFF795FE70BD2DE9F04105460C46E9
:101FF00000260127608808B9022600E00026A08894
:10200000012801D1022700E001272088A0B92389F7
:10201000A28861882846FFF766FFE1882846FFF717
:1020200059FF23893A4631462846FFF712FFE188D7
:102030002846FFF701FF13E02389A288618828461C
:10204000FFF707FFE1882846FFF7F6FE23893A46A7
:1020500031462846FFF747FFE1882846FFF73AFF59
:10206000BDE8F0810A884B881A438B881A43CB88D5
:102070001A430B891A434B891A438B891A43A0F8D8
:10208000442070474FF6FF71818000210180C1809C
:102090004180017270470021018041808180C180B0
:1020A000018141818181C18170470021018041808E
:1020B000012181800021C1800181704700210180C0
:1020C00041808180C1800181418181817047000010
:1020D000002C014000340140000400400008004092
:1020E000000C004021B1028842F00102028004E0AD
:1020F00002884FF6FE731A400280704731B1B0F883
:10210000442042F40042A0F8442005E0B0F8442006
:10211000C2F30E02A0F8442070471AB183890B4322
:10212000838102E083898B4383817047818270477A
:1021300041EA0203A0F8483070471AB183890B4383
:10214000838102E083898B438381704701894FF645
:10215000F8721140018170470A46002101894FF64B
:102160008F73194011430181704730B504460D4605
:1021700029462046FFF7F0FF208940F00700208124
:1021800030BD2DE9F04104460D4616461F46602D30
:1021900006D13B46012231462046FFF75AFE05E0B4
:1021A0003B46012231462046FFF79DFE2946204648
:1021B000FFF7D2FF208940F007002081BDE8F081C1
:1021C00030B50C4600210189C9B24FF6FF7505EA0A
:1021D0000325154325432943018130BD2DE9F041F5
:1021E00005460E4617469846002443463A46314671
:1021F0002846FFF7E5FF2C894FF6F870044044F0BD
:1022000007044FF68F70044044F070042C81BDE841
:10221000F081F0B504460D4616461F463B46324651
:1022200029462046FFF7CCFF208940F480402081DA
:10223000F0BD0185828270470A46002101884FF671
:102240008F731940114301807047F0B50C46154655
:102250001E460021002200230189028B038C4FF6C9
:10226000F877394021434FF6FC473A4040F20117D6
:102270003A434FF6DD773B404FF6FF7707EA061704
:102280002F433B43018102830384F0BD0A460021B2
:10229000018B4FF68F7319401143018370470A4633
:1022A0000021018B48F6FF7319404FF6FF7303EAD4
:1022B00002231943018370470A460021818B4FF6A0
:1022C0008F7319401143818370470A460021818B27
:1022D00048F6FF7319404FF6FF7303EA02231943D0
:1022E0008183704721B1028842F08002028004E0BD
:1022F00002884FF67F731A400280704721B18288AE
:1023000042F00402828004E082884FF6FB731A4098
:102310008280704721B1828842F00802828004E006
:1023200082884FF6F7731A408280704721B1828805
:1023300042F00102828004E082884FF6FE731A4068
:10234000828070470A460021018B4FF6F7731940CF
:102350001143018370470A460021018B4FF2FF733E
:1023600019404FF6FF7303EA0223194301837047B4
:102370000A460021818B4FF6F77319401143818380
:1023800070470A460021818B4FF2FF7319404FF6C8
:10239000FF7303EA02231943818370470A46002131
:1023A000018B4FF6FB7319401143018370470A46B6
:1023B0000021018B4FF6FF3319404FF6FF7303EAFC
:1023C00002231943018370470A460021818B4FF68F
:1023D000FB7319401143818370470A460021818BAA
:1023E0004FF6FF3319404FF6FF7303EA02231943F8
:1023F000818370470A460021018B4FF67F73194095
:102400001143018370470A460021018BC1F30E017D
:102410004FF6FF7303EA02231943018370470A460C
:102420000021818B4FF67F731940114381837047E0
:102430000A460021818BC1F30E014FF6FF7303EAB8
:1024400002231943818370470A460021018C4FF60D
:10245000FD7319401143018470470A460021018C25
:102460004FF6F77319401143018470470A46002163
:10247000018C4FF6DF7319404FF6FF7303EA021326
:102480001943018470470A460021018C4FF67F737F
:1024900019404FF6FF7303EA021319430184704792
:1024A0000A460021018C4FF6FF5319404FF6FF7387
:1024B00003EA02231943018470470A460021018C74
:1024C0004FF2FF7319404FF6FF7303EA02231943DB
:1024D000018470470A460021018C4DF6FF731940B4
:1024E0004FF6FF7303EA023319430184704730B596
:1024F000002301248C40A3B2048C9C430484048CEC
:1025000002FA01F5ADB22C43048430BD30B500238E
:1025100004248C40A3B2048C9C430484048C02FAEF
:1025200001F5ADB22C43048430BD70B503460020E4
:1025300000241846183001258D40ACB21D8CA543EF
:102540001D8409B1082909D100EB6100056825F057
:10255000700505600568154305600EE00D1FC5F3A5
:102560004E052844056825F4E045056005684FF6EA
:10257000FF7606EA02263543056070BD21B1028868
:1025800042F00202028004E002884FF6FD731A4016
:102590000280704721B1028842F00402028004E008
:1025A00002884FF6FB731A400280704721B182887F
:1025B00042F08002828004E082884FF67F731A40E6
:1025C0008280704702884FF6F7731A4002800288B3
:1025D0000A430280704782884FF68F731A408280C8
:1025E00082880A438280704702894FF6F8731A4046
:1025F000028102890A430281704702894FF67F7384
:102600001A40028102890A4302817047818470471F
:102610008185704781867047018770478187704741
:10262000A0F84010704702884FF6FF431A4002801E
:1026300002880A43028070470146888E704701462F
:10264000088F70470146888F70470146B1F84000F7
:1026500070470146888C70470146088D70470246D6
:102660000020138A0B4201D0012000E000207047B7
:10267000CA430282704730B502460020002300247E
:10268000158A05EA0103958905EA010413B10CB125
:10269000012000E0002030BDCA43028270470000E4
:1026A00008480047FEE7FEE7FEE7FEE7FEE7FEE735
:1026B000FEE7FEE7FEE7FEE703480449044A054B50
:1026C00070470000510100087810002078160020A3
:1026D00078120020781200200020411EFE4A11606E
:1026E0006FF07042FD49C1F884204FF0FF314FF088
:1026F000E022C2F880126FF07042F9490A6000BF10
:1027000003E00022F7490A54401C3C28F9D37047E3
:1027100010B5FEF7C5FB4FF48030FEF7E8FBFEF77F
:1027200025FCF14908700846007801282AD10020CC
:10273000FEF790FC0020FEF79FFC4FF48060FEF750
:1027400092FC4FF40040FEF7B1FC1020FDF776FD3F
:102750000220FDF75FFD4FF4E0114FF48030FEF7EB
:102760002FFC0120FEF738FC00BF3920FEF7E2FB0A
:102770000028FAD00220FEF75FFC00BFFEF765FCE0
:102780000828FBD101217C20FEF7A5FD012188034B
:10279000FEF7A1FD01214FF4F010FEF7A9FD012184
:1027A0000846FEF798FD01214806FEF7A1FD01212C
:1027B0000846FEF79DFD01210420FEF799FD10BD9E
:1027C00008B5FFF789FF00214FF00060FFF724F8FC
:1027D0004FF4A060FEF7E8FF25208DF800000220EE
:1027E0008DF8010000208DF8020001208DF8030013
:1027F0006846FEF7DEFF26208DF8000002208DF8E7
:10280000010001208DF802008DF803006846FEF7F4
:10281000D0FF27208DF8000002208DF801008DF8F0
:10282000020001208DF803006846FEF7C2FF342045
:102830008DF8000002208DF801008DF802000120C3
:102840008DF803006846FEF7B4FF35208DF80000D0
:1028500002208DF801008DF8020001208DF80300A0
:102860006846FEF7A6FF1E208DF8000002208DF8B6
:10287000010003208DF8020001208DF80300684656
:10288000FEF797FF4FF4E060FEF78EFF1C208DF8F7
:10289000000000208DF8020001208DF8030068463A
:1028A000FEF787FF08BD0EB54FF08040FEF7EAFF48
:1028B00042F21070ADF8040040F2CF20ADF80000F5
:1028C0000020ADF8020069464FF08040FFF7AEF8F7
:1028D000012211469007FFF720FC01218807FFF72E
:1028E00001FC0EBD1FB5044600218048FEF727FEFF
:1028F00000940020ADF80400ADF80600ADF8080023
:10290000ADF80C000C20ADF80A0069467748FEF7D8
:102910008AFD01217548FEF712FE012240F2255181
:102920007248FEF718FE012240F226616F48FEF75A
:1029300012FE1FBD70B542F22831B1F1807F00D385
:102940001DE021F07F40401E4FF0E0225061501703
:102950000F22002807DA13071D0E654B00F00F0445
:10296000241F1D5503E013071C0E5E4B1C5400BFB3
:1029700000204FF0E02290610720106100BF6FF04F
:102980000400FEF761FF70BD08B54FF48060ADF83C
:10299000000004208DF8030003208DF80200694632
:1029A0005448FDF777FF4FF40070ADF80000182091
:1029B0008DF8030003208DF8020069464D48FDF7AD
:1029C00069FF01214804FEF793FC0420ADF80000E4
:1029D00018208DF8030003208DF802006946454851
:1029E000FDF758FF0820ADF8000004208DF8030023
:1029F00003208DF8020069463E48FDF74BFF4FF477
:102A00000060ADF8000004208DF8030003208DF86D
:102A1000020069463848FDF73DFF4FF48060ADF88D
:102A2000000018208DF8030003208DF8020069468D
:102A30003148FDF72FFF0420ADF800008DF80300AA
:102A400003208DF8020069462C48FDF723FF4FF460
:102A50008050ADF8000018208DF8030003208DF899
:102A6000020069462448FDF715FF08BD08B5214856
:102A7000FDF7B0FE2248FDF7ADFE1F48FDF7AAFEA8
:102A80001E48FDF7A7FE1F48FDF7A4FE01211E48C2
:102A9000FDF7CFFFC020ADF8000014208DF8030033
:102AA00003208DF8020069461548FDF7F3FE01206A
:102AB000ADF8000010208DF8030003208DF802000F
:102AC00069460C48FDF7E6FE01210A48FDF78FFF35
:102AD0004FF400501AE0000080E100E000E100E067
:102AE00084E200E000E400E018000020004C004018
:102AF00018ED00E000080140001001400014014002
:102B0000000C01400018014000023000ADF8000048
:102B100004208DF8030003208DF8020069465A480E
:102B2000FDF7B8FEC020ADF8000010208DF80300BE
:102B300003208DF8020069465448FDF7ABFE4021A2
:102B40005248FDF754FF80215048FDF750FF4FF4E5
:102B50008070ADF8000010208DF8030003208DF880
:102B6000020069464948FDF795FE4FF48050ADF8E4
:102B7000000010208DF8030003208DF80200694644
:102B80004148FDF787FE44F22020ADF800001020F8
:102B90008DF8030003208DF8020069463A48FDF7DE
:102BA00079FE4FF400713848FDF721FF20213648A7
:102BB000FDF71DFF4FF480413348FDF716FFC0209D
:102BC000ADF8000010208DF8030003208DF80200FE
:102BD00069462F48FDF75EFE40212D48FDF707FFAF
:102BE00080212B48FDF703FF1820ADF800000420DA
:102BF0008DF8030003208DF8020069462248FDF796
:102C000049FE4FF40040ADF8000004208DF80300A9
:102C100003208DF8020069461C48FDF73BFE08BD05
:102C2000014600201B4A12688A4201DD012200E0B1
:102C300000221046704701460A460AB90120704733
:102C4000144800680844FAE770B504460026206876
:102C500011490840B0F1005F04D12068FDF7CFFAB8
:102C60006568A847FDF7D4FA304670BD10B5FDF78A
:102C7000CDFAFFF74DFDFFF7F9FEFFF785FEFFF7F1
:102C800059FEFFF79DFD10BD000C014000080140FA
:102C900000100140140000200000FE2F10B5024675
:102CA000002003E032F8024B231898B20B00A1F188
:102CB0000104A1B2F6D110BD70B50246002414463D
:102CC0000023002011E014F8015B684000230AE0B3
:102CD00010F0010F04D04AF2010585EA600000E01F
:102CE00040105D1CABB2082BF2DB0D00A1F101011D
:102CF000E9D170BD70B504460D46164672082B46E4
:102D00002146A02001F09AFA70BD024600210DE094
:102D100001EB8100F74B13F82000904204D101EB46
:102D2000810003EB80007047481CC1B20029EFD03E
:102D30000020F8E770B54A260020FFF7E6FF0446BA
:102D400004B970BD002524E0A18888B24A22EA496E
:102D5000FFF7D0FF2421E848801CFFF79FFFE649DA
:102D60000988884200D1ECE7A188A26801EB5201F2
:102D700088B24A22E049FFF7BDFF2421DE48801CCB
:102D8000FFF78CFFDC490988884200D1D9E7681C2D
:102D9000C5B2032DD8DB00BFD3E72DE9F047ADF571
:102DA000806D8046894615461C46DDF820A42DB965
:102DB0004FF0FF300DF5806DBDE8F08704F108009D
:102DC000B0F5806F02D94FF0FF30F3E7BAF1000F92
:102DD00009D1CA4800788DF80500C8480078401C21
:102DE000C649087001E08DF805A0FA208DF80000B2
:102DF00003208DF80100ADF802808DF80490ADF845
:102E0000064004F1080086B22246294602A801F0D5
:102E10007BFA31466846FFF74FFF074602A8075581
:102E20003A0A611C4254B01C86B2324669460320FD
:102E300000F02DFE0020BDE7F8B505460E4614460D
:102E40004FF48071AE4801F0ACFAAE480068FFF76D
:102E5000E7FE60B32022A8490A31A94801F054FADC
:102E6000A5488088F22803D0A3488088F52804D19B
:102E7000FF20A34981F8200004E09F480079A04981
:102E800081F8200010229C492A319D48233001F00E
:102E90003BFAE0B27D239A4A022100900020FFF71E
:102EA0007CFF41F28830FFF7C6FE96490860F8BD06
:102EB00038B504464FF48071914801F072FA924897
:102EC0000068FFF7ADFEA8B100208D490870022010
:102ED0004870887000200E230A4603210090FFF7F7
:102EE0005CFF41F28830FFF7A6FE874908600220A8
:102EF0008649087038BD10B58448007820B1012893
:102F000008D002280BD109E0002211461046FFF735
:102F100093FF05E00020FFF7CBFF01E000E000BFDA
:102F200000BF10BD10B502460B460020002103E093
:102F3000545C60404C1CA1B29942F9DB10BD7FB5D6
:102F4000054600200090019002900390002400901C
:102F50000190029003906E480078062802DD002060
:102F60006B4908706A480078032853DA684800788B
:102F700000284FDB67480068FFF752FE012849D15F
:102F800002222046611CCCB20DF80020002220460F
:102F9000611CCCB20DF8002008222046611CCCB286
:102FA0000DF8002034222046611CCCB20DF8002020
:102FB00037222146601CC4B20DF8012001222046B0
:102FC000611CCCB20DF800202046611CCCB20DF87B
:102FD00000202046611CCCB20DF80050E01CC4B2A9
:102FE00003222046611CCCB20DF800202146684621
:102FF000FFF798FF2146621CD4B20DF8010022466B
:103000006946002000F043FD4FF4FA70FFF713FE0D
:10301000404908607FBDFEB504460D4616461F4672
:10302000ADF80440ADF80650ADF80860062301AADB
:103030000B2100200097FFF7B0FE0120FEBD2DE917
:10304000F05F04464FF001092079AB2851D104F11B
:10305000080595F80080AF7994F805A0B8F1000F45
:1030600077D1062F76D2DFE807F08F0609318C037F
:103070004FF00009A0E04FF000099DE0FDF7E9F8EE
:103080003520FDF781FB0026FDF7C0F86F2611E023
:1030900021490A1402FB0610FDF720F91F490870A8
:1030A00008460078042802D10120087000E003E0FF
:1030B000701E06B2002EEBDA00BFFDF7A9F8002E55
:1030C00001DA4FF00009FDF7D0F875E0FDF7C1F81F
:1030D0000026B3466E88A88840EA06460E48864217
:1030E00002D30F4886421DD9FDF7BFF84FF0000903
:1030F00062E069E01C000020800A002048000020F7
:10310000800000203C00002040000020340000200F
:1031100035000020440000200080000851000020FD
:10312000FFFF0308FDF772F84FF0000B18E005F100
:103130000A0000EB4B0001883046FDF7CDF9FE494F
:10314000087008460078042805D1B61C01200870D4
:1031500002E038E02FE006E00BF101001FFA80FBEF
:1031600028895845E3DC00BFFDF752F82889584507
:1031700001DC4FF000090F20FDF79DF8FDF775F811
:103180001AE04FF0000917E04FF47A70FFF753FD93
:10319000064600BF3046FFF743FD0028FAD000BFC7
:1031A000E648006800F4E060E5490843001DE34993
:1031B000086000BF00E000BF00BF53464A463946E2
:1031C0004046FFF728FF11E02079AA2808D104F132
:1031D00008004178122902D10022DA4B1A7005E06A
:1031E0002079A22802D10120D64908700120BDE82B
:1031F000F09FF8B505460E460024002700200090F9
:1032000000BF74E0295DD048B0F80024B0F8000495
:10321000401C83B2CC48A0F80034815490F80204DA
:1032200020BBC9480078FA2804D00021C648A0F87D
:1032300000145AE0C448B0F80004022816DBC24863
:103240004078032804D00021BF48A0F800144CE0C7
:103250000121BD4880F802140021A0F8041441F2B5
:103260008830FFF7E8FCB94908603EE0B648B0F89E
:103270000004B0F5806F06DB0021B348A0F800140D
:1032800080F8021431E0B048B0F80004082804D1F6
:10329000AD48C188A0F8041427E0AB48B0F800148A
:1032A000B0F804040A3081421ED3A748B0F80004E5
:1032B000811EA548FFF700FD0746A348B0F80004AB
:1032C000A149084430F8020C0090BDF80000874284
:1032D00004D10846B0F80014FFF7B1FE00219A4867
:1032E000A0F8001480F8021400BF601C84B2B4423D
:1032F00088DBF8BD10B5C0B04FF48071684601F0AE
:1033000072F84FF480726946032000F063FC0446B3
:103310001CB1A1B26846FFF76CFF8B4890F802041D
:1033200060B18A480068FFF77BFC38B1002186480D
:10333000A0F80014A0F8041480F8021440B010BDE6
:1033400000B58DB04FF4E13009900020ADF82800B1
:10335000ADF82A00ADF82C00ADF82E000C20ADF829
:1033600030007B4808904FF48070079079480690B1
:103370004FF4006005900146764801F012F84FF4D2
:103380008071734801F00DF8DDE90501CDE9030115
:10339000DDE90701CDE901010C980090032009A99E
:1033A0000EC900F0B9FC08B90DB000BD00BFFBE7C5
:1033B00000B58DB04FF4E13009900020ADF8280041
:1033C000ADF82A00ADF82C00ADF82E000C20ADF8B9
:1033D00030006148089080200790604806904020A7
:1033E0000590DDE90501CDE90301DDE90701CDE93E
:1033F00001010C980090002009A90EC900F08CFC76
:1034000008B90DB000BD00BFFBE700B58DB04FF4AB
:10341000E13009900020ADF82800ADF82A00ADF8A1
:103420002C00ADF82E000C20ADF830004A48089072
:10343000802007904948069040200590DDE905016D
:10344000CDE90301DDE90701CDE901010C98009008
:10345000042009A90EC900F05FFC08B90DB000BD39
:1034600000BFFBE710B53E480068401C3C490860BF
:103470000846006842F6041188420ADB39480078A1
:1034800008B9012000E000203649087000203449C6
:10349000086034480078C0B133488088172803D0CA
:1034A0003148808818280AD14FF480512F48FDF701
:1034B0009EFA4FF480712E48FDF799FA1DE04FF403
:1034C00080712B48FDF791FA17E02748808817286C
:1034D00003D02548808818280AD14FF4805123480A
:1034E000FDF785FA4FF480712148FDF77EFA04E07C
:1034F0004FF480711E48FDF77AFA10BDFFF7B6FB56
:10350000FFF71EFFFFF754FFFFF77FFFFCF7A1FE59
:1035100000F0D0FCFFF70EFC164800680088FCF7AE
:1035200077FE154800784F282DD11348401C0078AD
:103530004B2828D122E00000510000200CED00E0D3
:103540000000FA0534000020CA0A002038000020DC
:103550008001002080020020100F0020D00E0020EB
:103560004C00002050000020800A0020000C014088
:103570000008014030000020FCFF0308FCF746FE75
:103580000C48FFF761FB00200B4909680880FCF735
:103590003FFE00231A4605211846FFF73CFD08E0D0
:1035A000FFF760FF0A20FFF7CAFCFFF7A4FCFFF754
:1035B000A1FEF5E7008000083000002010B50246AB
:1035C0000A2A01DB002010BD02EB4200F54B13F884
:1035D000200008B90020F6E702EB4200F14B03EBB4
:1035E0008000C08808B90020EDE702EB4200ED4BF7
:1035F00003EB8000806802EB4203EA4C04EB830398
:103600009B88C15402EB4200234603EB8000808874
:10361000401C02EB420304EB8303988002EB420060
:10362000234603EB8000808802EB420304EB830314
:10363000DB88984205DB002002EB420304EB8303A6
:1036400098800120BFE7F0B503460C460A2B01DB4A
:103650000020F0BD03EB4300D24D15F8200008B95F
:103660000020F6E703EB4300CE4D05EB8000C08859
:1036700008B90020EDE704B10AB90020E9E700210C
:103680002FE0605C03EB4305C64E06EB8505AD6895
:1036900003EB4306C34F07EB8606B688A85503EB3A
:1036A00043003D4605EB80008088401C03EB43054A
:1036B0003E4606EB8505A88003EB4300354605EB47
:1036C0008000808803EB430506EB8505ED88A84262
:1036D00005DB002003EB430506EB8505A880481CAD
:1036E00081B29142CDDB0120B3E710B502460A2A30
:1036F00001DB002010BD02EB4200AA4B13F82000B2
:1037000008B90020F6E702EB4200A64B03EB80006D
:10371000C08808B90020EDE702EB4200A14B03EBA3
:103720008000408802EB42039E4C04EB83039B889D
:10373000984201D10020DDE702EB4200994B03EBF8
:103740008000806802EB4203964C04EB83035B88A5
:10375000C05C087002EB4200234603EB8000408807
:10376000401C02EB420304EB8303588002EB42004F
:10377000234603EB8000408802EB420304EB830303
:10378000DB88984205DB002002EB420304EB830355
:1037900058800120AEE7F0B503460D460A2B01DB49
:1037A0000020F0BD03EB43007E4E16F8200008B960
:1037B0000020F6E703EB43007A4E06EB8000C0885A
:1037C00008B90020EDE70DB90020EAE73AB103EBB4
:1037D0004300744E06EB8000C088904206DA03EB8B
:1037E0004300704E06EB8000C48800E014460021C0
:1037F0003EE003EB43006B4E06EB8000408803EB9A
:103800004306684F07EB8606B688B04201D10846EA
:10381000C7E703EB4300634E06EB8000806803EBD1
:103820004306604F07EB86067688805D685403EB9D
:1038300043003E4606EB80004088401C03EB4306F5
:1038400007EB8606708003EB43003E4606EB8000E4
:10385000408803EB430607EB8606F688B04205DB9B
:10386000002003EB430607EB86067080481C81B2FC
:10387000A142BEDB204694E710B504460A2C01DBCA
:10388000002010BD04EB4400464911F8200008B99F
:103890000020F6E704EB4400424901EB8000C088B9
:1038A00008B90120EDE7002004EB44013D4A02EB9A
:1038B0008101488004EB440102EB8101888004EB24
:1038C0004402384B03EB8202D18804EB440203EB41
:1038D00082029068302200F05CFD0120D1E70146B1
:1038E0000A2901DB0020704701EB41002D4A12F844
:1038F000200008B90020F6E701EB4100294A02EB5D
:103900008000C08808B90120EDE7002001EB4102EA
:10391000244B03EB8202508001EB410203EB820255
:10392000908001EB410203EB8202D08001EB410267
:1039300003F8220001EB410203EB820290600120B8
:10394000D1E707B503460A2B01DB00200EBD03EBD0
:103950004300144911F82000012800D1F6E702982D
:1039600008B90020F2E703EB43010E4A02EB8101A4
:1039700002988860002003EB430102EB810148803C
:1039800003EB430102EB8101888003EB430102EB6F
:1039900081010198C880012003EB430102F8210056
:1039A00000BFD3E7900F002070B504460E46052CEB
:1039B00004DA04EB4400FC49085C30B9002004EB55
:1039C0004401F94A1144487070BD0CB9002511E05A
:1039D000012C01D102250DE0022C01D1042509E0C2
:1039E000032C01D1062505E0042C01D1082501E0B6
:1039F0000020E9E731462846FFF777FE30B900207E
:103A000004EB4401E84A11444870DDE70120DBE79C
:103A1000F8B504460E46052C04DA04EB4400E249EE
:103A2000085C08B90020F8BD0CB9002511E0012C94
:103A300001D102250DE0022C01D1042509E0032C5F
:103A400001D1062505E0042C01D1082501E0002064
:103A5000E9E731462846FFF7B1FD04EB4400D249BF
:103A60000844407888B9012004EB4401CE4A11444F
:103A7000487069462046FFF797FF9DF80010CB4A33
:103A800002EBC4025068FDF7C7FD0120CBE7F8B593
:103A900004460E461746052C06DA04EB4400C249DC
:103AA000085C08B107B10EB90020F8BD0CB90025BB
:103AB00011E0012C01D102250DE0022C01D10425D9
:103AC00009E0032C01D1062505E0042C01D10825CD
:103AD00001E00020E9E73A4631462846FFF7B3FD0A
:103AE00004EB4400B0490844407888B9012004EB55
:103AF0004401AD4A1144487069462046FFF754FF1F
:103B00009DF80010A94A02EBC4025068FDF784FD3D
:103B10000120CAE770B504460D46052C04DA04EB13
:103B20004400A149085C00B970BD24B929460120B0
:103B3000FFF744FD1CE0012C04D129460320FFF7C8
:103B40003DFD15E0022C04D129460520FFF736FD86
:103B50000EE0032C04D129460720FFF72FFD07E0D4
:103B6000042C04D129460920FFF728FD00E0DBE7FB
:103B700000BFD9E770B504460D46052C04DA04EB06
:103B800044008949085C08B9002070BD24B9294661
:103B90000120FFF7AAFDF8E7012C04D129460320F4
:103BA000FFF7A3FDF1E7022C04D129460520FFF71A
:103BB0009CFDEAE7032C04D129460720FFF795FD79
:103BC000E3E7042C04D129460920FFF78EFDDCE74A
:103BD0000020DAE72DE9F04104460E461746052C91
:103BE00005DA04EB44007049085C00B116B9002006
:103BF000BDE8F0810CB9012511E0012C01D10325AC
:103C00000DE0022C01D1052509E0032C01D1072587
:103C100005E0042C01D1092501E00020E8E73A463F
:103C200031462846FFF7B7FDE2E710B50446052CFC
:103C300004DA04EB44005C49085C08B9002010BDBC
:103C400034B90020FFF718FE0120FFF715FE25E02C
:103C5000012C06D10220FFF70FFE0320FFF70CFE18
:103C60001CE0022C06D10420FFF706FE0520FFF71A
:103C700003FE13E0032C06D10620FFF7FDFD07200D
:103C8000FFF7FAFD0AE0042C06D10820FFF7F4FD47
:103C90000920FFF7F1FD01E00020D0E70120CEE789
:103CA0000FB41FB5044607980090BDF82000ADF88A
:103CB0000400BDF82200ADF80600BDF82400ADF800
:103CC0000800BDF82600ADF80C00BDF82800ADF8DE
:103CD0000A00364901EBC40148686946FDF7A3FBB9
:103CE000324901EBC40148680121FDF728FC2F4946
:103CF00001EBC4010122486840F22661FDF72BFC6C
:103D00002A4901EBC4010122486840F22551FDF720
:103D100022FC1FBC5DF814FB0FB4F8B50446052C5B
:103D200003DB0020F8BC5DF814FB04EB44001E49E3
:103D3000085C012800D1F5E714B90025012615E03B
:103D4000012C02D10225032610E0022C02D1042509
:103D500005260BE0032C02D10625072606E0042CDD
:103D600002D10825092601E00020DBE72846DDE92D
:103D70000B12FFF7E6FD3046DDE90D12FFF7E1FD1E
:103D80000A980090204607A90EC9FFF789FF002076
:103D900004EB4401044A11444870012004EB44013F
:103DA000505400BFBEE7000008100020540000205F
:103DB00010B50446052C01DB002010BD04EB4400C7
:103DC0002949085C08B90020F7E7284901EBC4013C
:103DD00048680021FDF7B3FB244901EBC401002230
:103DE000486840F22661FDF7B6FB204901EBC401AB
:103DF0000022486840F22551FDF7ADFB34B90020A0
:103E0000FFF76DFD0120FFF76AFD25E0012C06D1CB
:103E10000220FFF764FD0320FFF761FD1CE0022C88
:103E200006D10420FFF75BFD0520FFF758FD13E0E6
:103E3000032C06D10620FFF752FD0720FFF74FFDA8
:103E40000AE0042C06D10820FFF749FD0920FFF7FE
:103E500046FD01E00020B0E7002004EB4401024AE7
:103E600050540120A9E70000081000205400002051
:103E700001B502E00098401E009000980028F9D19A
:103E800008BD01B505E00098401E00900A20FFF72C
:103E9000EFFF00980028F6D108BD01B506E00098B4
:103EA000401E009043F69820FFF7E2FF009800289C
:103EB000F5D108BD0420FE490870704700B5022006
:103EC000FFF7DFFF00BFFB48006840F08000F949C2
:103ED000086000BF00BF0846006840F0400008606E
:103EE00000BF0220FFF7CDFF00BFF248001D0068B1
:103EF00040F08000EF49091D086000BF0220FFF775
:103F0000C0FF00BFEB48001D006840F04000E949D9
:103F1000091D086000BF00BD00B50220FFF7B1FF1A
:103F200000BFE448001D006840F04000E149091D61
:103F3000086000BF00BF0846006840F080000860CD
:103F400000BF0220FFF79DFF00BFDA48006840F085
:103F50004000D849086000BF0220FFF792FF00BF71
:103F6000D448006840F08000D249086000BF00BD1E
:103F700010B5FF2400BFCF48006840F08000CD4955
:103F8000086000BF0220FFF77CFF00BFC948001D8A
:103F9000006840F04000C749091D086000BF0220CA
:103FA000FFF76FFF00BFC348006840F04000C14901
:103FB000086000BF0220FFF764FF06E0601EC4B285
:103FC0001CB9FFF7A9FF002010BD8021B9481038A7
:103FD000FCF7F1FC0028F1D100BFB648001D0068D5
:103FE00040F04000B349091D086000BF0120EBE725
:103FF00000B500BFAF48001D006840F08000AD492B
:10400000091D086000BF0220FFF73BFF00BFA94861
:10401000006840F04000A749086000BF0220FFF799
:1040200030FF00BFA348001D006840F04000A149D8
:10403000091D086000BF00BD00B500BF9D480068B5
:1040400040F080009B49086000BF0220FFF719FF85
:1040500000BF9848006840F040009649086000BFE3
:104060000220FFF70EFF00BF9248001D006840F0DD
:1040700040009049091D086000BF00BD00B5014621
:1040800008223BE000BF8B48001D006840F0400064
:10409000884B1B1D186000BF0220FFF7F2FE11F0D5
:1040A000800F07D000BF8348006840F08000814B3C
:1040B000186009E000BF7F48001D006840F08000E4
:1040C0007C4B1B1D186000BF4806010E0220FFF745
:1040D000D8FE00BF7748006840F04000754B18607C
:1040E00000BF0220FFF7CDFE00BF7248001D006830
:1040F00040F040006F4B1B1D186000BF1000A2F184
:104100000103DAB2BED100BF6A48001D006840F06A
:104110004000684B1B1D186000BF00BD70B508252E
:10412000002400BF6348006840F0800061490860D7
:1041300000BF1FE06006040E00BF5E48001D00685F
:1041400040F040005B49091D086000BF0220FFF7F6
:1041500098FE00BF5748006840F04000554908608D
:1041600000BF0220FFF78DFE802152481038FCF777
:1041700022FC04432800A5F10101CDB2DAD100BF31
:104180004C48001D006840F040004A49091D086085
:1041900000BF204670BD2DE9F04180460D46144613
:1041A0001F4614B90020BDE8F0814148007804287A
:1041B00001D00120F7E74FF6FE700540401C00EAF1
:1041C000440402203A49087000BF05F03F00C0F1E6
:1041D0004006A64200DD2646A01B84B2FFF76EFE15
:1041E0004046FFF74BFFFFF7C3FE280AFFF746FFE5
:1041F000FFF7BEFEE8B2FFF741FFFFF7B9FEA819CF
:1042000085B20DE0B01E86B23878FFF737FFFFF7B2
:10421000AFFE3988080AFFF731FFFFF7A9FEBF1C80
:10422000002EEFD1FFF778FE0220FFF736FE002CBC
:10423000CBD104201E4908700020B4E72DE9F041DD
:1042400080460D4614461F4614B90020BDE8F08193
:1042500017480078042801D00120F7E74FF6FE70D8
:104260000540401C00EA440403201149087000BFC7
:1042700005F03F00C0F14006A64200DD2646A01B27
:1042800084B2FFF71BFE4046FFF7F8FEFFF770FE13
:10429000280AFFF7F3FEFFF76BFEE8B2FFF7EEFE2A
:1042A000FFF766FEA81985B2FFF708FE04E00000DC
:1042B0007C000020100C014048F00100FFF7DEFEFA
:1042C000FFF756FE10E0B01E86B2FFF727FF3880DA
:1042D000FFF78EFEFFF722FF398801EB00203880C0
:1042E0000EB1FFF785FEBF1C002EECD1FFF7A4FE38
:1042F000FFF712FE002CBBD10420024908700020F9
:10430000A4E700007C000020032A40F2308010F077
:10431000030C00F0158011F8013BBCF1020F624460
:1043200098BF11F801CB00F8013B38BF11F8013BF1
:10433000A2F1040298BF00F801CB38BF00F8013B9E
:1043400011F0030300F07980083AC0F0088051F8BA
:10435000043B083A51F804CBA0E80810F5E7121D19
:104360005CBF51F8043B40F8043BAFF30080D20738
:1043700024BF11F8013B11F801CB48BF11F8012B04
:1043800024BF00F8013B00F801CB48BF00F8012B27
:10439000704702F0FF0343EA032242EA024200F0C0
:1043A00002B84FF000020429C0F0128010F0030C94
:1043B00000F01B80CCF1040CBCF1020F18BF00F818
:1043C000012BA8BF20F8022BA1EB0C0100F00DB8C7
:1043D0005FEAC17C24BF00F8012B00F8012B48BF25
:1043E00000F8012B70474FF0000200B513469446C9
:1043F0009646203922BFA0E80C50A0E80C50B1F13D
:104400002001BFF4F7AF090728BFA0E80C5048BF50
:104410000CC05DF804EB890028BF40F8042B08BFEE
:10442000704748BF20F8022B11F0804F18BF00F8EA
:10443000012B704770477047704710B5203AC0F0A5
:104440000B80B1E81850203AA0E81850B1E8185095
:10445000A0E81850BFF4F5AF5FEA027C24BFB1E8D2
:104460001850A0E8185044BF18C918C0BDE8104043
:104470005FEA827C24BF51F8043B40F8043B08BF4C
:104480007047D20728BF31F8023B48BF11F8012B13
:1044900028BF20F8023B48BF00F8012B7047754643
:1044A00000F028F8AE4605006946534620F00700A4
:1044B000854618B020B5FEF7FFF8BDE820404FF064
:1044C00000064FF000074FF000084FF0000B21F0FE
:1044D0000701AC46ACE8C009ACE8C009ACE8C009CB
:1044E000ACE8C0098D4670470446AFF30080204613
:1044F000FBF775FE0048704718100020014918208E
:10450000ABBEFEE726000200704700002C45000805
:1045100000000020800000008C010008AC4500086D
:1045200080000020F8150000A8010008000000002D
:104530000102030401020304060708090204060835
:10454000000000000000000000000000000000006B
:10455000000100004A00000001000000FCFF0020F4
:10456000000000000000000000000000000000004B
:10457000000000000100000000000000000000003A
:10458000000000000038014001000000004400402D
:10459000020000000048004003000000004C004002
:0C45A0000400000000500040000000007B
:020000040800F2
:1080000048C0002085820008E5BB0008E7BB0008E7
:10801000F1BB0008F5BB0008F9BB00080000000038
:10802000000000000000000000000000FDBB000890
:10803000FFBB000800000000FFB7000803BC0008F9
:108040009B8200089B8200089B8200089B8200089C
:108050009B8200089B8200089B8200089B8200088C
:108060009B8200089B8200089B820008B5C1000823
:108070009B8200089B8200089B8200089B8200086C
:108080009B8200089B8200089B8200089B8200085C
:108090009B8200089B8200089B8200089B8200084C
:1080A0009B8200089B8200089B8200089B8200083C
:1080B0009B820008E5C10008C7C300089B82000836
:1080C0009B8200089B8200089B8200089B8200081C
:1080D0009B82000851BC0008D5BC000863BD0008A5
:1080E0009B8200089B8200089B8200089B820008FC
:1080F0009B8200089B8200089B8200089B820008EC
:108100009B8200089B82000899C500089B8200089A
:10811000E7BD00086BBE00089B820008C5C50008CB
:108120009B8200089B8200089B8200089B820008BB
:1081300000F002F800F093F80AA090E8000C8244E6
:108140008344AAF10107DA4501D100F088F8AFF2C3
:10815000090EBAE80F0013F0010F18BFFB1A43F025
:1081600001031847DC7F02000C8002000A444FF034
:10817000000C10F8013B13F0070408BF10F8014B86
:108180001D1108BF10F8015B641E05D010F8016BCB
:10819000641E01F8016BF9D113F0080F1EBF10F82F
:1081A000014BAD1C0C1B09D16D1E58BF01F801CB52
:1081B000FAD505E014F8016B01F8016B6D1EF9D5D5
:1081C0009142D6D370470000103A24BF78C878C1D6
:1081D000FAD8520724BF30C830C144BF04680C60CD
:1081E000704700000023002400250026103A28BF15
:1081F00078C1FBD8520728BF30C148BF0B60704719
:10820000702922F0F782692922F0F881642922F08E
:10821000F581752922F0F2816F2922F0898278296F
:1082200022F0DB820368DB0928BF41F0800163296B
:1082300022F00787732922F00C87E32922F01787A1
:10824000002070471FB522F03FFF040000200021EE
:1082500022F07CFF401C60601FBD10B510BD22F0F5
:108260003BFF1146FFF7EEFF06F062FB22F059FFDD
:1082700003B4FFF7F2FF03BC22F05AFF72B6704757
:1082800062B6704708480047FEE7FEE7FEE7FEE7F4
:10829000FEE7FEE7FEE7FEE7FEE7FEE703480449E8
:1082A000044A054B704700003181000848BA00209D
:1082B00048C0002048BC002048BC00203149014390
:1082C000314A1160704770B5002100230F22C47835
:1082D0000CB32D4C246804F4E064C4F5E064210A76
:1082E000C1F10403CA40447804FA03F184781440CD
:1082F00021430901254C0678A155047804F01F0597
:108300000124AC4005786D114FF0E02606EB8505A1
:10831000C5F8004109E0047804F01F050124AC40D1
:108320001B4D0678761145F8264070BD194A0A4063
:108330000243154B1B1F1A60704739B1124A121DB8
:1083400012680243104B1B1D1A6006E00E4A121DF4
:10835000126882430C4B1B1D1A607047042808D119
:108360004FF0E021096941F004014FF0E022116172
:1083700007E04FF0E021096921F004014FF0E0220D
:10838000116170470000FA050CED00E000E400E028
:1083900080E100E080FFFF1F10B50446FA488442E8
:1083A00008D10121401501F053FE0021601501F0B4
:1083B0004FFE17E0F548844208D10121001501F075
:1083C00047FE0021201501F043FE0BE0F0488442F7
:1083D00008D10121C80301F03BFE00214FF4004009
:1083E00001F036FE10BD30B5024600200023506873
:1083F000E84C20400D790C6844EA05242043506085
:108400009068E54C2040D1E902542C434D7944EA70
:10841000450420439060D06A20F470000C7C641EF8
:10842000E4B2234340EA0350D06230BD0021016032
:10843000017141718160C16001210174704721B1F6
:10844000826842F00102826003E0826822F0010249
:108450008260704721B1826842F48072826003E0DA
:10846000826822F480728260704710B50023CBB21C
:108470001AB144681C43446002E044689C43446071
:1084800010BD816841F008018160704701460020FD
:108490008A6812F0080F01D0012000E00020704728
:1084A000816841F0040181607047014600208A68BC
:1084B00012F0040F01D0012000E00020704721B12C
:1084C000826842F4A002826003E0826822F4A00283
:1084D00082607047014600208A6812F4800F01D044
:1084E000012000E00020704710B50A46002100235B
:1084F000416821F46041531E41EA4331416010BD9F
:1085000021B1426842F40062426003E0426822F412
:10851000006242607047F0B504460D46002000211D
:10852000092D11DDE068A5F10A0606EB46070726CE
:1085300006FA07F18843A5F10A0606EB460603FA98
:1085400006F10843E0600CE0206905EB45070726CB
:1085500006FA07F1884305EB450603FA06F10843DE
:108560002061072A0FDA606B561E06EB86071F266E
:1085700006FA07F18843561E06EB860605FA06F151
:108580000843606322E00D2A0FDA206BD61F06EB4A
:1085900086071F2606FA07F18843D61F06EB8606D4
:1085A00005FA06F10843206310E0E06AA2F10D0627
:1085B00006EB86071F2606FA07F18843A2F10D068F
:1085C00006EB860605FA06F10843E062F0BD21B12C
:1085D000826842F48012826003E0826822F4801292
:1085E000826070470146C86C80B2704766484C3064
:1085F0000068704721B1426842F48062426003E043
:10860000426822F480624260704721B1426842F4BD
:108610008052426003E0426822F480524260704718
:108620000A460021816821F4E041114381607047CE
:1086300021B1826842F40042826003E0826822F441
:1086400000428260704721B1826842F40212826067
:1086500003E0826822F40212826070470146002023
:108660008A6812F4001F01D0012000E0002070474A
:10867000F0B504461546002000220026092911DD28
:10868000E068A1F10A0707EB470C072707FA0CF28D
:108690009043A1F10A0707EB470703FA07F21043DB
:1086A000E0600CE0206901EB410C072707FA0CF2AF
:1086B000904301EB410703FA07F210432061A06BDE
:1086C000C0F30156EF1C06F1010CA7EB0C0707EBFA
:1086D000870C1F2707FA0CF29043EF1C06F1010CE0
:1086E000A7EB0C0707EB870701FA07F21043A0631B
:1086F000F0BD10B50A4600210023816B21F4401122
:10870000531E41EA0351816310BD08B50023009355
:108710000090009B0B440093009B1A6008BD08B5B5
:10872000024600200090009201F12800009B1844AE
:1087300000900098006880B208BD0A460021416898
:10874000164B194011434160704741628262704785
:108750000A460021416821F01F0111434160704722
:1087600040B109490831096841F40001064A08325C
:10877000116007E004490831096821F40001024A48
:1087800008321160704700000024014000280140B9
:10879000003C0140FFFEF0FFFDF7F1FFFFFD3FFF52
:1087A0000246002013680B4201D0012000E00020A7
:1087B0007047CA430260704770B50246002000232C
:1087C00000240B125568CEB205EA060415681D4256
:1087D00002D00CB1012000E0002070BD00220A127E
:1087E000D34303607047000010B50446FE4884423E
:1087F00009D10121480601F038FC00214FF000703A
:1088000001F033FC08E00121880601F02EFC002174
:108810004FF0806001F029FC10BD30B50246002009
:108820000023146824F002041460146844F0010466
:10883000146000E05B1C546814F0010F03D1A3F531
:108840007F44FF3CF6D1546814F0010F01D10020A1
:108850006CE08C79012C04D1146844F0800414601D
:1088600003E0146824F080041460CC79012C04D156
:10887000146844F04004146003E0146824F04004D9
:1088800014600C7A012C04D1146844F020041460A4
:1088900003E0146824F0200414604C7A012C04D105
:1088A000146844F01004146003E0146824F0100409
:1088B00014608C7A012C04D1146844F0080414600C
:1088C00003E0146824F008041460CC7A012C04D16D
:1088D000146844F00404146003E0146824F00404F1
:1088E00014608C78A407CD7844EA05640D7944EAD5
:1088F00005444D7944EA05540D886D1E2C43D4611E
:10890000146824F001041460002300E05B1C546828
:1089100014F0010F03D0A3F57F44FF3CF6D1546857
:1089200014F0010F01D0002000E0012030BD10B58F
:108930000021837A012202FA03F1AC4A126842F064
:108940000102AA4B1A60A94A1C3212688A43A74B3B
:108950001C331A60027BCAB9A44A0C3212688A43DB
:10896000A24B0C331A604288C38842EA03439F4AF1
:108970004032847A42F834300288838842EA0343E2
:108980009A4A4032847A02EBC4025360027B012A85
:1089900019D1964A0C3212680A43944B0C331A6070
:1089A0004288038842EA0343904A4032847A42F87C
:1089B0003430C288838842EA03438C4A4032847A46
:1089C00002EBC4025360C27A3AB9884A121D126897
:1089D0008A43864B1B1D1A6006E0844A121D1268EA
:1089E0000A43824B1B1D1A60028932B97F4A143236
:1089F00012688A437D4B14331A600289012A06D11A
:108A00007A4A143212680A43784B14331A60427B54
:108A1000012A06D1754A1C3212680A43734B1C3373
:108A20001A60724A126822F00102704B1A6010BD7F
:108A300000218171C171017241728172C1728170B4
:108A4000C170032101710221417101210180704730
:108A50006649096841F00101644A116011460968DC
:108A600043F60E729143614A11601146096841EA6A
:108A7000002111601146096821F001011160704761
:108A800021B1026842F48032026003E0026822F4FD
:108A9000803202607047E1B1026842F080020260F9
:108AA0004FF4C272125842F480734FF4C2721350E2
:108AB0004FF4CA72125842F480734FF4CA721350C2
:108AC0004FF4D272125842F480734FF4D2721350A2
:108AD0001BE0026822F0800202604FF4C27212585A
:108AE00022F480734FF4C27213504FF4CA721258BA
:108AF00022F480734FF4CA7213504FF4D27212589A
:108B000022F480734FF4D2721350704710B50246AE
:108B10000020936803F08063B3F1806F00D110E010
:108B2000936803F00063B3F1006F01D1012008E006
:108B3000936803F08053B3F1805F01D1022000E01D
:108B40000420042879D002F5C07303EB00131B68DE
:108B500003F0010402F5C07303EB00131C600B7AF1
:108B60007BB94B7A0C8843EA445302F5C07404EB9A
:108B700000142468234302F5C07404EB001423603E
:108B800010E00B7A4C6843EAC4034C7A234302F5A5
:108B9000C07404EB00142468234302F5C07404EB92
:108BA000001423608B7A03F00F038B7202F5C073FD
:108BB00003EB00135B6823F00F0402F5C07303EBB3
:108BC00000135C6002F5C07303EB00135B688C7AE2
:108BD000234302F5C07404EB001463608B7B1C0616
:108BE0004B7B44EA034403E000640040006600401D
:108BF0000B7B44EA0323CC7A234302F5C07404EBD5
:108C00000014A3608B7C1C064B7C44EA03440B7C61
:108C100044EA0323CC7B234302F5C07404EB001425
:108C2000E36002F5C07303EB00131B6843F001041B
:108C300002F5C07303EB00131C6010BD10B50246B3
:108C4000002321B1012907D002290FD109E0906842
:108C5000F84C00EA04030BE09068F74C00EA0403C8
:108C600006E09068F54C00EA040301E0002300BF31
:108C700000BFF34C181BA34216D007DC83B16FF082
:108C8000806018180ED0022818D111E0B0F5007FCE
:108C900010D0EC4C001909D0B0F5003F0ED10BE01C
:108CA00002230DE000230BE0002309E0002307E08E
:108CB000012305E0012303E0012301E0002300BFBD
:108CC00000BFD8B210BD21B1012907D002290FD1B0
:108CD00009E0826842F0800282600AE0826842F421
:108CE0000042826005E0826842F40002826000E097
:108CF00000BF00BF704710B500F5D87303EB011338
:108D00001B6803F004031372137A53B900F5D87388
:108D100003EB01131B6840F2FF7404EA5353136022
:108D200009E000F5D87303EB01131B686FF0604492
:108D300004EAD303536000F5D87303EB01131B68F7
:108D400003F00203537200F5D87303EB01135B6861
:108D500003F00F03937200F5D87303EB01135B6804
:108D60001B0AD37400F5D87303EB01139B68D3720D
:108D700000F5D87303EB01139B681C0A147300F50C
:108D8000D87303EB01139B681C0C547300F5D87364
:108D900003EB01139B681B0E937300F5D87303EB71
:108DA0000113DB68D37300F5D87303EB0113DB68A1
:108DB0001C0A147400F5D87303EB0113DB681C0C58
:108DC000547400F5D87303EB0113DB681B0E937426
:108DD00021B9C36843F02003C36003E0036943F093
:108DE0002003036110BD21B9C26842F02002C260B5
:108DF00003E0026942F0200202617047024600204F
:108E000019B9D36803F0030006E0012903D11369FF
:108E100003F0030000E00020704710B502460B4647
:108E200000204FF6FF71BBB9146824F0020444F02F
:108E30000104146000E0491E546804F00304012C8E
:108E400001D00029F7D1546804F00304012C01D0AB
:108E5000002032E0012030E0012B13D1146824F00F
:108E60000304146000E0491E546814F0030F01D09D
:108E70000029F8D1546814F0030F01D000201CE041
:108E800001201AE0022B17D1146824F0010444F0E9
:108E90000204146000E0491E546804F00304022C2C
:108EA00001D00029F7D1546804F00304022C01D04A
:108EB000002002E0012000E0002010BD014600205B
:108EC0000A6822F0010242F002020A604A6802F0D7
:108ED0000302022A00D10120704701464FF6FF72BB
:108EE00000200B6823F002030B6000E0521E4B6869
:108EF00003F00203022B01D1002AF7D14B6803F0E3
:108F00000203022B00D001207047014600208A692D
:108F100002F070007047014600208A69100E704709
:108F2000014600208A69C2F3074070471AB14369BD
:108F30000B43436102E043698B434361704710B5C3
:108F40000246002011F4700F08D09369C1F3130496
:108F5000234201D001202DE000202BE011F0807F82
:108F600008D05368C1F31304234201D0012021E04B
:108F700000201FE011F0006F08D09368C1F31304C4
:108F8000234201D0012015E0002013E011F0007F02
:108F900008D0D368C1F31304234201D0012009E0B3
:108FA000002007E01369C1F31304234201D001201C
:108FB00000E0002010BD0022234B994202D1002383
:108FC000836111E0C1F3130211F0007F01D0C26090
:108FD0000AE011F0806F01D0026105E011F0006F2E
:108FE00001D0826000E042607047024600200A42E1
:108FF00001D0012000E00020704770B504460D4606
:1090000000266069284272D0B5F5807F69D01DDCEA
:10901000082D42D006DC012D2DD0022D31D0042D9B
:109020007FD134E0102D3ED0202D42D0402D78D17C
:1090300045E00000030000040003000800000310E6
:10904000000100080001FFF77000F030B5F5004F97
:1090500061D009DCB5F5007F4AD0B5F5806F4DD001
:10906000B5F5006F5DD150E0B5F5803F2DD0B5F579
:10907000003F56D12FE0A0685549FFF7B6FF0646DE
:1090800051E0E0680321FFF7B0FF06464BE0E068DF
:109090000821FFF7AAFF064645E0E0681021FFF728
:1090A000A4FF06463FE020690321FFF79EFF064626
:1090B00039E020690821FFF798FF064633E0206970
:1090C0001021FFF792FF06462DE060680821FFF7A8
:1090D0008CFF064627E060681021FFF786FF0646F2
:1090E00021E0A0690121FFF780FF06461BE01BE09D
:1090F000A0690221FFF779FF064614E0A069042168
:10910000FFF773FF06460EE00BE0A0697021FFF742
:109110006CFF064607E060680421FFF766FF06461D
:1091200001E0002600BF00E00026304670BDB1F52A
:10913000007F3AD00FDC202928D006DC01291CD082
:1091400004291DD0082940D11DE0402921D0B1F5C6
:10915000807F3AD126E0B1F5004F31D006DCB1F581
:10916000806F25D0B1F5006F2FD124E0B1F5803F9D
:1091700012D0B1F5003F28D111E0154A826025E0F8
:109180000822C26022E01022C2601FE008220261B1
:109190001CE01022026119E00822426016E0102251
:1091A000426013E00422426010E0042242600DE0BD
:1091B000042242600AE0002282610422426005E04B
:1091C000002282610422426000E000BF00BF7047BD
:1091D0000101010001684FF6FE721140016000219B
:1091E000016041608160C1608C49884208D18B492F
:1091F0000839496841F00F01884A083A51608AE00D
:1092000086491431884208D184490839496841F0B7
:10921000F001824A083A51607DE080492831884255
:1092200008D17E490839496841F470617B4A083A9F
:10923000516070E079493C31884208D1774908395A
:10924000496841F47041754A083A516063E07349D6
:109250005031884208D171490839496841F4702178
:109260006E4A083A516056E06C496431884208D130
:109270006A490839496841F47001684A083A5160FE
:1092800049E066497831884208D16449083949681B
:1092900041F07061614A083A51603CE0604988429F
:1092A00006D1011F096841F00F01021F116032E071
:1092B0005B491431884208D15949091F096841F0B6
:1092C000F001574A121F116025E0554928318842A4
:1092D00008D15349091F096841F47061504A121FAF
:1092E000116018E04E493C31884208D14C49091FB1
:1092F000096841F470414A4A121F11600BE0484965
:109300005031884207D14649091F096841F470214C
:10931000434A121F1160704710B50022026847F6D9
:10932000F0739A430C6A8B6823430C6923434C699E
:1093300023438C692343CC6923434C6A23438C6ABF
:1093400023431A430260CB6843600B6883604B6819
:10935000C36010BD0021016041608160C160016196
:1093600041618161C161016241628162704721B1E5
:10937000026842F00102026004E002684FF6FE73E8
:109380001A40026070471AB103680B43036002E0A1
:1093900003688B430360704741607047014648682B
:1093A00080B2704701460020002211F0805F03D098
:1093B0001B4B083B1A6802E0184B083B1A680A422C
:1093C00001D0012000E00020704710F0805F03D042
:1093D0001349091F086002E01049083948607047C6
:1093E00001460020002211F0805F03D00C4B083BA7
:1093F0001A6802E0094B083B1A680A4201D00120B2
:1094000000E00020704710F0805F03D00449091F7E
:10941000086002E0014908394860704708000240CE
:109420000804024001460020FE4A106800F038009F
:10943000084310607047FB49096821F00801F94AA8
:10944000116011460968014311607047F5490968C8
:1094500021F01001F34A11601146096801431160BF
:109460007047F148EF494860F04848607047EE485F
:10947000EC494860ED4848607047EA48006940F0B0
:109480008000E84908617047E648006940F08000C4
:10949000E449086170470420E249C96811F0010FEE
:1094A00001D001200EE0DF49C96811F0040F01D09E
:1094B000022007E0DB49C96811F0100F01D003203A
:1094C00000E00420704700B502460423FFF7E3FFE5
:1094D000034603E0FFF7DFFF0346521E012B01D1D5
:1094E000002AF7D102B90523184600BD30B504465D
:1094F0000425CF48FFF7E7FF0546042D16D1C948DC
:10950000006940F00200C7490861084644610069EB
:1095100040F040000861C648FFF7D5FF0546C14846
:10952000006941F6FD710840BE490861284630BD1A
:1095300010B50424BE48FFF7C6FF0446042C15D11D
:10954000B848006940F00400B6490861084600695F
:1095500040F040000861B648FFF7B5FF0446B14847
:10956000006941F6FB710840AE490861204610BD14
:1095700000B502460423FFF78EFF034603E0FFF722
:109580008AFF0346521E012B01D1002AF7D102B9EE
:109590000523184600BD10B50424A548FFF7E8FFD1
:1095A0000446042C15D19F48006940F004009D49F1
:1095B00008610846006940F0400008619C48FFF7D8
:1095C000D7FF04469748006941F6FB71084095496A
:1095D0000861204610BD00209249C96911F0020FB0
:1095E00001D0012000E00020704730B5A5250424FB
:1095F000FFF7F1FF00B100258D48FFF764FF044637
:10960000042C39D188488749886088488860084692
:10961000006940F0200008610846006940F0400001
:1096200008618348FFF74FFF0446042C1BD17D4897
:10963000006941F6DF7108407A490861084600690F
:1096400040F0100008617B4805804013FFF73BFFA6
:109650000446052C10D07348006941F6EF710840AC
:109660007049086108E0052C06D06E48006941F693
:10967000EF7108406B490861204630BD78B5064659
:109680000C460425002000904FF6FF70FFF71BFFEB
:109690000546042D26D16348006940F00100614968
:1096A000086134804FF6FF70FFF70DFF0546042D6B
:1096B00011D1B01C0090200C009908804FF6FF706B
:1096C000FFF701FF05465748006941F6FE71084063
:1096D0005449086106E05348006941F6FE710840AC
:1096E00050490861284678BD70B504460D460426E9
:1096F0004FF6FF70FFF7E7FE0646042E12D14948E9
:10970000006940F001004749086125804FF6FF706D
:10971000FFF7D9FE06464348006941F6FE7108404E
:1097200040490861304670BD70B505460E460424B8
:109730004FF6FF70FFF7C7FE0446042C18D13A48D5
:1097400038498860394888600846006940F0100050
:1097500008612E804FF6FF70FFF7B5FE0446052C1A
:1097600006D03048006941F6EF7108402D49086184
:10977000204670BD2DE9F04304464FF6FF7637468C
:10978000B046B1460425E443E6B2C4F30727C4F368
:1097900007484FEA14694FF6FF70FFF794FE05463D
:1097A000042D4BD120481F49886020488860084616
:1097B000006940F010000861FF2E06D01D480830F7
:1097C00006804013FFF77FFE0546042D08D1FF2FCA
:1097D00006D018480A3007804013FFF774FE05468C
:1097E000042D0AD1B8F1FF0F07D012480C30A0F8B1
:1097F00000804013FFF767FE0546042D0AD1B9F13A
:10980000FF0F07D00B480E30A0F800904013FFF771
:109810005AFE0546052D11D00248006941F6EF7148
:10982000084009E00020024023016745AB89EFCDE5
:10983000FFFF0F0000F8FF1F654908612846BDE8DB
:10984000F08330B5054604246248FFF73CFE044629
:10985000042C3FD160485E498860604888600846B3
:10986000006940F0200008610846006940F04000AF
:1098700008615848FFF727FE0446042C21D15448BC
:10988000006941F6DF7108405149086108460069E6
:1098900040F0100008611DB100205149088002E02D
:1098A000A5204F4908804B48FFF70DFE0446052CC4
:1098B00010D04748006941F6EF71084044490861FB
:1098C00008E0052C06D04248006941F6DF710840E7
:1098D0003F490861204630BDF0B505460E461746A3
:1098E00004243D483A4988603C4888604FF6FF7040
:1098F000FFF7E9FD0446042C19D13548006940F012
:1099000010003349086147F0F800304328433449D8
:10991000891C08804813FFF7D6FD0446052C06D0A5
:109920002B48006941F6EF7108402949086120463B
:10993000F0BD2748C069800870472548006A704715
:1099400000202349096811F0200F01D0012000E018
:109950000020704729B11E4A126902431C4B1A614C
:1099600004E01B4A12698243194B1A617047014691
:109970000020012908D1164AD26912F0010F01D046
:10998000012008E0002006E0114AD2680A4201D016
:10999000012000E0002070470D49C8607047042096
:1099A0000B49C96811F0010F01D001200EE00849F0
:1099B000C96811F0040F01D0022007E00449C9680A
:1099C00011F0100F01D0032000E0042070470000C8
:1099D00000200240FFFF0F0023016745AB89EFCD58
:1099E00000F8FF1F10B50446CA48844208D101217F
:1099F000042000F02DFB0021042000F029FB46E0AC
:109A0000C548844208D10121082000F021FB002133
:109A1000082000F01DFB3AE0C048844208D1012133
:109A2000102000F015FB0021102000F011FB2EE0AB
:109A3000BB48844208D10121202000F009FB00210D
:109A4000202000F005FB22E0B648844208D1012125
:109A5000402000F0FDFA0021402000F0F9FA16E065
:109A6000B148844208D10121802000F0F1FA0021A0
:109A7000802000F0EDFA0AE0AC48844207D10121D1
:109A8000801500F0E5FA0021A01500F0E1FA10BD04
:109A900010B50121084600F0DBFA0021012000F09A
:109AA000D7FA10BD2DE9F04102460025002600201E
:109AB00000230024002791F803C00CF00F0591F853
:109AC00003C01CF0100F03D091F802C04CEA05054A
:109AD00091F800C0BCF1000F31D0146800202BE0D9
:109AE0004FF0010C0CFA00F3B1F800C00CEA0306C9
:109AF0009E4220D183004FF00F0C0CFA03F7BC43B9
:109B000005FA03FC4CEA040491F803C0BCF1280FE9
:109B100006D14FF0010C0CFA00FCC2F814C00AE0A8
:109B200091F803C0BCF1480F05D14FF0010C0CFABD
:109B300000FCC2F810C0401C0828D1D31460B1F852
:109B400000C0BCF1FF0F34DD546800202EE000F1AE
:109B5000080C4FF0010808FA0CF3B1F800C00CEA49
:109B600003069E4221D183004FF00F0C0CFA03F73D
:109B7000BC4305FA03FC4CEA040491F803C0BCF1B1
:109B8000280F05D100F1080C08FA0CF8C2F814806F
:109B900091F803C0BCF1480F07D100F1080C4FF059
:109BA000010808FA0CF8C2F81080401C0828CED32F
:109BB0005460BDE8F0814FF6FF7101800221817091
:109BC0000421C17070470246002093680B4201D007
:109BD000012000E0002070470146886880B270478D
:109BE00002460020D3680B4201D0012000E0002093
:109BF00070470146C86880B2704701617047416193
:109C000070470AB1016100E041617047C16070476F
:109C10004FF480320A438261816182618269826984
:109C2000704702460020424B18684FF68073184078
:109C300040EA021008433E4B186070473D49C86136
:109C40007047F0B50A46002300240021002500F0EB
:109C50000046B6F1004F02D1354EF16901E0344EB5
:109C60007168C0F3034583B200F44016B6F5401F97
:109C700008D121F070612E4E766826F070662C4F68
:109C80007E6012E000F48016B6F5801F06D1032630
:109C900006FA05F4A14341F0706106E0460D360175
:109CA00003FA06F6B14341F0706122B1460D360168
:109CB00003FA06F6314300F00046B6F1004F02D138
:109CC0001B4EF16101E01A4E7160F0BD30B500220B
:109CD0008B071C0F0F2303FA04F2154B08338C106B
:109CE00053F824309343124C08348D1044F8253037
:109CF00023468C1053F824308C07240F00FA04F408
:109D000023430B4C08348D1044F8253030BD0A49EC
:109D10000860704700080140000C0140001001403D
:109D20000014014000180140001C014000200140C7
:109D30000000014000002042DC002042E0480068B2
:109D400040F00100DE49086008464068DD490840EF
:109D5000DB49486008460068DB490840D84908608C
:109D60000846006820F4802008600846406820F417
:109D7000FE0048604FF41F0088607047D0490968B2
:109D800021F48031CE4A11601146096821F4802106
:109D90001160B0F5803F03D0B0F5802F0ED106E002
:109DA000C749096841F48031C54A116007E0C449D8
:109DB000096841F4A021C24A116000E000BF00BF61
:109DC000704710B501460022002300204A11012AE5
:109DD00002D1BB4C236806E0022A02D1B84C236AA8
:109DE00001E0B74C636A01F01F02012494401C4259
:109DF00001D0012000E0002010BD38B50020009007
:109E00000024002500BF3120FFF7DBFF0546009846
:109E1000401C00900098A0F57F41FF3901D0002D33
:109E2000F1D03120FFF7CDFF08B1012400E000247C
:109E3000204638BD01460020A14A106820F0F800F5
:109E400040EAC10010607047A049086070470246B0
:109E500000209B4B586820F47C1042EA0103184311
:109E6000974B586070479949086670470146002033
:109E7000934A506820F003000843506070479048B0
:109E8000406800F00C007047014600208C4A506882
:109E900020F0F00008435060704701460020884AD7
:109EA000506820F4E060084350607047014600208D
:109EB000834A506820F4605040EAC1005060704707
:109EC00029B17F4A527A02437D4B5A7204E07C4AA0
:109ED000527A82437A4B5A7270477D4908607047C4
:109EE00001460020764A506820F440400843506004
:109EF00070470021774A1170714A82F820100128BA
:109F000002D0042808D103E00121724A117004E054
:109F10000521704A117000E000BF00BF70476E4914
:109F2000086070476649096A0143654A1162114633
:109F3000096A41F0180111627047674944390860A5
:109F4000704730B500210022002400235C4D6D686D
:109F500005F00C0121B1042905D0082923D105E021
:109F60005E4D056022E05D4D05601FE0544D6D685B
:109F700005F47012524D6D6805F48034022505EB2E
:109F800092421CB9564D554305600BE04C4D6D682F
:109F900015F4003F03D0524D5543056002E04F4D8C
:109FA0005543056002E04D4D056000BF00BF444DC4
:109FB0006D6805F0F00109094A4D6B5C0568DD40EC
:109FC00045603F4D6D6805F4E061090A454D6B5CE5
:109FD0004568DD4085603A4D6D6805F46051C90AF9
:109FE000404D6B5C4568DD40C560354D6D6805F4DE
:109FF0004041890B3C4D6B5CC568B5FBF3F50561D1
:10A0000030BD29B12E4A526902432D4B5A6104E0FA
:10A010002B4A526982432A4B5A61704729B1284A18
:10A0200092690243264B9A6104E0254A9269824371
:10A03000234B9A61704729B1214AD2690243204BD0
:10A04000DA6104E01E4AD26982431D4BDA6170472F
:10A0500029B11B4AD2680243194BDA6004E0184A5E
:10A06000D2688243164BDA60704729B1144A1269EC
:10A070000243134B1A6104E0114A12698243104BE8
:10A080001A61704714494039086070470F49C86425
:10A0900070470B49C87170470948406A40F08070AA
:10A0A00007494862704701460020054A92680A4203
:10A0B00001D0012000E000207047014988727047FC
:10A0C000001002400000FFF8FFFFF6FE00004242D1
:10A0D000D8004242201002408004424200127A001E
:10A0E00000093D00000000201000002029B1564A60
:10A0F00012880243544B1A8004E0534A1288824368
:10A10000514B1A8070475048001D008840F01000E5
:10A110004D49091D088070474B48001D00884FF6C7
:10A12000EF7108404849091D0880704700214648E2
:10A130001C300188001F008841EA0040704700B5CC
:10A140000246FFF7E0FF100C3F4918310880091D57
:10A150000A80FFF7E1FF00BD00B50246FFF7D3FF1D
:10A16000C2F30340384908310880091D0A80FFF70F
:10A17000D3FF00BD00B50246FFF7C5FF100C324902
:10A1800020310880091D0A80FFF7C6FF00BD0020AE
:10A190002D49103109880907080B2B49143109880A
:10A1A00008437047002004E00146401CFF2900D905
:10A1B00005E02549091D098811F0200FF4D000BFE2
:10A1C000704700202049091D09884FF6F772114099
:10A1D0001D4A121D118004E00146401CFF2900D9D0
:10A1E00005E01949091D098811F0080FF4D000BFD6
:10A1F000704701460020144A121D12880A4201D0FD
:10A20000012000E0002070470F49091D09888143A3
:10A210000D4A121D11807047014600200A4A121D86
:10A2200012880A40D0B2084A12880A4202D008B105
:10A23000012000E0002070470349091D098881437F
:10A24000014A121D118070470028004010B50446D5
:10A25000FE48844208D10121C014FFF7F9FE002115
:10A26000E014FFF7F5FEC4E0B4F1804F08D10121FE
:10A270000846FFF7FAFE00210120FFF7F6FEB8E0DE
:10A28000F348844208D101210220FFF7EEFE0021AD
:10A290000220FFF7EAFEACE0EE48844208D101213B
:10A2A0000420FFF7E2FE00210420FFF7DEFEA0E01D
:10A2B000E948844208D101210820FFF7D6FE002199
:10A2C0000820FFF7D2FE94E0E448844208D101213F
:10A2D0001020FFF7CAFE00211020FFF7C6FE88E01D
:10A2E000DF48844208D101212020FFF7BEFE002173
:10A2F0002020FFF7BAFE7CE0DA48844208D1012131
:10A300004014FFF7A5FE00216014FFF7A1FE70E0E6
:10A31000D548844209D10121C804FFF799FE0021E4
:10A320004FF40020FFF794FE63E0D048844209D147
:10A3300001210805FFF78CFE00214FF48010FFF784
:10A3400087FE56E0CA48844209D101214805FFF73B
:10A350007FFE00214FF40010FFF77AFE49E0C54868
:10A36000844208D101214020FFF77FFE00214020D8
:10A37000FFF77BFE3DE0C048844208D101218020E8
:10A38000FFF773FE00218020FFF76FFE31E0BB482E
:10A39000844208D101218015FFF767FE0021A01536
:10A3A000FFF763FE25E0B648844209D10121080485
:10A3B000FFF74EFE00214FF48030FFF749FE18E012
:10A3C000B048844209D101214804FFF741FE002131
:10A3D0004FF40030FFF73CFE0BE0AB48844208D15D
:10A3E00001218804FFF734FE00214FF48020FFF79D
:10A3F0002FFE10BD00220288944B98420ED0994B3C
:10A4000098420BD0B0F1804F08D0914B984205D0C4
:10A41000904B984202D0904B984204D14FF68F73E4
:10A420001A404B881A438D4B984207D08C4B984268
:10A4300004D04FF6FF431A40CB881A4302808B8822
:10A4400083850B880385814B98420BD0854B9842BE
:10A4500008D08B4B984205D08A4B984202D08A4B49
:10A46000984201D10B7A038601238382704770B52D
:10A47000002400220023058C4FF6FE76354005842B
:10A48000028C8388048B4FF68F752C40B51E2C40B0
:10A490000D882C43751E2A400D892A434D882A4376
:10A4A0006A4DA8420BD06F4DA84208D0744DA84207
:10A4B00005D0744DA84202D0734DA84213D14FF677
:10A4C000F7752A404D892A434FF6FB752A408D883F
:10A4D0002A434FF6FF652B404FF6FF552B408D89E1
:10A4E0002B43CD892B4383800483CD8885860284CA
:10A4F00070BD70B5002400220023058C4FF6EF7666
:10A5000035400584028C8388048B48F6FF752C4007
:10A510004FF6FF452C400D884FF6FF7606EA0525DD
:10A520002C434FF6DF752A400D8906EA05152A43AC
:10A530004D8806EA05152A43444DA84202D0494DEC
:10A54000A8421DD14FF67F752A404D894FF6FF7600
:10A5500006EA05152A434FF6BF752A408D8806EA9C
:10A5600005152A434FF6FF352B404FF2FF752B4060
:10A570008D8906EA85052B43CD8906EA85052B439F
:10A5800083800483CD880587028470BD70B5002464
:10A5900000220023058C4FF6FF6635400584028CAF
:10A5A0008388848B4FF68F752C404FF6FC752C40BA
:10A5B0000D882C434FF6FF552A400D894FF6FF7644
:10A5C00006EA05252A434D8806EA05252A431F4D3C
:10A5D000A84202D0234DA8421DD14FF2FF752A4058
:10A5E0004D894FF6FF7606EA05252A434FF6FF35DB
:10A5F0002A408D8806EA05252A434EF6FF752B4032
:10A600004DF6FF752B408D8906EA05152B43CD8944
:10A6100006EA05152B4383808483CD8885870284D1
:10A6200070BD70B5002200230024058C4EF6FF7625
:10A6300035400584038C8488828B48F6FF752A4058
:10A640004FF6FF452A400D8820E00000002C014015
:10A650000004004000080040000C004000100040D2
:10A660000014004000340140004C01400050014003
:10A670000054014000180040001C00400020004031
:10A680000040014000440140004801404FF6FF7681
:10A6900006EA05252A434DF6FF752B400D8906EA8B
:10A6A00005352B434D8806EA05352B43FA4DA84264
:10A6B00002D0FA4DA84208D14BF6FF752C408D8987
:10A6C0004FF6FF7606EA85152C4384808283CD8879
:10A6D000A0F84050038470BD828B4FF2FF331A40C4
:10A6E0008283828B4FF6FF7303EA01231A4382832E
:10A6F0007047F0B50C461546002200210026078C55
:10A700004EF6FF7C07EA0C070784828B018C4FF61C
:10A71000FF7707EA043640F6FF473A404FF6FF77E7
:10A7200007EA05273A434FF6FF7707EA03373A432C
:10A73000D94FB8420ED0D94FB8420BD0B0F1804FAC
:10A7400008D0D74FB84205D0D64FB84202D0D64F26
:10A75000B84206D14DF6FF77394046F48057394369
:10A7600005E047F6FF57394044F480573943828368
:10A770000184F0BD828B4FF6F3731A408283828B83
:10A780000A4382837047F0B50C461546002200212B
:10A790000026078C4FF6FF6C07EA0C070784828BB4
:10A7A000018C4FF6FF7707EA04264FF60C773A4004
:10A7B0004FF6FF7707EA03172F433A43B64FB842E5
:10A7C0000ED0B64FB8420BD0B0F1804F08D0B44F86
:10A7D000B84205D0B34FB84202D0B34FB84206D109
:10A7E0004FF6FF57394046F48077394305E04FF282
:10A7F000FF57394044F48077394382830184F0BDA8
:10A80000028B4FF2FF331A400283028B4FF6FF7325
:10A8100003EA01231A4302837047F0B50C4615463C
:10A82000002200210026078C4FF6EF7C07EA0C0778
:10A830000784028B018C4FF6FF7707EA041640F677
:10A84000FF473A404FF6FF7707EA03373A434FF6A0
:10A85000FF7707EA05273A438F4FB8420ED08F4F54
:10A86000B8420BD0B0F1804F08D08D4FB84205D020
:10A870008C4FB84202D08C4FB84206D14FF6DF77EA
:10A88000394046F01007394305E04FF65F7739400D
:10A8900044F01007394302830184F0BD028B4FF668
:10A8A000F3731A400283028B0A4302837047F0B5A8
:10A8B0000C46154600220021068C4FF6FE773E40DE
:10A8C0000684028B018C4FF60C7632407E1C06EA21
:10A8D00003162E433243704EB0420ED06F4EB0423C
:10A8E0000BD0B0F1804F08D06D4EB04205D06D4E08
:10A8F000B04202D06C4EB04206D14FF6FD763140E8
:10A9000044F00106314305E04FF6F576314044F05E
:10A910000106314302830184F0BD70B505460C4643
:10A920005D4885420ED05D4885420BD0B5F1804F21
:10A9300008D05B48854205D05A48854202D05A4823
:10A94000854200D100E000BF208850B92389A28849
:10A9500061882846FFF7ABFFE1882846FFF79EFF96
:10A9600025E0208804280AD12389A2886188284606
:10A97000FFF753FFE1882846FFF742FF17E02088E2
:10A9800008280AD12389A28861882846FFF7FBFEA0
:10A99000E1882846FFF7EEFE09E02389A288618856
:10A9A0002846FFF7A6FEE1882846FFF795FE70BD12
:10A9B0002DE9F04105460C4600260127608808B9BC
:10A9C000022600E00026A088012801D1022700E02D
:10A9D00001272088A0B92389A28861882846FFF72B
:10A9E00066FFE1882846FFF759FF23893A4631463A
:10A9F0002846FFF712FFE1882846FFF701FF13E022
:10AA00002389A28861882846FFF707FFE188284646
:10AA1000FFF7F6FE23893A4631462846FFF747FFFF
:10AA2000E1882846FFF73AFFBDE8F0810A884B88A5
:10AA30001A438B881A43CB881A430B891A434B89D4
:10AA40001A438B891A43A0F8442070474FF6FF71D0
:10AA5000818000210180C180418001727047002106
:10AA6000018041808180C180018141818181C181DA
:10AA70007047002101804180012181800021C18037
:10AA8000018170470021018041808180C180018166
:10AA90004181818170470000002C01400034014059
:10AAA0000004004000080040000C004021B1028872
:10AAB00042F00102028004E002884FF6FE731A4061
:10AAC0000280704731B1B0F8442042F40042A0F84F
:10AAD000442005E0B0F84420C2F30E02A0F8442060
:10AAE00070471AB183890B43838102E083898B43CA
:10AAF000838170478182704741EA0203A0F84830A1
:10AB000070471AB183890B43838102E083898B43A9
:10AB10008381704701894FF6F872114001817047B7
:10AB20000A46002101894FF68F73194011430181B4
:10AB3000704730B504460D4629462046FFF7F0FF22
:10AB4000208940F00700208130BD2DE9F041044606
:10AB50000D4616461F46602D06D13B460122314662
:10AB60002046FFF75AFE05E03B46012231462046CB
:10AB7000FFF79DFE29462046FFF7D2FF208940F0CF
:10AB800007002081BDE8F08130B50C460021018925
:10AB9000C9B24FF6FF7505EA03251543254329433E
:10ABA000018130BD2DE9F04105460E461746984615
:10ABB000002443463A4631462846FFF7E5FF2C89F4
:10ABC0004FF6F870044044F007044FF68F700440CD
:10ABD00044F070042C81BDE8F081F0B504460D46C8
:10ABE00016461F463B46324629462046FFF7CCFF15
:10ABF000208940F480402081F0BD01858282704729
:10AC00000A46002101884FF68F73194011430180D5
:10AC10007047F0B50C4615461E4600210022002361
:10AC20000189028B038C4FF6F877394021434FF6A8
:10AC3000FC473A4040F201173A434FF6DD773B407C
:10AC40004FF6FF7707EA06172F433B430181028344
:10AC50000384F0BD0A460021018B4FF68F73194023
:10AC60001143018370470A460021018B48F6FF73A8
:10AC700019404FF6FF7303EA02231943018370471B
:10AC80000A460021818B4FF68F731940114381834F
:10AC900070470A460021818B48F6FF7319404FF632
:10ACA000FF7303EA022319438183704721B10288AD
:10ACB00042F08002028004E002884FF67F731A405F
:10ACC0000280704721B1828842F00402828004E051
:10ACD00082884FF6FB731A408280704721B18288C8
:10ACE00042F00802828004E082884FF6F7731A402F
:10ACF0008280704721B1828842F00102828004E0A4
:10AD000082884FF6FE731A40828070470A460021FF
:10AD1000018B4FF6F77319401143018370470A46C0
:10AD20000021018B4FF2FF7319404FF6FF7303EAC6
:10AD300002231943018370470A460021818B4FF695
:10AD4000F77319401143818370470A460021818BB4
:10AD50004FF2FF7319404FF6FF7303EA02231943C2
:10AD6000818370470A460021018B4FF6FB7319401F
:10AD70001143018370470A460021018B4FF6FF33D0
:10AD800019404FF6FF7303EA02231943018370470A
:10AD90000A460021818B4FF6FB73194011438183D2
:10ADA00070470A460021818B4FF6FF3319404FF65A
:10ADB000FF7303EA02231943818370470A46002187
:10ADC000018B4FF67F7319401143018370470A4688
:10ADD0000021018BC1F30E014FF6FF7303EA02233A
:10ADE0001943018370470A460021818B4FF67F7318
:10ADF00019401143818370470A460021818BC1F3BA
:10AE00000E014FF6FF7303EA022319438183704753
:10AE10000A460021018C4FF6FD731940114301844D
:10AE200070470A460021018C4FF6F7731940114311
:10AE3000018470470A460021018C4FF6DF731940E8
:10AE40004FF6FF7303EA02131943018470470A4661
:10AE50000021018C4FF67F7319404FF6FF7303EA10
:10AE600002131943018470470A460021018C4FF6F2
:10AE7000FF5319404FF6FF7303EA0223194301847D
:10AE800070470A460021018C4FF2FF7319404FF6BC
:10AE9000FF7303EA02231943018470470A46002125
:10AEA000018C4DF6FF7319404FF6FF7303EA02332E
:10AEB00019430184704730B5002301248C40A3B2AC
:10AEC000048C9C430484048C02FA01F5ADB22C433B
:10AED000048430BD30B5002304248C40A3B2048C1C
:10AEE0009C430484048C02FA01F5ADB22C43048423
:10AEF00030BD70B5034600200024184618300125E7
:10AF00008D40ACB21D8CA5431D8409B1082909D11F
:10AF100000EB6100056825F07005056005681543C4
:10AF200005600EE00D1FC5F34E052844056825F4A5
:10AF3000E045056005684FF6FF7606EA02263543D0
:10AF4000056070BD21B1028842F00202028004E077
:10AF500002884FF6FD731A400280704721B10288C3
:10AF600042F00402028004E002884FF6FB731A40AC
:10AF70000280704721B1828842F08002828004E022
:10AF800082884FF67F731A408280704702884FF69E
:10AF9000F7731A40028002880A4302807047828851
:10AFA0004FF68F731A40828082880A4382807047EE
:10AFB00002894FF6F8731A40028102890A4302811E
:10AFC000704702894FF67F731A40028102890A4353
:10AFD0000281704781847047818570478186704700
:10AFE0000187704781877047A0F84010704702883A
:10AFF0004FF6FF431A40028002880A4302807047DE
:10B000000146888E70470146088F70470146888F39
:10B0100070470146B1F8400070470146888C704780
:10B020000146088D704702460020138A0B4201D06A
:10B03000012000E000207047CA430282704730B50B
:10B040000246002000230024158A05EA01039589A1
:10B0500005EA010413B10CB1012000E0002030BD6D
:10B06000CA4302827047000010B50446FB48844280
:10B0700009D101218803FEF7EBFF00214FF4804046
:10B08000FEF7E6FF32E0F648844209D10121480488
:10B09000FEF7EBFF00214FF40030FEF7E6FF25E05E
:10B0A000F048844209D101218804FEF7DEFF002127
:10B0B0004FF48020FEF7D9FF18E0EB48844209D115
:10B0C0000121C804FEF7D1FF00214FF40020FEF754
:10B0D000CCFF0BE0E548844208D101210805FEF7CA
:10B0E000C4FF00214FF48010FEF7BFFF10BD2DE913
:10B0F000F04786B005460E460024A24600BFA14692
:10B100000027B08900B100BF2F462C8A4CF6FF7093
:10B110000440F08804432C82AC894EF6F3100440BE
:10B12000B08831890843718908430443AC81AC8AF3
:10B130004FF6FF400440B0890443AC8201A8FEF7FB
:10B1400000FFC648874202D1DDF810A001E0DDF81B
:10B150000CA0A88910F4004F08D00AEBCA0000EB3D
:10B160000A1031684900B0FBF1F807E00AEBCA00A9
:10B1700000EB0A1031688900B0FBF1F86420B8FBDD
:10B18000F0F004012009642101FB1089A88910F462
:10B19000004F08D0322000EBC900B0FBF1F000F006
:10B1A0000700044308E0322000EB09106421B0FBE3
:10B1B000F1F000F00F0004432C8106B0BDE8F087E9
:10B1C0004FF41651016000218180C18001810C2162
:10B1D000418100218181704710B502460020108A0C
:10B1E0004FF2FF0318400B884C8823438C8823437D
:10B1F000CC8823431843108210BD00210180418078
:10B200008180C180704721B1828942F400528281DD
:10B2100004E082894DF6FF731A4082817047F0B5D1
:10B2200003460024002600250020A1F510676A3F90
:10B2300000D100BF1846C1F3421401F01F060127D8
:10B2400007FA06F5012C01D10C3004E0022C01D1E3
:10B25000103000E014301AB107682F43076002E095
:10B260000768AF430760F0BD1AB1838A0B4383823E
:10B2700002E0838A8B4383827047028A4FF6F07321
:10B280001A400282028A0A430282704782894FF280
:10B29000FF731A40828182890A438281704721B1FB
:10B2A000828942F00202828104E082894FF6FD73B6
:10B2B0001A4082817047028A4FF6DF731A40028279
:10B2C000028A0A430282704721B1028A42F4804214
:10B2D000028204E0028A4BF6FF731A400282704732
:10B2E000C1F308028280704701468888C0F30800D5
:10B2F0007047818941F0010181817047028BD2B290
:10B300000283028B42EA012202837047028B02F41D
:10B310007F420283028B0A430283704721B1828AF3
:10B3200042F02002828204E0828A4FF6DF731A40E4
:10B330008282704721B1828A42F01002828204E048
:10B34000828A4FF6EF731A408282704721B1828A57
:10B3500042F00802828204E0828A4FF6F7731A40B4
:10B360008282704721B1828942F40042828103E0E7
:10B370008289C2F30E028281704721B1828A42F42F
:10B380000062828204E0828A4FF2FF731A40828256
:10B390007047828A4FF6FB731A408282828A0A4380
:10B3A0008282704721B1828A42F00202828204E0E6
:10B3B000828A4FF6FD731A4082827047024600204F
:10B3C000B1F5007F00D100BF13880B4201D00120EE
:10B3D00000E00020704701F40072B2F5007F00D158
:10B3E00000BFCA430280704770B5024600240023A4
:10B3F00000250020A1F510666A3E00D100BFC1F310
:10B40000421501F01F03012606FA03F3012D02D1B4
:10B410009689334006E0022D02D1168A334001E0BE
:10B42000968A33400C12012606FA04F4168834403A
:10B4300013B10CB1012000E0002070BD10B5002256
:10B440000023A1F510646A3C00D100BF0A12012458
:10B450009440A3B2DC43048010BD000000380140DA
:10B460000044004000480040004C004000500040B4
:10B4700010B501210807FEF7F8FD00214FF08050BC
:10B48000FEF7F3FD10BD294908627047274908619E
:10B49000704701460020264A106820F0E00008436B
:10B4A0001060704723490860704710B502460020BD
:10B4B0001F4B186820F00300104318601E4B1B68D8
:10B4C00043F004031C4C2360012901D130BF00E08C
:10B4D00020BF194B1B6823F00403174C236010BDD9
:10B4E0001348006840F004001149086008460068ED
:10B4F00040F0020008601048006840F004000E4967
:10B50000086000BF00BF30BF704701460020084AF6
:10B5100052680A4201D0012000E00020704704492F
:10B52000096841EA8001024A1160704700000E423A
:10B5300000700040A0000E4210ED00E010B50120A8
:10B54000FEF7A0FD0020FEF79DFD10BD2A49086012
:10B5500070472949091F08607047274984310860EE
:10B56000704701460020254A10884FF67F42104060
:10B570000843224A10807047014600201F4A108865
:10B580004FF68072104008431C4A1080704708B57F
:10B5900000220092194A2C3A0092009A024400922A
:10B5A000009A116008BD08B50146002000901348BC
:10B5B0002C3800900098084400900098008808BD3E
:10B5C0000D489C300068C0B270470C4808300088B5
:10B5D00040F0010009490831088070470648A03052
:10B5E0000068C0B2704705480830008840F002008B
:10B5F000024908310880704704860D422C6C0040D7
:10B600000E49086070470D49486070470B498860D3
:10B6100070474AF6AA200949086070474CF6CC40AA
:10B6200006490860704701460020044AD2680A4271
:10B6300001D0012000E000207047000000300040F1
:10B640004748007810F00F0F07D04548007800F009
:10B650000F00444931F8100070474148007810F05D
:10B66000F00F09D03F483E490978C1F3031130F883
:10B670001100001D80B2EFE73948008810F4706FA8
:10B6800009D0384836490988C1F3032130F8110040
:10B69000083080B2E0E73248008810F4704F08D0DC
:10B6A0002F480088000B2F4931F810000C3080B271
:10B6B000D2E70520D0E710B500F06AF82A480078F4
:10B6C00090B9FFF7BDFF294908800846008828493E
:10B6D0000988884208D027482449098800EB0110CE
:10B6E0002549086000F07CF800F05BF810BD0020F0
:10B6F00022490860224908602248234908607047AF
:10B700000020174908801A490880184908801A49FA
:10B7100008601E4908607047164800210AE00022B0
:10B7200002604260826082814FF6FF72C2811030F7
:10B730004A1C91B20629F2DB704700BF00F028F8DE
:10B740000E480068401C0D49086000F02AF8F5E733
:10B7500010B505225021AFF21D0000F06EF910BDAA
:10B760001800002022C302082D0000201A0000202B
:10B770001C000020283C0020200000203000002079
:10B7800034000020243C0020280000202400002059
:10B7900072B606B42E490A7802F101020A7006BC9C
:10B7A000704706B42A490A78A2F101020A704FF0E4
:10B7B0000001002A81F3108806BC7047254C264DF5
:10B7C00025604FF0000484F30988244C4FF00105F4
:10B7D0002570234C4FF08055256061B662B6FEE7B8
:10B7E00030B41F4C4FF08055256030BC704730B4EA
:10B7F0001B4C4FF08055256030BC704700BFEFF305
:10B80000108372B6EFF3098030B1A0F1200080E818
:10B81000F00F144C2468206000B5134880475DF891
:10B8200004EB124C124D2E7826700E4C114E3668D9
:10B830002660306890E8F00F00F1200080F309885E
:10B840004EF0040E83F31088704700BF72B6704745
:10B850001400002020ED00E00000FFFF2C0000207D
:10B8600004ED00E02400002013B900081C000020B3
:10B870001A0000202000002030B5034610464FF08B
:10B8800080740460041F204623606FF00105041FCC
:10B89000204625604FF01235041F204625604FF0EA
:10B8A0000335041F204625604FF00235041F204653
:10B8B00025606D10041F20462560041F204621606E
:10B8C0004FF01135041F204625604FF01035041F3E
:10B8D000204625604FF00935041F204625604FF0B3
:10B8E0000835041F204625604FF00735041F204609
:10B8F00025604FF00635041F204625604FF00535C2
:10B90000041F204625604FF00435041F20462560A3
:10B9100030BD704770B50446FFF73AFF3248006803
:10B92000C481314800688589254211D12F480178AA
:10B93000012088402E49098881432D480180FFF766
:10B9400030FFFFF7B8FEFFF723FF2748006885891F
:10B95000254800688089A043234909688881FFF74A
:10B9600020FF05EA040070BD10B5FFF711FF1E4867
:10B970000068848900201C4909688881FFF711FF4D
:10B98000204610BD70B505460E46FFF701FF194869
:10B9900000EB0514A0890121B1400843A081A089D2
:10B9A000E189084206D00120A840114909880843CE
:10B9B0000F490880FFF7F5FE70BD10B502460D4B2C
:10B9C00003EB0210838901248C4023438381838904
:10B9D000C489234206D001239340054C2488234385
:10B9E000034C238010BD0000240000201C00002018
:10B9F00018000020283C002010B5FFF778FEFFF764
:10BA00007FFEFFF789FEFFF7A3FE10BD10B5FFF71D
:10BA100017FE3649088008460088354908803548B1
:10BA20003249098800EB0110334908600846006874
:10BA300032490860FFF7C2FE10BD2DE9F047074606
:10BA40000E4615462E48D0F800900068A0EB860000
:10BA50002B4908604A4602213846FFF70DFF804611
:10BA6000244800EB0514C4F8008000206060A0604A
:10BA7000A0810120A8402349098808432149088062
:10BA8000BDE8F08720480078FF2804DA1E480078D7
:10BA9000401C1D490870704710B5FFF779FE1A4821
:10BAA0000078002804DD18480078401E1649087008
:10BAB00015480078B0B9FFF7C3FD0C490880084667
:10BAC00000880B49098888420CD00848008808493A
:10BAD000088008480549098800EB011006490860FC
:10BAE000FFF785FEFFF75DFE10BD00001A00002085
:10BAF0001C000020283C0020200000202400002002
:10BB000028000020180000202D00002070B5FFF74D
:10BB10003FFE32480068401C30490860FFF741FE94
:10BB200000252F4EA6F1500411E0606860B1A068B6
:10BB3000401CA060D4E90110884205D30020A06019
:10BB400000212846FFF739FF1034681C85B2B44243
:10BB5000EBD970BD30B50246204B1B689818002108
:10BB6000002480EA04034C40234300D1012030BD6F
:10BB700070B501460025D1E9000368406B401843C9
:10BB800001D1012070BD1548D1E900450068C617F4
:10BB900003461B1B66EB050000241B1BA04101DBB9
:10BBA000012000E00020024612B100230B604B6030
:10BBB0001046E7E77CB504460D462046FFF7CAFF6E
:10BBC000CDE9000103E04FF6FF70FFF7A3FE6846E2
:10BBD000FFF7CEFF0028F6D07CBD00003400002027
:10BBE000783C0020704702E0FEA001F0C9FAFBE7B4
:10BBF00000BFFEE700BFFEE700BFFEE770477047EB
:10BC0000704710B5FFF7C4FDF9480078401CF849AB
:10BC10000870FFF7C6FDFFF779FF12F0D3FE12F0B0
:10BC2000C1F916F022F816F030F9F24890F87900D0
:10BC300010B912F074FB06E00121EE4880F85E13A3
:10BC40000120ED49487116F020F9FFF725FF10BDDE
:10BC500038B5FFF79DFDE6480078401CE4490870C0
:10BC6000FFF79FFD40F22551E448FFF7BDFB60B1AF
:10BC7000E248FFF739FB0446E1B2002004F0F2FD90
:10BC800040F22551DD48FFF7D9FB0821DB48FFF7DB
:10BC900095FB012806D10821D848FFF79CFBD7481F
:10BCA000FFF722FB40F22661D448FFF79DFB70B1FD
:10BCB00040F22661D148FFF7C1FB6946002004F03D
:10BCC000E1FC20B19DF80010CC48FFF709FBFFF71D
:10BCD000E3FE38BD38B5FFF75BFDC5480078401C72
:10BCE000C3490870FFF75DFD40F22551C448FFF7D6
:10BCF0007BFB60B1C248FFF7F7FA0446E1B20120CE
:10BD000004F0B0FD40F22551BD48FFF797FB082134
:10BD1000BB48FFF753FB012806D10821B848FFF7BD
:10BD20005AFBB748FFF7E0FA40F22661B448FFF744
:10BD30005BFB98B140F22661B148FFF77FFB694693
:10BD4000012004F09FFC28B19DF80010AC48FFF7DB
:10BD5000C7FA03E04021AB48FDF751FFFFF79CFE17
:10BD600038BD38B5FFF714FDA1480078401CA04944
:10BD70000870FFF716FD40F22551A348FFF734FB8A
:10BD800060B140F22551A048FFF758FB9E48FFF7ED
:10BD9000ABFA0446E1B2022004F064FD08219A489F
:10BDA000FFF70CFB012806D108219748FFF713FB8A
:10BDB0009548FFF799FA40F226619348FFF714FB84
:10BDC00070B140F226619048FFF738FB69460220C7
:10BDD00004F058FC20B19DF800108B48FFF780FA62
:10BDE000FFF75AFE38BD38B5FFF7D2FC804800781F
:10BDF000401C7F490870FFF7D4FC40F2255183486E
:10BE0000FFF7F2FA60B18148FFF76EFA0446E1B23B
:10BE1000032004F027FD40F225517C48FFF70EFB7C
:10BE200008217A48FFF7CAFA012806D10821774885
:10BE3000FFF7D1FA7548FFF757FA40F226617348C9
:10BE4000FFF7D2FA70B140F226617048FFF7F6FAB8
:10BE50006946032004F016FC20B19DF800106B48E1
:10BE6000FFF73EFAFFF718FE38BD38B5FFF790FC34
:10BE70005F480078401C5E490870FFF792FC40F272
:10BE800025516348FFF7B0FA60B16148FFF72CFA1B
:10BE90000446E1B2042004F0E5FC40F225515C4880
:10BEA000FFF7CCFA08215A48FFF788FA012806D193
:10BEB00008215748FFF78FFA5548FFF715FA40F267
:10BEC00026615348FFF790FA70B140F2266150485E
:10BED000FFF7B4FA6946042004F0D4FB20B19DF8C2
:10BEE00000104B48FFF7FCF9FFF7D6FD38BD10B541
:10BEF0004848D0E90010484AC2E900104748008885
:10BF0000474908800021434A11605160002043499D
:10BF1000088044480068444908604448008844490F
:10BF2000088000203F4908604049088001210846F8
:10BF3000FFF743FD10BD2DE9F05F4FF0000AD34637
:10BF40003C480088401C3B4908803B49B1F90E1031
:10BF5000394AB2F90C20881A20F006F837490860EF
:10BF6000344800884FF4FA7190FBF1F201FB1200A3
:10BF70001FFA80FB31480068314941F82B002D48F9
:10BF80000088B0F5FA7F7DDA2A480088032801DAB4
:10BF9000BDE8F09F27490988491E294A52F8210027
:10BFA000002120F00DF812D222490988891E244A66
:10BFB00052F82100002120F003F808D220491D4A40
:10BFC000128851F82200002120F0FAF84DD91949C1
:10BFD0000988491E1A4A52F82100002120F0F0F881
:10BFE00079D22FE04861646661756C740A000000C4
:10BFF0002D000020404E0020704D002000380140F0
:10C00000004400400010014000480040004C004047
:10C010000050004038050020480500204005002061
:10C0200050050020E8060020F0060020EC06002065
:10C03000F40600204C000020489300204800002017
:10C04000B03C0020FB490988891EFB4A52F82100B8
:10C05000002120F0B5F8C3D2F749F64A128851F80A
:10C06000220000211FF0ACFF35D8F448008870B9D9
:10C07000F04800881FF090FFF0490A880988491CA1
:10C08000EE4B00E028E01980ED4941F82200E94834
:10C0900000881FF081FF0546E8480088401EE84AF6
:10C0A00052F82010284620F0C7F80446E54920F051
:10C0B00087F87DD2DF4800881FF06EFFDF490A88CD
:10C0C0000988491CDD4B1980DD4941F82200012017
:10C0D000DD4981F850036BE0D848008802282ADD4A
:10C0E0004FF0000A1EE0D64A52F82A1013460AF111
:10C0F000010253F8220020F09FF804461FF014FFBD
:10C10000D2490860D2480088401CD1490880D148F3
:10C110000068CE4909680844CE4908600AF1010068
:10C120001FFA80FAC5490988481E00EBD0714910F2
:10C13000BAEB410FD7DBC6480088002824DDC5488C
:10C140000068C3490988B0FBF1F0C3490860096879
:10C1500048001FF0C3FA06460022C04B1FF00EFB3A
:10C16000804642460B460020BD491FF0EBF80446CE
:10C170001FF070FABB490880BB480088B0F5FA7F11
:10C1800002DD0020B84908800020AC490880B04991
:10C190000880A8490880AF490860AC4908600A21B6
:10C1A000A7481EF052FD4FF4FA71A3481EF04DFD52
:10C1B00000BFEDE610B5FFF7EBFAAC480078401C85
:10C1C000AA490870FFF7EDFA0120FDF71CF9FFF707
:10C1D000B2FE0EF02EFB16F007FA16F0E3FAFFF7A8
:10C1E0005BFC10BD70B500240025FFF7D1FA9F4815
:10C1F0000078401C9D490870FFF7D3FA04219C4841
:10C20000FEF71DFF01287DD19948FEF7FCFE05468B
:10C2100098480088281A84B243F2D400844272D924
:10C22000954804809548D0E90010954AC2E900106D
:10C2300094480088944908800021904A1160516018
:10C240000020904908809148D0E90010904AC2E946
:10C250000010904800889049088000218B4A1160A6
:10C26000516000208B4908808C48D0E900108C4A2E
:10C27000C2E900108B4800888B4908800021874A5A
:10C28000116051600020874908808848D0E900107B
:10C29000874AC2E900108748008887490880002142
:10C2A000824A116051600020824908808348D0E9A9
:10C2B0000010834AC2E90010824800888249088041
:10C2C00000207E4A106050607E4908807F48D0E997
:10C2D00000107F4AC2E900107E4800887E4908802D
:10C2E00000207A4A106050607A4908807B480068D4
:10C2F0007B4908607B4800887B490880002077499B
:10C30000086001E05CE051E0764908807748D0E9B8
:10C310000010774AC2E90010764800887649088004
:10C320000020724A10605060724908807348D0E95A
:10C330000010734AC2E900107248008872490880F0
:10C3400000216E4A1160516000206E4908806F49DB
:10C3500003C96F4A03C26F4800886F4908800020F4
:10C360006A4A106050606B4908806C48D0E9001040
:10C370006B4AC2E900106B4800886B4908800020B6
:10C38000664A10605060674908806848D0E900102C
:10C39000674AC2E9001067480088674908800021A1
:10C3A000624A11605160002062490880314805806E
:10C3B00001210846FFF701FB04212D48FEF750FE3E
:10C3C000FFF76AFB70BD10B5FFF7E2F92748007868
:10C3D000401C26490870FFF7E4F95848008810F01F
:10C3E000100F24D001215648FCF72DF900BF04217D
:10C3F0005348FCF7D5F90028F9D014215048FCF730
:10C400008EF9504908800846008800B24E490880DD
:10C410004E48808FB1F90010884209DA4B48808F6E
:10C4200049490988081A00B24749088093E0ACE0FE
:10C430008EE000004C000020B03C00204E000020A8
:10C44000883C00200000A042404E00204000002018
:10C45000500000203C0000204400002000C04B4061
:10C4600084D797412C080020520000202D00002086
:10C4700000040040540000202A0800202806002064
:10C480003806002030060020400600204806002024
:10C490005806002050060020600600206806002094
:10C4A0007806002070060020800600207804002016
:10C4B000880400208004002090040020F80400205C
:10C4C0000805002000050020100500203805002088
:10C4D000480500204005002050050020E806002007
:10C4E000F0060020EC060020F4060020B007002033
:10C4F000C0070020B8070020C807002098040020CB
:10C50000A8040020A0040020B0040020D0070020D0
:10C51000E0070020D8070020E8070020F0070020EF
:10C5200000080020F807002008080020100800205C
:10C5300020080020180800202808002000080040DB
:10C54000002401403008002082070020684C0020B1
:10C5500000202B4908802B48408F2949B1F9001051
:10C560004843800A00B22649088027480068B1F98C
:10C57000001008442449086024480088401C2349CE
:10C58000088004212248FCF714F901212148FEF714
:10C5900067FDFFF781FA10BD10B5FFF7F9F81E48E7
:10C5A0000078401C1C490870FFF7FBF801211B486C
:10C5B000FEF745FD18B101211848FEF751FDFFF7C0
:10C5C0006BFA10BD10B501211548FEF738FDA8B172
:10C5D00014F094FF1348007820B113480068007FDE
:10C5E000022801D116F0B8FC14F0E0FE11F0ECFACC
:10C5F00016F02EF801210A48FEF732FD10BD0000AA
:10C6000082070020684C0020740700207807002073
:10C6100000240140000800402D000020000C0040D4
:10C6200000140040080E00207800002002460A2A6C
:10C6300001DB00207047C84800EB0210807808B981
:10C640000020F7E7C44800EB0210008908B9002079
:10C65000F0E7C14800EB0210C068BF4B03EB0213C8
:10C66000DB88C154BC4800EB0210C088401CBA4BA8
:10C6700003EB0213D880B84800EB0210C088B64B19
:10C6800003EB02131B89984204DB0020B24B03EB3F
:10C690000213D8800120CDE770B503460C460A2B63
:10C6A00001DB002070BDAC4800EB0310807808B9B6
:10C6B0000020F7E7A84800EB0310008908B9002024
:10C6C000F0E704B10AB90020ECE7002123E0605C48
:10C6D000A14D05EB0315ED689F4E06EB0316F6889A
:10C6E000A8559D4800EB0310C088401C9A4D05EBEF
:10C6F0000315E880984800EB0310C088964D05EBC1
:10C7000003152D89A84204DB0020934D05EB03158A
:10C71000E880481C81B29142D9DB0120C2E7024681
:10C720000A2A01DB002070478B4800EB021080785A
:10C7300008B90020F7E7884800EB0210008908B923
:10C740000020F0E7844800EB02108088824B03EB66
:10C750000213DB88984201D10020E4E77E4800EB19
:10C760000210C0687C4B03EB02139B88C05C08700E
:10C77000794800EB02108088401C774B03EB0213D2
:10C780009880754800EB02108088734B03EB02130E
:10C790001B89984204DB00206F4B03EB0213988047
:10C7A0000120C0E770B503460D460A2B01DB0020CF
:10C7B00070BD694800EB0310807808B90020F7E7E6
:10C7C000654800EB0310008908B90020F0E70DB9B7
:10C7D0000020EDE72AB1604800EB03100089904289
:10C7E00004DA5D4800EB0310048900E014460021E0
:10C7F0002FE0594800EB03108088574E06EB0316D4
:10C80000F688B04201D10846D2E7534800EB031046
:10C81000C068514E06EB0316B688805D68544E48DA
:10C8200000EB03108088401C4B4E06EB0316B080D3
:10C83000494800EB03108088474E06EB0316368903
:10C84000B04204DB0020444E06EB0316B080481CC7
:10C8500081B2A142CDDB2046AAE710B504460A2CDE
:10C8600001DB002010BD3C4800EB0410807808B9C3
:10C870000020F7E7384800EB0410008908B90120D0
:10C88000F0E70020344901EB04118880324901EBC4
:10C890000411C880304A02EB041211892E4A02EBBF
:10C8A0000412D06830221EF0A6F90120DAE7014612
:10C8B0000A2901DB00207047274800EB011080782F
:10C8C00008B90020F7E7244800EB0110008908B9F7
:10C8D0000120F0E70020204A02EB011290801E4A5E
:10C8E00002EB0112D0801C4A02EB011210811A4A9D
:10C8F00002EB01129070184A02EB0112D060012085
:10C90000D9E707B503460A2B01DB00200EBD12480C
:10C9100000EB03108078012800D1F7E7029808B9EE
:10C920000020F3E70C4901EB03110298C8600020D6
:10C93000094901EB03118880074901EB0311C88005
:10C94000054901EB0311019808810120024901EB1F
:10C950000311887000BFD9E7804400202DE9F04121
:10C9600004460D4616461F464FF0000814B9002035
:10C97000BDE8F081207E08B10120F9E71C212046A6
:10C980001EF063F9E06860B9284602F0DBF8E06069
:10C99000E06808B90020EBE72946E0681EF033F9AB
:10C9A00025822068A0B9381D70431FFA80F84046E0
:10C9B00002F0C8F82060206820B9E06802F0C8F8EA
:10C9C0000020D5E7414620681EF01DF926716771E9
:10C9D0000120207600BFCBE7014609B1087E08B9E7
:10C9E000002070478879FCE72DE9F04104460CB13E
:10C9F000207E10B90020BDE8F081A07908B901209F
:10CA0000F9E76079001DE279216800FB02177D8853
:10CA10003E887019218A884205DAE168881929461A
:10CA20001EF0F1F80DE0208A801B1FFA80F8E16803
:10CA3000881941461EF0E7F8A5EB0801E0681EF0F2
:10CA4000E2F8E08A401BE0826079011D38461EF062
:10CA5000DAF8E079401C217990FBF1F201FB120039
:10CA6000E071A079401EA0710120C4E72DE9F05FBC
:10CA700004468A4617469B4614B1207E00B117B97A
:10CA80000020BDE8F09FA07908B90020F9E75946D9
:10CA900038461EF0B8F86079001DE279216800FB85
:10CAA0000218B8F80250B8F800605D4501DD0020BA
:10CAB000E7E77019218A884206DAE06881192A4678
:10CAC00038461EF021F810E0208A801B1FFA80F9FA
:10CAD000E06881194A4638461EF016F8A5EB0902AF
:10CAE00007EB0900E1681EF00FF8607940B1BAF178
:10CAF000000F05D0627908F1040150461EF004F8D9
:10CB00002846BEE72DE9F05F0446894616461D46D5
:10CB1000DDF828A014B1207E00B13EB9F3A29D211A
:10CB2000F84800F02EFC0020BDE8F09FA0792179A4
:10CB300088420CDBBAF1000F06D1F3A2A521F1481F
:10CB400000F01FFC0020EFE72046FFF74DFF0CE050
:10CB5000BAF1000F06D1F2A2AF21EA4800F011FCB1
:10CB60000020E1E72046FFF73FFFE08A2844218AC2
:10CB70008842EDDCA08A2844218A90FBF1F201FB77
:10CB800012001FFA80FBA08A6082A4F814B0E08A29
:10CB90002844E082A08A618A884213DA208A618A66
:10CBA000401A1FFA80F8628AE168881842463146C6
:10CBB0001DF0AAFFA5EB080206EB0801E0681DF0D6
:10CBC000A3FF06E0628AE16888182A4631461DF014
:10CBD0009BFF6079001D227A216800FB0217608AA2
:10CBE00038807D80607938B1B9F1000F04D0627966
:10CBF0004946381D1DF088FF207A401C217990FBA2
:10CC0000F1F201FB12002072A079401CA0710120FA
:10CC10008AE7012000F03FFA00F042FA08B5FCF77D
:10CC200020FC3520FCF7B8FEC348FCF75FFC009001
:10CC3000FCF723FC08BDFFF7F1FF012000F02BFA01
:10CC400000F02EFA10B5002019F08AFD10BD10B5C5
:10CC50000446BA48006830B9B9A1AFF2490003F000
:10CC600068FCB64908604FF47A7004FB00F1B348E1
:10CC7000006803F040FC10BD10B50446B4480068DD
:10CC800030B9B4A1AFF2510003F053FCB0490860D1
:10CC90004FF47A7004FB00F1AD48006803F02BFC00
:10CCA00010BD10B50446AF48006830B9AEA1AFF270
:10CCB0006B0003F03EFCAB4908602146A9480068C0
:10CCC00003F019FC10BD0146302905DB392903DCCE
:10CCD000A1F13000C0B27047412905DB462903DCD1
:10CCE000A1F13700C0B2F6E7612905DB662903DC54
:10CCF000A1F15700C0B2EEE70020ECE730B50246E4
:10CD00000B46002409E012F8010BFFF7DCFF04EBEF
:10CD1000840100EB4104581EC3B2002BF3DC204613
:10CD200030BD014601F00F010A2903DA01F130009C
:10CD3000C0B2704701F13700C0B2FAE7FFB505464F
:10CD40000C460023102A02D9002004B0F0BD00BF19
:10CD50000A20B4FBF0F100FB11473846FFF7E1FF72
:10CD60000DF80300581CC3B20A2C00D203E00A20BD
:10CD7000B4FBF0F4ECE700BF02B91A46934201DBC2
:10CD8000134607E004E030200DF80300581CC3B23E
:10CD90009342F8DB0DEB0206761E134605E016F80B
:10CDA000010905F8010B501EC2B2002AF7DC184633
:10CDB000CBE70146642291FBF2F302FB1312D1B2DE
:10CDC0000A2291FBF2F2D0B20207100E0A2291FB66
:10CDD000F2F302FB13120244D0B2704701460A116B
:10CDE00002EB8202500001F00F020244D0B2704701
:10CDF0002DE9FC47064688461746062F00D9062728
:10CE0000002000900190012414E0C4F1060000F01D
:10CE1000FF096420B6FBF0F100FB116A5046FFF7F2
:10CE2000C8FF0DF809006420B6FBF0F606B903E070
:10CE3000601CC4B2062CE8D900BF0FB9254600E03B
:10CE40003D4600240AE0C5F10600204400F0FF0939
:10CE50001DF8090008F8010B601CC4B2AC42F2DBFB
:10CE60002846BDE8FC8770B504460D46164607E027
:10CE700015F8010BFFF79DFF04F8010B701E86B239
:10CE8000002EF5DC70BD30B503460C46154607E0B4
:10CE900014F8010BFFF7A2FF03F8010B681E85B21F
:10CEA000002DF5DC30BD10B502460B46107801218F
:10CEB00003E0545C60404C1CA1B29942F9DB10BD08
:10CEC00010B50246002003E01388034498B2921C78
:10CED0000B00A1F10104A1B2F6D110BDF0B50346DB
:10CEE00000259D180024002058E00000717565752C
:10CEF0006550757368206572726F722031206F758E
:10CF0000740A000042C30208717565756550757337
:10CF100068206572726F722032206F75740A00008B
:10CF2000717565756550757368206572726F7220D2
:10CF300033206F75740A0000FCFF030858000020BE
:10CF40007379735265626F6F74546D7200000000E4
:10CF50005C0000207570646174655265626F6F7467
:10CF6000546D7200600000207570646174655374C4
:10CF7000617465546D72000015F8016B70400024F7
:10CF80000AE010F0010F04D04AF2010686EA6000C0
:10CF900000E04010661CB4B2082CF2DB0E00A1F1D8
:10CFA0000101E9D1F0BD30B504460D460022294605
:10CFB0002046FFF793FF30BD2DE9F84305460E46A6
:10CFC000904699460024002700BF22E02A5D49468A
:10CFD00068461DF081FA002717E0285D102809DA5D
:10CFE000302006F814009DF80000012101EB4401F7
:10CFF000705408E0285D08B9302028551DF8070056
:10D0000007EB44017054781CC7B2022FE5DB601CAB
:10D01000C4B24445DADBBDE8F8832DE9F0470446A5
:10D020000E4600270025A846A9460CB9BDE8F087A2
:10D0300000272AE04FF0000900251CE06A1C54F884
:10D04000221054F825001FF0BBF812D254F8250026
:10D050001EF06AFF1FFA80F8681C54F8200044F89C
:10D06000250040461EF098FF691C44F821004FF04F
:10D070000109681CC5B2701EC01BA842DEDCB9F1F4
:10D08000000F00D104E0781CC7B2701EB842D1DC9A
:10D0900000BF00BFCAE700F0010181F313887047A9
:10D0A0000648006800F4E06005490843001D034994
:10D0B0000860BFF3408F00BFFEE700000CED00E00A
:10D0C0000000FA05F9490870704710B5044621467A
:10D0D000052003F017FB10BD10B504460A2C06D13D
:10D0E0000D20FFF7F2FF0A20FFF7EFFF02E02046D6
:10D0F000FFF7EBFF10BD10B5044604B910BD0EE0FC
:10D1000020780A2807D10D20FFF7DFFF0A20FFF75C
:10D11000DCFF641C03E014F8010BFFF7D6FF207856
:10D120000028EDD100BFE9E770B504460D460026A2
:10D1300004E014F8010BFFF7C8FF761CAE42F8DBE1
:10D1400070BD70B504462011FFF7EBFD0546FFF7F3
:10D15000BCFF2046FFF7E5FD0546FFF7B6FF2020A0
:10D16000FFF7B3FF70BD70B504460D4605E014F837
:10D17000010BFFF7E6FF681E85B2002DF7DC70BDDE
:10D180000FB42DE9F0439FB0C948006880B94FF44F
:10D19000806001F0D7FCC64908600846006838B9CD
:10D1A000C4A0FFF7A8FF1FB0BDE8F0035DF814FBB3
:10D1B000BF4804684FF4806120461DF024FD202103
:10D1C00017A81DF042FD402107A81DF03EFD01F00B
:10D1D000CDFD054668792979EA78AB78CDE9013249
:10D1E000CDE90310687800902B78BAA24FF4007153
:10D1F00020461DF085F920461DF01CFC044427A89C
:10D200000690B2E026980078252807D02698007866
:10D2100004F8010B2698401C2690A6E02698401C96
:10D22000269000786D2867D00CDC642813D004DCCD
:10D2300058282ED063286FD142E0682849D06C2846
:10D24000F9D109E06F281AD0702875D0732864D0FE
:10D250007828F0D127E000BF069880C806903B46AA
:10D26000A5A2102117A81DF04BF9102217A92046DE
:10D270001DF012FD17A81DF0DDFB044470E00698B8
:10D2800080C806903A469DA120461DF025F9083435
:10D2900066E0069880C806903A469AA120461DF09E
:10D2A0001BF9241D5CE0069810F8041B01F0FF092F
:10D2B00006904A4695A120461DF00EF9A41C4FE0A9
:10D2C000069810F8041B01F0FF09069004F8019B72
:10D2D00046E0069840C80690069880C8069006E08A
:10D2E00016F8012B8BA120461DF0F6F8E41C381E21
:10D2F000A7F10107F4DC33E0069840C806900698D1
:10D3000080C8069003E016F8010B04F8010B381EE4
:10D31000A7F10107F7DC23E021E0069850F8048B21
:10D32000069042467DA120461DF0D6F840461DF0ED
:10D3300081FB044414E0FFE7069840C8069033469A
:10D3400077A2102117A81DF0DBF8102217A920469C
:10D350001DF0A2FC17A81DF06DFB044400E000BF07
:10D3600000BF2698401C269000BF26980078002811
:10D370007FF448AF06904E480068FFF7BCFE00BF40
:10D3800011E70FB42DE9F04F9FB082468B46474816
:10D39000007820B91FB0BDE8F00F5DF814FB6248BB
:10D3A0000078012800D1F5E74148006860B94FF4E2
:10D3B000806001F0C7FB3E4908600846006818B964
:10D3C0003CA0FFF798FEE5E7394804684FF4806118
:10D3D00020461DF018FC202117A81DF036FC402126
:10D3E00007A81DF032FC01F0C1FC054668792979D7
:10D3F000EA78AB78CDE90132CDE903106878009086
:10D400002B7834A24FF4007120461DF079F82046A5
:10D410001DF010FB04442BA80690FBE02A9800782E
:10D42000252807D02A98007804F8010B2A98401C78
:10D430002A90EFE02A98401C2A9000786D2834D07A
:10D440000CDC642813D004DC582872D063286ED119
:10D450008AE068286CD06C28F9D109E06F281AD0CE
:10D46000702871D0732870D07828F0D16EE000BF9A
:10D47000069880C806903B461FA2102117A81DF0F1
:10D480003FF8102217A920461DF006FC17A81DF032
:10D49000D1FA0444B9E0069880C806903A4617A12C
:10D4A00020461DF019F80834AFE07AE0680000204B
:10D4B000640000205B6E65745D206D616C6C6F6351
:10D4C000206C6F67427566666572206572726F7256
:10D4D0000A0000005B3230253032642D2530326482
:10D4E0002D2530326420253032643A253032643ABA
:10D4F000253032645D200000256400002530385856
:10D50000000000002530345800000000253032585B
:10D510000000000025303258200000002573000074
:10D520003078257000000000080E002001E06BE05C
:10D5300023E0069880C806903A46AFF238012046AC
:10D540001CF0CAFF241D60E04AE03AE0069810F89B
:10D55000041B01F0FF0906904A46AFF25001204635
:10D560001CF0BAFFA41C50E0069810F8041B01F050
:10D57000FF09069004F8019B47E0069840C8069012
:10D58000069880C8069007E016F8012BAFF27C01E0
:10D5900020461CF0A1FFE41C381EA7F10107F3DCB4
:10D5A00033E0069840C80690069880C8069003E0CD
:10D5B00016F8010B04F8010B381EA7F10107F7DC80
:10D5C00023E0069850F8048B06904246AFF2B4016F
:10D5D00020461CF081FF40461DF02CFA044414E064
:10D5E000069840C806903346AFF2CC02102117A827
:10D5F0001CF086FF102217A920461DF04DFB17A82E
:10D600001DF018FA044400E000BF00BF2A98401C37
:10D610002A9000BF2A98007800287FF4FFAE069079
:10D6200090480068FFF767FD00BFB3E60FB42DE92F
:10D63000F04F85B08C48007820B905B0BDE8F00FF8
:10D640005DF814FB89480078012800D1F5E70FA8A0
:10D6500000900027FDE00E980078252807D00027CD
:10D660000E9911F8010B0E91FFF736FDF1E00E98BF
:10D67000401C0E9000786D2877D00EDC642819D0FD
:10D6800006DC532872D0582847D063286FD162E057
:10D6900068286FD06C28F9D10DE0732869D004DCBC
:10D6A0006F2830D07028F1D182E0742811D078280A
:10D6B000ECD133E000BF009820C80090FAB22946B0
:10D6C00001A8FFF73BFB8046414601A8FFF72CFD70
:10D6D000BAE0009840C80090009820C8009000244C
:10D6E0000EE016F8011B002201A8FFF727FB804679
:10D6F000414601A8FFF718FD2020FFF7E6FC641C57
:10D70000AC42EED3A0E0009810F8041B01F0FF0A31
:10D7100000905046FFF715FD96E000BF009820C826
:10D720000090002414E0C4F10300C00025FA00F0CA
:10D7300000F0FF084FEA2810FFF7F3FA8346FFF7DF
:10D74000C4FC4046FFF7EDFA8346FFF7BEFC641CBD
:10D75000042CE8D378E0009810F8041B01F0FF0ACD
:10D7600000905046FFF7B1FC6EE00EE041E05EE055
:10D7700000E015E0009840C80090009820C8009094
:10D78000A9B23046FFF7EFFC5EE0009840C8009079
:10D79000009820C80090A9B23046FFF7C5FC53E0BE
:10D7A000009850F8049B00904846FFF7A4FC4BE01B
:10D7B000009840C8009035462DA0FFF79CFC00243F
:10D7C00014E0C4F10300C00025FA00F000F0FF08E7
:10D7D0004FEA2810FFF7A5FA8346FFF776FC40468C
:10D7E000FFF79FFA8346FFF770FC641C042CE8D314
:10D7F0002AE0009840C80090009820C800900024BB
:10D8000012E016F8018B4FEA2810FFF78AFA8346D8
:10D81000FFF75BFC4046FFF784FA8346FFF755FCB1
:10D820002020FFF752FC641CAC42EAD30CE00E98B7
:10D830000778302F03D9392F01D2303F03E000277A
:10D840002520FFF742FC00BF00BF0E98401C0E9041
:10D8500000BF0E98007800287FF4FDAE009000BF56
:10D86000EBE600006400002068000020080E0020A5
:10D870003078000010B5FCF761FA4FF48030FCF707
:10D880007DFAFCF7BAFA0446012C27D10020FCF7F8
:10D89000FBFA0020FCF70AFBA002FCF7FEFAE0030B
:10D8A000FCF71EFB1020FBF7D1FD0220FBF7BAFDB1
:10D8B0004FF4E0112004FCF7CAFA0120FCF7D3FA78
:10D8C00000BF3920FCF77DFA0028FAD00220FCF7CF
:10D8D000CDFA00BFFCF7D3FA0828FBD101210420C0
:10D8E000FCF79CFB01210820FCF798FB012110208C
:10D8F000FCF794FB01212020FCF790FB0121402044
:10D90000FCF78CFB01218803FCF788FB01214FF415
:10D91000F010FCF790FB01210846FCF77FFB01218A
:10D920004802FCF77BFB01210846FCF76AFB01215A
:10D93000C802FCF773FB01210420FCF77CFB0121EA
:10D940000220FCF778FB01210846FCF774FB01215B
:10D950004806FCF770FB01210820FCF76CFB012155
:10D960002020FCF768FB10BD08B5FE48FCF73AF82C
:10D97000FD48FCF737F8FD48FCF734F8FC48FCF7A5
:10D9800031F8FC48FCF72EF80121FB48FCF759F967
:10D99000C020ADF8000014208DF8030003208DF89E
:10D9A00002006946F048FCF77DF80120ADF8000060
:10D9B00010208DF8030003208DF802006946E94825
:10D9C000FCF770F80121E748FCF719F94FF4004023
:10D9D000ADF8000010208DF8030003208DF8020040
:10D9E0006946E148FCF75EF84FF40041DE48FCF779
:10D9F00006F94FF40050ADF8000004208DF8030044
:10DA000003208DF802006946D748FCF74BF8C02088
:10DA1000ADF8000010208DF8030003208DF80200FF
:10DA20006946D048FCF73EF84021CE48FCF7E7F8BD
:10DA30008021CC48FCF7E3F844F22020ADF8000048
:10DA400010208DF8030003208DF802006946C648B7
:10DA5000FCF728F84FF40071C348FCF7D0F82021F8
:10DA6000C148FCF7CAF84FF48041BF48FCF7C5F83D
:10DA7000C020ADF8000010208DF8030003208DF8C1
:10DA800002006946B948FCF70DF84021B748FCF799
:10DA9000B6F88021B548FCF7B2F81820ADF80000C0
:10DAA00004208DF8030003208DF802006946AE487B
:10DAB000FBF7F8FF4FF40040ADF8000004208DF8AC
:10DAC000030003208DF802006946A648FBF7EAFF31
:10DAD00008BD08B54FF400410803FAF727FC4FF4DE
:10DAE000A060FAF7EBFB25208DF8000002208DF8EE
:10DAF000010000208DF8020001208DF80300684627
:10DB0000FAF7E1FB26208DF8000002208DF80100D5
:10DB100001208DF802008DF803006846FAF7D3FB68
:10DB200027208DF8000002208DF801008DF80200FA
:10DB300001208DF803006846FAF7C5FB34208DF804
:10DB4000000002208DF801008DF8020001208DF800
:10DB500003006846FAF7B7FB35208DF80000022075
:10DB60008DF801008DF8020001208DF80300684651
:10DB7000FAF7A9FB0B208DF8000002208DF80100B8
:10DB800003208DF8020001208DF803006846FAF7A3
:10DB90009AFB1E208DF8000002208DF80100002065
:10DBA0008DF8020001208DF803006846FAF78BFB20
:10DBB0001D208DF8000002208DF8010003208DF853
:10DBC000020001208DF803006846FAF77CFB142060
:10DBD0008DF8000002208DF8010000208DF8020071
:10DBE00001208DF803006846FAF76DFB13208DF8CD
:10DBF000000002208DF8010000208DF802000120B5
:10DC00008DF803006846FAF75EFB32208DF80000BD
:10DC100002208DF8010003208DF8020001208DF80C
:10DC200003006846FAF74FFB37208DF8000002200A
:10DC30008DF8010003208DF8020001208DF803000B
:10DC40006846FAF740FB08BD08B54FF48060ADF8B0
:10DC5000000004208DF8030003208DF802006946BF
:10DC60004048FBF71FFF4FF40070ADF8000018208C
:10DC70008DF8030003208DF8020069463948FBF750
:10DC800011FF01214804FCF7D6F90420ADF800008B
:10DC900018208DF8030003208DF8020069463148F2
:10DCA000FBF700FF0820ADF8000004208DF803000A
:10DCB00003208DF8020069462A48FBF7F3FE4FF473
:10DCC0000060ADF8000004208DF8030003208DF8FB
:10DCD000020069462548FBF7E5FE4FF48060ADF889
:10DCE000000018208DF8030003208DF8020069461B
:10DCF0001E48FBF7D7FE0420ADF800008DF80300A6
:10DD000003208DF8020069461948FBF7CBFE4FF45B
:10DD10008050ADF8000018208DF8030003208DF826
:10DD2000020069461148FBF7BDFE4FF40060ADF8F4
:10DD3000000004208DF8030003208DF802006946DE
:10DD40000948FBF7AFFE4FF48060ADF800001820E3
:10DD50008DF8030003208DF8020069460248FBF7A6
:10DD6000A1FE08BD00080140000C01400010014068
:10DD700000140140001801400002300010B588B0C6
:10DD8000322401214806FCF756F94FF40060ADF843
:10DD9000000048208DF803006946F748FBF782FE33
:10DDA0004FF48050ADF8000018208DF803000320D8
:10DDB0008DF802006946F048FBF774FEEF48FAF769
:10DDC00013FD05A8FAF734FE00208DF81A00012093
:10DDD0008DF81B0000208DF81C008DF81D008DF8BB
:10DDE0001E008DF81F008DF8160002208DF8170018
:10DDF0000A208DF8180003208DF81900B4F57A7FF9
:10DE000003D10620ADF814002BE0B4F5FA7F03D15E
:10DE10000C20ADF8140024E0FA2C03D11820ADF842
:10DE200014001EE07D2C03D13020ADF8140018E062
:10DE3000642C03D13C20ADF8140012E0322C03D145
:10DE40002D20ADF814000CE0142C04D14FF4967082
:10DE5000ADF8140005E00A2C03D14FF41670ADF8AC
:10DE6000140005A9C548FAF7D8FC00208DF80E006B
:10DE70008DF80F0001208DF810000020ADF804008F
:10DE8000ADF80600ADF80800ADF80A00ADF80C00DA
:10DE900001208DF8110001A8FAF749FD01220321A4
:10DEA000B648FBF743F808B010BD00B58BB0B448D6
:10DEB000FBF790F9B3480090B3480190002002901E
:10DEC0000A200390002004908020059040000690D6
:10DED00080000790202008900002099000200A90FE
:10DEE0006946A748FBF718FA01220221A448FBF76C
:10DEF0004AFA0121A248FBF73AFA0BB000BD00B57F
:10DF000087B004A8FCF7A2FD4FF4FA70ADF8140036
:10DF10000720ADF810000020ADF81600ADF8120093
:10DF200004A94FF08040FCF765FA6020ADF80000CE
:10DF30000120ADF802000420ADF80400FA20ADF88D
:10DF400006000220ADF808000820ADF80A004001E4
:10DF5000ADF80C000020ADF80E0069464FF080408F
:10DF6000FCF7C7FA01218807FCF7A0FD012188070B
:10DF7000FCF7A8FD07B000BD0EB56320ADF80400A6
:10DF80004720ADF800000020ADF80600ADF8020013
:10DF900069467E48FCF72EFA01217C48FDF74CF8D3
:10DFA000012211467948FCF79CFD01217748FCF7D6
:10DFB0007DFD0EBD10B5FFF7A2FFFFF7DDFF10BD21
:10DFC00000B587B072480068724908604FF400409D
:10DFD000FBF786FFFFF769FFFFF7ECFF3220ADF894
:10DFE000040000208DF8070001A96348FBF75AFDE3
:10DFF0000320ADF8040000208DF8070001A9664851
:10E00000FBF750FD3F20ADF8040000208DF807001D
:10E0100001A96248FBF746FD0020029001208DF81F
:10E020000C0000208DF80D004FF4C020049000205B
:10E0300005900A208DF8180002A952484C38FAF7CA
:10E04000D2F90323012211464E484C38FAF763FAFD
:10E050000323022204214B484C38FAF75CFA0323CD
:10E060001A46082147484C38FAF755FA0323042288
:10E07000092144484C38FAF74EFA032305220A21B5
:10E0800040484C38FAF747FA032306220B213D4853
:10E090004C38FAF740FA032307220C2139484C3850
:10E0A000FAF739FA032308220D2136484C38FAF7DB
:10E0B00032FA032309220F2132484C38FAF72BFA9F
:10E0C00003230A2205212F484C38FAF724FA0121AC
:10E0D0002C484C38FAF70DFB2E4800686FF30F0000
:10E0E0002F49884207D1052301220E2125484C38AB
:10E0F000FAF7BEFA06E001231A460E2121484C38F1
:10E10000FAF7B6FA002214211E484C38FAF7FDFA45
:10E110004FF4E0411B484C38FAF782FA01211948C4
:10E120004C38FAF797F9012116484C38FAF74FFAAC
:10E13000012114484C38FAF782F9164800686FF349
:10E140000F001749884215D00E484C38FAF799F954
:10E1500000BF0C484C38FAF799F90028F9D1094862
:10E160004C38FAF79DF900BF06484C38FAF79DF98C
:10E170000028F9D107B000BD00080140006400404C
:10E18000080002404C240140489300200014004045
:10E19000002102406C000020000C014000100140F2
:10E1A0000000454200B589B04FF48070ADF8200002
:10E1B00018208DF8230003208DF8220008A93C4880
:10E1C000FBF770FC4FF40070ADF8200018208DF8BC
:10E1D000230003208DF8220008A93548FBF762FCD4
:10E1E0000220ADF814002020ADF8160042F6E060E1
:10E1F000ADF818000020ADF81A008DF81C0005A934
:10E200002C48FCF7F7F86020ADF804000120ADF8C9
:10E2100006000020ADF80A000220ADF80C0001A9AC
:10E220002448FCF7B3F908212248FCF785FD0122B8
:10E2300011462048FCF755FC01211E48FCF736FC2E
:10E2400009B000BD10B5FFF7ADFF10BD10B545F228
:10E250005550FDF7D5F90720FDF7D5F94FF40060CB
:10E26000FDF7D4F9FDF7D5F9FDF7D8F910BD10B5D4
:10E27000FDF7CFF910BD10B508210D48FBF7A3FC41
:10E2800008B1012010BD0020FCE710B5F9F7F6FF3A
:10E29000FFF7F0FAFFF768FBFFF7D6FCFFF76EFD1C
:10E2A000FFF78EFEFFF7CEFFF9F7EAFF10BD000083
:10E2B000000C01400008004030B5FE49B1F1807FFC
:10E2C00000D31DE021F07F40401E4FF0E02250615E
:10E2D00050170F22002807DA13071D0EF64B00F027
:10E2E0000F04241F1D5503E013071C0EF34B1C5491
:10E2F00000BF00204FF0E02290610720106100BFB6
:10E3000030BD0021EE4A116051600120ED490880C6
:10E310000021ED4A11605160EC4908800020EC4971
:10E320000880EC490880EC4A106050600120EB49FD
:10E3300008800021EA4A11605160EA490880002003
:10E34000E9490880E94908800021E94A11605160E3
:10E350000120E84908800021E74A11605160E7493F
:10E3600008800020E6490880E64908800021E64A46
:10E37000116051600120E54908800021E44A1160E4
:10E380005160E44908800020E3490880E34908809F
:10E39000E34A106050600120E24908800020E24A10
:10E3A000106050600120E14908800020E0490880A9
:10E3B000E04908800021E04A116051600120DF49F6
:10E3C00008800020DE4A106050600120DD4908808E
:10E3D0000020DD490880DD4908800021DC4A116009
:10E3E00051600120DB4908800021DB4A1160516047
:10E3F000DA4908800020DA490880DA490880DA49D9
:10E4000008600120D94908800020D949086001200E
:10E41000D84908800020D8490880D8490880D849C0
:10E4200008600120D74908800020D74908600120F2
:10E43000D64908800020D6490880D6490880D649A8
:10E4400008600120D54908800020D54908600120D6
:10E45000D44908800020D4490880D449088000218C
:10E46000D34A116051600120D24908800020D24A6D
:10E47000106050600120D14908800020D0490880F8
:10E48000D04908800021D04A116051600120CF4955
:10E4900008800021CE4A11605160CE4908800020DA
:10E4A000CD490880CD490880CD4A106050600120D8
:10E4B000CC4908800020CC4A106050600120CB4934
:10E4C00008800020CA490880CA4908800021CA4A39
:10E4D000116051600120C94908800020C84A1060BD
:10E4E00050600120C74908800020C7490880C749FB
:10E4F00008800021C64A116051600120C54908808A
:10E500000021C54A11605160C44908800020C449F7
:10E510000880C44908800021C34A1160516001206D
:10E52000C24908800020C24A106050600120C149E1
:10E5300008800020C0490880C04908800021C04AE6
:10E54000116051600120BF4908800021BE4A11605E
:10E550005160BE4908800020BD490880BD4908803F
:10E560000021BD4A116051600120BC490880002093
:10E57000BB4A106050600120BA4908800020BA49A7
:10E580000880BA4908800021B94A11605160012011
:10E59000B84908800021B84A11605160B749088025
:10E5A0000020B7490880B7490880B74A106050601A
:10E5B0000120B64908800020B54A10605060012053
:10E5C000B44908800020B4490880B449088000217B
:10E5D000534A116051600120524908800021524A7B
:10E5E000116051605149088000205149088051490B
:10E5F0000880574A10605060012056490880002169
:10E60000554A1160516055490880002054490880DE
:10E6100054490880A24908600120A24908800020CE
:10E62000A14908600120A14908800020A049088074
:10E63000A0490880A04908600120A0490880002066
:10E640009F49086001209F49088000209E4908805A
:10E650009E49088000219E4A116051609D490880B2
:10E660009D49086000219D4A116051609C490880C5
:10E6700000219C4A116051609B4908809B490860B9
:10E680009B4A106050609B49088000219A4A1160A3
:10E6900051609A4908809A4908600021994A11609E
:10E6A0005160994908800021984A11605160984949
:10E6B00008802FE14019010018ED00E000E400E0BF
:10E6C000580400206004002068040020700400202A
:10E6D00072040020740400207804002080040020CC
:10E6E000880400209004002092040020940400205C
:10E6F00098040020A0040020A8040020B0040020FA
:10E70000B2040020B4040020B8040020C00400209B
:10E71000C8040020D0040020D2040020D40400202B
:10E72000F804002000050020080500201005002046
:10E7300012050020140500201805002020050020E7
:10E740002805002030050020320500203405002077
:10E750003805002040050020480500205005002015
:10E760005205002054050020580500205C050020BB
:10E770006005002064050020660500206805002073
:10E780006C0500207005002074050020780500202D
:10E790007A0500207C0500208005002084050020EB
:10E7A000880500208C0500208E05002090050020A3
:10E7B000A8050020B0050020B8050020C0050020F5
:10E7C000C2050020C4050020C8050020D005002097
:10E7D000D8050020E0050020E2050020E405002027
:10E7E000E8050020F0050020F805002000060020C4
:10E7F0000206002004060020080600201006002063
:10E8000018060020200600202206002024060020F2
:10E810002806002030060020380600204006002090
:10E820004206002044060020480600205006002032
:10E8300058060020600600206206002064060020C2
:10E840006806002070060020780600208006002060
:10E850008206002084060020880600209006002002
:10E8600098060020A0060020A2060020A406002092
:10E87000A8060020B0060020B8060020C006002030
:10E88000C2060020C4060020C8060020D0060020D2
:10E89000D8060020E0060020E2060020E406002062
:10E8A00074070020780700207C07002080070020E4
:10E8B0008207002084070020880700208C070020A2
:10E8C000900700209407002096070020980700205A
:10E8D000B0070020B8070020BC070020C0070020B8
:10E8E000C8070020D0070020D8070020DC07002040
:10E8F000E0070020E8070020F0070020F8070020CC
:10E90000FC07002000080020080800201008002054
:10E910001808002039490860394A106050603949A8
:10E9200008803F2038490880002038490870704727
:10E9300010B5F9F7A3FCFFF7A8FCFFF7E2FC04F021
:10E940003BFBFDF759F800F009F901F01BFE002030
:10E9500005F05EF912F0BEFA14F0D8FA05F03AFBB1
:10E9600012F0A0FB01F04CFD00F09BFAFFF76EFCEB
:10E9700042F21070FDF7EEF8254AC2E90C010422BC
:10E98000FA212448FDF759F8002123488164142115
:10E99000416401224FF4FA712048FDF74EF800213E
:10E9A0001D48816114214161022251021C48FDF77A
:10E9B00044F80021184881620A21416203224FF481
:10E9C000FA711848FDF739F80021134881631421C2
:10E9D000416300224FF4FA711348FDF72EF800202E
:10E9E0000D4988600A204860FFF773F8FFF764FC60
:10E9F000F9F746FCFDF70AF8002010BD1C080020BE
:10EA000020080020280800202E0800209600002062
:10EA1000705700202B400108283C0020CB21020821
:10EA2000759B01083D25020869400108002200216C
:10EA300006E05248806850F8210000B1521C491C81
:10EA4000B1F5107FF5D3642050434FF41073B0FB41
:10EA5000F3F070472DE9F04106464848007B10B9B5
:10EA60004649086880471EB94FF0FF30BDE8F08185
:10EA7000350916F00F0F00D06D1C4FF0000840F262
:10EA80003F2418E03D48806850F8240010B14FF052
:10EA9000000801E008F10108A8450BD1002705E0B6
:10EAA00036488068E11940F821507F1CAF42F7D307
:10EAB0002001DBE7641E002CE4D100202F490873FD
:10EAC000401ED3E72DE9F04106462C48007B28B9CB
:10EAD0002A49086880470020BDE8F08135092748A9
:10EAE000806850F82570002406E0002023498968DA
:10EAF0002A1941F82200641CBC42F6D30120EBE73E
:10EB000070B505462846FFF7A5FF0446601C00D1F6
:10EB100070BD1A4840682044FAE770B5044604B94D
:10EB200070BD16484068A04200D3F9E7134840681A
:10EB3000251AB5F5105F00D3F2E72846FFF7C2FFAC
:10EB400000BFEDE710B504462046FFF7D9FF10BD22
:10EB500010B504462046FFF7E0FF10BD10B54FF496
:10EB6000105107481CF071F84FF4107105481CF063
:10EB70006CF801200149087310BD00009C000020C2
:10EB8000C0570020C07B0020F0B50146087840F255
:10EB90006D1500FB05F34FF4FA6211E04FF4C870F5
:10EBA000B2FBF0F500FB152040B112F0030F06D1C7
:10EBB0006420B2FBF0F500FB152000B15B1C521C79
:10EBC000087800F5FA609042E8D8012204E0501E6F
:10EBD000F34D285C0344521C48789042F7D84D7896
:10EBE000022D1DDD0D7805F5FA654FF4C87695FB0D
:10EBF000F6F706FB175595B10D7805F5FA60C517C0
:10EC000000EB9575AD10B0EB850509D10D7805F5D4
:10EC1000FA65642695FBF6F706FB175505B15B1CF4
:10EC20008878401E034403EB4300C000C0EB001093
:10EC30008000C0EB00108400C878C0EB001080009A
:10EC4000C0EB001080000D79C5EB051500EB8500C9
:10EC50004D79284404442046F0BD70B501463C205F
:10EC6000B1FBF0F400FB1410CE4C60713C20B1FB02
:10EC7000F0F1B1FBF0F400FB1410CA4C20713C2001
:10EC8000B1FBF0F11820B1FBF0F400FB1410C54CFF
:10EC9000E0701820B1FBF0F100221EE002F5FA60EE
:10ECA0004FF4C874B0FBF4F504FB150050B112F03A
:10ECB000030F0AD102F5FA606424B0FBF4F504FBFB
:10ECC000150010B14FF4B77301E040F26D13994293
:10ECD00002D3521CC91A00E001E00029DED100BFB6
:10ECE000B04C227001222BE0501EAD4C235C022A56
:10ECF00020D1AC4C247804F5FA644FF4C87594FB29
:10ED0000F5F605FB1644A4B1A64C247804F5FA6088
:10ED1000C41700EB9474A410B0EB84040AD1A14C86
:10ED2000247804F5FA64642594FBF5F605FB164493
:10ED300004B11D23994202D3521CC91A00E001E01C
:10ED40000029D1D100BF974C6270481CA0702046AA
:10ED500070BD13B5FBF726FA6846FFF715FF0446AA
:10ED6000FBF7EDF9FBF71EFA01201CBD10B5FBF710
:10ED7000DDF904462046FFF770FF10BD1CB51220D8
:10ED80008DF8000001208DF801008DF802008DF84B
:10ED900003008DF804008DF80500DDE90001FFF7A0
:10EDA000D8FF01201CBD10B5002401207E4981F848
:10EDB0006C0301214FF0C050FBF73DF90120FCF737
:10EDC00062FB0420FCF7EFFBA0F570415F3908D02F
:10EDD000FCF7B4FB4FF25F010420FCF7D8FBFFF710
:10EDE000CDFF0120FBF785F805E02046641C6F4944
:10EDF000884200D904E04120FAF7E3FF0028F4D06C
:10EE000000BF6A48401E844201D9002010BD4FF463
:10EE10008070FBF787F80120FBF78FF8FBF7D1F93B
:10EE2000FBF7C0F94FF40040FBF796F9FBF7BAF98E
:10EE30000120EBE710B5FFF7B6FF00B110BD0020D1
:10EE4000594981F86C0301214FF0C050FBF7F3F8EA
:10EE50000120FCF718FBFCF771FB0120FBF75FF8C2
:10EE600000BF6120FAF7ADFF0028FAD04FF4007020
:10EE7000FBF758F80120FBF760F8FBF793F9FBF775
:10EE8000A0F9FBF78FF9FBF73EF949F64040FBF795
:10EE900063F9FBF787F9FFF771FFFBF73DF900BF57
:10EEA000CCE710B5FFF7C6FF3F4890F86C1340A0C1
:10EEB000FEF766F93C4890F86C03012803D143A0A3
:10EEC000FEF75EF902E046A0FEF75AF910BD30B534
:10EED0000146087840F26D1500FB05F3002204E0BE
:10EEE00012F0030F00D15B1C521C08789042F7D837
:10EEF000012204E0501E2A4D285C0344521C48782D
:10EF00009042F7D84D78022D08DD0878C51700EB40
:10EF10009575AD10B0EB850500D15B1C8878401E5F
:10EF200003444FF46160584300EB4000C400C878CC
:10EF30004FF4616568430D79C5EB051500EB85005D
:10EF40004D7928440444204630BDF0B507460E46AE
:10EF50003846FFF7BCFF04463046FFF7B8FF0546CA
:10EF6000AC4201D3601BF0BD281BFCE710B58CB090
:10EF7000FFF7FCFE04462078643006906078401E5F
:10EF80000590A0780490E0780838039020790290EA
:10EF90006079019001A81BF006FF0CB010BD0000C5
:10EFA0004CC30208AC000020404E0020FBFF3F0095
:10EFB0005B7274635D20727463696E69742072742D
:10EFC00063747970653D25640A0000005B727463A8
:10EFD0005D205274635F4C45202E2E2E0A000000E7
:10EFE0005B7274635D205274635F4C49202E2E2E39
:10EFF0000A00000010B5012004F08EFEF2A0FEF71A
:10F00000BFF80320FDF723FE10BD2DE9F041F348C2
:10F0100000780A2872D2DFE800F005294D7287A82F
:10F02000C5D7F8F6ED480078401CEC490870EC486C
:10F03000008800EB80004600EA48008800EB800072
:10F040004500E948008800EB80004400E01704EB2D
:10F05000D0604311E81705EBD0604211F01706EBC2
:10F06000D0604111E1A0FEF78BF8F6E0DB480078B4
:10F07000401CDA490870EC48008800EB800046002C
:10F08000EA48008800EB80004500E948008800EB72
:10F0900080004400E01704EBD0604311E81705EB53
:10F0A000D0604211F01706EBD0604111E1A0FEF7ED
:10F0B00067F8D2E0C9480078401CC8490870EC489D
:10F0C000008800EB80004600EA48008800EB8000E2
:10F0D0004500E948008800EB80004400E01704EB9D
:10F0E000D0604311E81705EBD0604211F01706EB32
:10F0F000D0604111E1A0FEF743F8AEE0A9E0B748C7
:10F100000078401CB5490870EA48B0F9000000EBEF
:10F1100080004400E01704EBD0604111E64802880B
:10F12000E6A0FEF72DF898E0AC480078401CAB490B
:10F130000870EF49D1F85403EE491CF075FF0746FB
:10F14000ED491CF0DFFD05461CF0D2FE0646C8481E
:10F15000008800EB80004400E01704EBD06042110F
:10F160003146E6A0FEF70CF877E09C480078401C9A
:10F170009A490870EA48B0F9000000EB80004500A9
:10F18000E848B0F9000000EB80004400E01704EB11
:10F190005070C210E81705EB5070C110E2A0FDF7E7
:10F1A000EFFF5AE08D480078401C8C490870D04928
:10F1B000D1F890031CF09CFE0446E548018D2246E0
:10F1C000E4A0FDF7DDFF48E084480078401C834957
:10F1D0000870C749D1F890031CF08AFE0446E9483C
:10F1E000B0F904102246E8A0FDF7CAFFF048B0F9D4
:10F1F0000030F048B0F90020EF48B0F90010EFA05F
:10F20000FDF7BEFF29E017E0FFE774480078401CD7
:10F2100072490870B648418FF3A0FDF7B1FFF84876
:10F22000008800EB80004400E01704EBD06041113F
:10F23000F4A0FDF7A5FF10E068480078401C67497E
:10F240000870AB48026BF4480168F4A0FDF798FF22
:10F2500003E000206149087000BF00BFBDE8F081F5
:10F260000FB470B50024AFF25D259DF810000128A1
:10F2700005D0F3A0FDF784FF70BC5DF814FB9DF88A
:10F2800038100698FDF73AFD04468CB19848D0F83E
:10F29000680330B9F3A1284601F04BF99449C1F84D
:10F2A00068039349D1F86803214601F024F906E088
:10F2B0008F49D1F8680301F031F9FFF7A6FE00BFCE
:10F2C000DAE710B58A48038FC28E818EE7A0FDF77A
:10F2D00057FF8748C38F828F418FEFA0FDF750FF04
:10F2E00010BD10B5F7A0FDF74BFFFDF792FC10BD68
:10F2F00010B501F0D1F810BD0FB400B585B09DF880
:10F300001800062805D0F5A0FDF73AFF05B05DF816
:10F3100014FB9DF840100898FDF7F0FCC0B28DF882
:10F320000C009DF841100998FDF7E8FCC0B28DF87B
:10F330000D009DF842100A98FDF7E0FCC0B28DF870
:10F340000E009DF843100B98FDF7D8FCC0B28DF865
:10F350000F009DF844100C98FDF7D0FCC0B28DF85A
:10F3600010009DF845100D98FDF7C8FCC0B28DF84F
:10F370001100DDE90301FFF7ECFC9DF811109DF889
:10F3800010009DF80F20CDE9002002919DF80E306D
:10F390009DF80D209DF80C10DAA0FDF7F1FE00BFDE
:10F3A000B4E73EB5FFF7E2FC044660792179E278E4
:10F3B000CDE900210290A3786278207800F5FA6107
:10F3C000D7A0FDF7DDFE3EBD7368656C6C5F636CB6
:10F3D0007270617261416C6C0A0000000C020020C6
:10F3E0000406002024060020140500205B736865D5
:10F3F0006C6C5D28302E31762920477269644C4C44
:10F40000566F6C743D25642C477269644E4E566F7E
:10F410006C743D25642C477269644E45566F6C745C
:10F420003D25640A00000000440600206406002018
:10F43000840600205B7368656C6C5D28302E317625
:10F44000292047726964494E72566F6C743D256479
:10F450002C47726964494E73566F6C743D25642C59
:10F4600047726964494E74566F6C743D25640A0096
:10F4700094040020C4060020E40600205B73686545
:10F480006C6C5D28302E31412920477269644375C8
:10F4900072723D25642C4772696453437572723DE4
:10F4A00025642C4772696454437572723D25640A61
:10F4B00000000000840700202C0800205B736865B2
:10F4C0006C6C5D20437031566F6C7428302E315651
:10F4D000293D25642C2C75774772696446726571E5
:10F4E00028302E3031485A293D25640A000000009A
:10F4F000404E002000007A44000070425B73686553
:10F500006C6C5D28302E3129647574793D25642C2E
:10F5100047726964437572723D25640A00000000F9
:10F52000680500207C0500205B7368656C6C5D28B5
:10F53000302E312920414D425F54656D703D256468
:10F540002C496E7075745F54656D703D25640A00BA
:10F55000684C00205B7368656C6C5D2075774C654A
:10F56000616B437572724F66667365743D25642CDA
:10F570000A206C65616B6F6666736574313D256446
:10F580000A000000489300204C65616B437572725D
:10F590005F417667526573756C743D25642C6C65AC
:10F5A000616B6F6666736574313D25640A00000007
:10F5B0000C07002020070020F8060020206C656161
:10F5C0006B6176673D25642C206C65616B617667A5
:10F5D00036304D533D25642C206C65616B61766738
:10F5E00031533D25640A0000205B7368656C6C5DD7
:10F5F0004772696443757272413D256400000000E2
:10F60000B404002020204772696443544375727229
:10F610003D25640A000000006C0000205B736865F3
:10F620006C6C5D20436F64655F4E756D3D25782C75
:10F630007577456E657267793D25640A0A0000009A
:10F640002320636867696E666F20666F726D6174F0
:10F65000206572722C2065673A636867696E666F11
:10F6600020300A007368656C6C7400005B73686519
:10F670006C6C5D207228302E3176293D25642C7308
:10F6800028302E3176293D25642C7428302E317691
:10F69000293D25640A0000005B7368656C6C5D2081
:10F6A0007228302E3141293D25642C7328302E31AB
:10F6B00041293D25642C7428302E3141293D256493
:10F6C0000A000000236E6F772073797374656D20D4
:10F6D0007265626F6F74202E2E2E0A0023207274C2
:10F6E0006320666F726D6174206572722C2065678D
:10F6F0003A20313620313220382031312033352044
:10F7000031360A00237365747274633A25643A25AE
:10F71000643A25643A25643A25643A25640A00006F
:10F72000236765747274633A25643A25643A2564E4
:10F730003A25643A25643A25640A00000FB410B5EE
:10F740009DF83000042803DB9DF83000102805DD0B
:10F75000CBA0FDF715FD10BC5DF814FB2021D148AE
:10F760001BF051FA9DF83020CE4804991BF0CCF9DB
:10F77000CC49CDA0FDF704FD00BFECE710B5C949A9
:10F78000CEA0FDF7FDFC10BD0FB410B59DF8300004
:10F79000022805D0CEA0FDF7F3FC10BC5DF814FBE9
:10F7A00004994878FDF78FFA044604990878FDF724
:10F7B0008AFA102101FB0040BA490A3988800846BC
:10F7C0008188CEA0FDF7DCFC00BFE6E710B5B548A8
:10F7D0000A388188CFA0FDF7D3FC10BD0FB410B557
:10F7E0009DF83000022805D0D0A0FDF7C9FC10BC60
:10F7F0005DF814FB04994878FDF765FA044604990E
:10F800000878FDF760FA102101FB0040A5490A398C
:10F81000088108460189D5A0FDF7B2FC0220FDF75A
:10F8200016FA00BFE3E710B59E480A380189D4A054
:10F83000FDF7A6FC10BD0FB410B59DF830000228EE
:10F8400005D0DFA0FDF79CFC10BC5DF814FB04990B
:10F850004878FDF738FA044604990878FDF733FA3A
:10F86000102101FB0040E54981F8DA00084690F8D4
:10F87000DA10E3A0FDF784FC0220FDF7E8F900BFF1
:10F88000E2E710B5DD4890F8DA10E2A0FDF778FC69
:10F8900010BD10B5FFF7CAF804462146ECA0FDF7ED
:10F8A0006FFC10BD10B5F1A1F2A0FDF769FC10BD11
:10F8B00010B5F3A0FDF764FC0120FDF703FC10BDBB
:10F8C00070B5F249B1F9001001EB81014800C11790
:10F8D00000EBD161C1F34F140A2094FBF0F100FB5F
:10F8E000114594FBF0F62A463146E9A0FDF748FCA5
:10F8F00070BD10B5012004F00FFA05F0CDFF10BD6A
:10F9000010B5E9A0FDF73CFC00243FE004EBC41077
:10F91000EE4901EBC00090F8713004EBC41001EB2C
:10F92000C00090F870202146E9A0FDF729FC04EB07
:10F93000C410E64901EBC00090F8733004EBC4102A
:10F9400001EBC00090F872202146E8A0FDF718FCFA
:10F9500004EBC410DD4901EBC00090F8753004EBF6
:10F96000C41001EBC00090F874202146DFA0FDF721
:10F9700007FC04EBC410D54901EBC00090F87A20D5
:10F980002146E1A0FDF7FCFB601CC4B2E44800681E
:10F99000407AA042BADC10BD10B596B0002005F048
:10F9A000E5FF04460CB916B010BDDEA0FDF7E8FB7C
:10F9B000FF22582168461BF01EF9A18888B2582200
:10F9C000694605F0C8FFA188A26801EB520188B220
:10F9D0005822694605F0BFFF00BFE4E710B5A4B0A8
:10F9E000012005F0C3FF04460CB924B010BDD5A01A
:10F9F000FDF7C6FBFF228C2101A81BF0FCF8A188B3
:10FA000088B28C2201A905F0A6FFA188A26801EBAB
:10FA1000520188B28C2201A905F09DFF0320FDF759
:10FA200016F900BFE1E710B59CB0022005F09EFF7B
:10FA300004460CB91CB010BDC2A0FDF7A1FBFF220B
:10FA40006A2101A81BF0D7F8A18888B26A2201A90F
:10FA500005F081FF0320FDF7FAF800BFEAE710B5D3
:10FA6000BEA0FDF78DFB0020FDF72CFB10BD0FB4F1
:10FA700070B59DF81000022800D075E17AE1000011
:10FA80005B7368656C6C5D2073657420736E2034E5
:10FA90003C6D7573743C3D3136202062797465731A
:10FAA000200A00007A4800205B7368656C6C5D7307
:10FAB0006574736E2D3E25730A0000005B736865E4
:10FAC0006C6C5D676574736E2D3E25730A000000D3
:10FAD0005B7368656C6C5D2073657420646576206B
:10FAE00074797065206D757374203220636861725B
:10FAF0002C2065673A203638200A00005B73686561
:10FB00006C6C5D736574646576747970652D3E25E3
:10FB1000780A00005B7368656C6C5D67657464658A
:10FB200076747970652D3E25780A00005B736865F0
:10FB30006C6C5D203220636861722C2065673A30FE
:10FB4000302D2D6F6E6C696E652030312D2D6F66F6
:10FB5000666C696E652030322D706C7567203033AD
:10FB60002D534E2043415244200A00005B736865C8
:10FB70006C6C5D7365746D6F64652D3E25780A004D
:10FB80005B7368656C6C5D6765746D6F64652D3E55
:10FB900025782C30302D2D6F6E6C696E65203031DC
:10FBA0002D2D6F66666C696E652030322D706C7518
:10FBB000672030332D534E20434152440A00000049
:10FBC0005B7368656C6C5D203220636861722C2009
:10FBD00065673A30302D2D454E472030312D2D426E
:10FBE0004F4C414E2030322D444559552030332D55
:10FBF000584942414E5941200A000000C84800209F
:10FC00005B7368656C6C5D7365746C616E672D3ECB
:10FC100025780A005B7368656C6C5D6765746C6160
:10FC20006E672D3E25782C30302D2D454E472030E7
:10FC3000312D2D424F4C414E2030322D44455955E7
:10FC40002030332D584942414E5941200A000000CE
:10FC50005B7368656C6C5D206D656D657279207590
:10FC60007365642D2D2564200A000000312E362E88
:10FC700036363300237665723A25730A0000000099
:10FC80002364656275675F6F6E0A00008407002059
:10FC90005B7368656C6C5D6370312D3E2025642E4E
:10FCA000256420560A0000005B7368656C6C5D205B
:10FCB000646973706C61792067756E20616E642071
:10FCC0006370207374617475730A0000404E0020E5
:10FCD00067756E5B25645D3A207072653D25642C06
:10FCE000206E6F773D25640A0000000063705B257D
:10FCF000645D3A20207072653D25642C206E6F771C
:10FD00003D25640A0000000063675B25645D3A20BE
:10FD100069734368617267696E673D25640A000014
:10FD2000780000205B7368656C6C5D20636C6561B6
:10FD300072207374466163746F7279496E666F0ADC
:10FD4000000000005B7368656C6C5D20636C65612E
:10FD500072207374506172616D0A000023646562E1
:10FD600075675F6F66660A00FDA0FDF709FA70BC53
:10FD70005DF814FB06990878FCF7A5FF054607987F
:10FD80000078612801D1002406E0079800786228F5
:10FD900001D1012400E0022422462946FEA0FDF7FD
:10FDA000EFF9022C04D1022128460BF030FF03E0CA
:10FDB000214628460BF02BFF00BFD8E710B586B0D0
:10FDC000002400BF31E0FD4830F81400FB49403901
:10FDD00031F83410F94A403A02EBC402D288120AD0
:10FDE000F64B403B03EBC4039B79CDE90132CDE9EF
:10FDF0000310F248403800EBC4008088000A0090ED
:10FE0000EE48403800EBC4000379EC48403800EB82
:10FE1000C4004088020AE948403800EBC4008178F9
:10FE2000E7A0FDF7ADF9601CC4B2E448443840884F
:10FE3000B4EB102FC7DB06B010BD0FB470B59DF842
:10FE40001000022805D0EDA0FDF79AF970BC5DF80E
:10FE500014FB06990878FCF736FF054607980078EA
:10FE6000612801D1002406E007980078622801D1BA
:10FE7000012400E0022422462946EDA0FDF780F986
:10FE8000022C04D1022128460BF051FF03E0214649
:10FE900028460BF04CFF00BFD8E710B505F014FD65
:10FEA00010BD70477047704710B502F0A8FC02F013
:10FEB000D6FC10BD10B502F093FA02F0A0FC10BD04
:10FEC0001FB5E3A30FCB8DE80F000D22694601207B
:10FED00000F071FC1FBD10B5E1A0FDF751F910BD98
:10FEE00010B5E448006828B9E3A1E74800F021FB19
:10FEF000E04908604FF48771DE48006800F0FBFAC3
:10FF000010BD10B50122002108460EF06CFA10BD9C
:10FF100010B50122114600200EF065FA10BD10B593
:10FF20000022114610460EF05EFA00220121104612
:10FF30000EF059FA10BD10B54FF0844100200DF0BD
:10FF4000C4FF10BD10B50020D0490870D0A0FDF747
:10FF500017F910BD10B5D248C28B42F6AE11D1A030
:10FF6000FDF70EF9CE48428C40F2C531D6A0FDF720
:10FF700007F910BD38B54FF0FF300090002005F0B4
:10FF8000F5FC054605B938BD40F6B830FBF7E2FD93
:10FF9000D64A03C208E04FF6FF70FBF7BBFCD3481C
:10FFA000FBF7E6FD00B100E0F5E700BFF8F766F902
:10FFB000002407E0A988214488B20422694605F09C
:10FFC000CAFC241DA868A042F4D8002005F0CEFC8D
:10FFD000054605B9D7E7002407E0A988214488B27F
:10FFE0000422694605F0B7FC241DA868A042F4D895
:10FFF000FCF70FFEF8F744F900BFC4E71CB5002179
:020000040801F1
:1000000000910191BAA0FDF7BBF8012415E064202E
:10001000FBF7A0FDCDE9000105E06846FBF7A8FD70
:10002000012800D100E0F8E700BFB54800EBC400AC
:100030000168B4A0FDF7A4F8641C2A2CE7D31CBD0A
:1000400070B50446002000BF14F8016B8E4204D145
:10005000012A00D108E0551EEAB203B904E0451CAC
:10006000A8B25D1EABB2EFE700BF70BD2DE9F0474F
:1000700094B007468846302108A81AF0E6FD01260C
:10008000CDF822701FFA88F3324620213846FFF758
:10009000D7FF0546E8B28DF82600761C00208DF8C3
:1000A000200027E0785D202801D16D1C22E0A946C0
:1000B00079199DF820200AA800EB820001601FFA40
:1000C00088F3F2B220213846FFF7BAFF0546A5EBC8
:1000D0000900C1B29DF8202012A881549DF820008B
:1000E000401CC0B28DF820009DF82000082800DBDD
:1000F00002E0761C4545D5D100BF00242DE08049A3
:1001000001EBC40108681AF095FC8246DDF8221064
:100110007B4A02EBC402106852461AF03BFCD8B985
:10012000774901EBC40108681AF084FC9DF8261099
:10013000884211D1724800EBC400406860B12022AF
:100140000CA968461AF025FD6D4800EBC400D0F8F4
:1001500004C008A80FC8E047641C2A2CCFD3D5E000
:100160005B7368656C6C5D20636C656172206661B1
:10017000756C7420666F726D61743A206661756C7F
:100180007449642C2067756E49642C2065673A2099
:10019000312C2020410000005B7368656C6C5D2091
:1001A000636C656172206661756C743D25642C20FA
:1001B00067756E69643D25640A000000044A0020EA
:1001C0005B7368656C6C5D2054696D652025643ACD
:1001D00025643A25643A25643A25643A256420204A
:1001E0006661756C7449643D25642C6661756C7438
:1001F000646174613D25640A000000005B736865FA
:100200006C6C5D20736574206661756C7420666F1C
:10021000726D61743A206661756C7449642C206754
:10022000756E49642C2065673A20312C20204100EE
:100230005B7368656C6C5D20736574206661756CBA
:10024000743D25642C2067756E69643D25640A0041
:10025000FE68AAAAAAAAAAAA681300DF16000000CC
:100260007368656C6C5F74696D65725F66756E63EB
:100270000A000000B80000207368656C6C546D7251
:100280005465737400000000D7FE0008080E0020BB
:10029000237368656C6C636F6D5F6F66660A000040
:1002A000684C00205B7368656C6C5D564144446526
:1002B0006661756C743D25642C2056414452436F31
:1002C00066653D25640A00005B7368656C6C5D4380
:1002D00075727244656661756C743D25642C524379
:1002E000757272436F66653D25640A001002002036
:1002F00023737570706F727420636D643A0A000026
:10030000BC000020232D3E2025730A0014B0BDE858
:10031000F08738B50020009057480078012808D1B0
:1003200056480068007F022801D1002403E0002421
:1003300001E0052438BD6946204600F0C9FA0028CE
:100340005CD09DF80000202803D14D48008800B9FA
:10035000F0E79DF800104A4802880088401C484B8E
:100360001880484881549DF8000008281DD118467F
:10037000008802280FDB002118460088401E414AF1
:10038000115418460088801E115418460088801E9B
:100390001946088009E03A480088401E384908801C
:1003A00000213848364A12888154364936A0FCF775
:1003B000E7FE9DF800000D2814D131480088401E4A
:1003C0002F4908800846008820B1084601882D483A
:1003D000FFF74CFE4FF480712A481AF014FC0020FD
:1003E0002749088026480088FF2807DD4FF48071E0
:1003F00024481AF008FC00202149088000BF99E732
:1004000010B58EB04FF4E1300A900020ADF82C000A
:10041000ADF82E00ADF83000ADF832000C20ADF88C
:1004200034001B4809904FF4007008901948079059
:100430004FF48070069011480068007F022801D1B7
:10044000002400E00524DDE90601CDE90301DDE932
:100450000801CDE901010D98009020460AA90EC9B6
:1004600000F0CFFB08B90EB010BD4FF48071054805
:100470001AF0C9FB00BFF6E7080E00207800002044
:1004800018020020C0840020232025730A000000E9
:10049000C0860020C0850020FEB50025002600276C
:1004A0005E48046800BF0023D4E902105940584058
:1004B000014309D004F1180359A21A215D48FCF741
:1004C00060FF701C86B208E0781C87B204F1180344
:1004D00059A21E215748FCF754FF2468681C85B2B6
:1004E000002CE0D1102359A2242152488DE8E000CD
:1004F000FCF747FFFEBD70B505460C4605B970BD5B
:100500004648006800B9FAE70020C5E902402046E5
:10051000FBF720FBC5E9040100BFF0E700B9704715
:100520003E49096801B9FAE700228260C26000BF53
:10053000F5E72DE9F04105460E4650480468FCB148
:100540004E492068086035480068206033480460E0
:10055000A5630021A160E16021616161202104F1B6
:1005600018001AF072FB30461AF064FA07463A4651
:10057000314604F118001AF0C7FA2046BDE8F081B0
:100580000020FBE7002018E03D4A411C02EB8111EE
:1005900002EB801211600022394B03EB80139A604A
:1005A000DA60374B03EB80131A615A610021344A39
:1005B00002EB80129163411CC8B20F28E4DB0021DA
:1005C0002F4A02EB801211602D492C4A1160002144
:1005D000124A1160704770B51048006800B970BDCC
:1005E0000E48046800BF0023D4E902105940584067
:1005F00001430DD004F11000FBF7BAFA012807D12E
:10060000A56B05B1A847A068FBF7A4FAC4E90401EB
:100610002468002CE7D100BFE1E700001C020020A5
:100620005B74696D65725D20616C6976652D20254E
:10063000730A000058C302085B74696D65725D201F
:10064000736C6565702D2025730A00005B54494D5D
:1006500045525D2074696D6572206D61782D256449
:100660002C207573652D25642C206163742D256401
:100670002C20736C6565702D25640A002002002013
:10068000C088002070B504460E46062C04DA04EB40
:100690004400FE49085C30B9002004EB4401FB4AE9
:1006A0001144487070BD0CB9002517E0012C01D130
:1006B000022513E0022C01D104250FE0032C01D107
:1006C00006250BE0042C01D1082507E02346F0A203
:1006D0003C21FA48FCF755FE0020E3E73146284666
:1006E000FCF71DF830B9002004EB4401E74A11443F
:1006F0004870D7E7012C03D14021F148F9F77DFA82
:100700000120CFE7F8B504460E46EE4800780128F0
:1007100009D1052C07D1EC480068007F022801D1DF
:10072000002400E00024062C04DA04EB4400D7493E
:10073000085C08B90020F8BD0CB9002517E0012CB1
:1007400001D1022513E0022C01D104250FE0032C76
:1007500001D106250BE0042C01D1082507E0234632
:10076000DAA27221E448FCF70CFE0020E3E73146F0
:100770002846FBF75BFF04EB4400C449084440787B
:10078000B8B9012004EB4401C04A11444870012C5F
:1007900003D14021CA48F9F730FA69462046FFF7ED
:1007A00071FF9DF80010D54A02EBC4025068FAF7B9
:1007B00097FD0120BFE7F8B504460E461746C1482D
:1007C0000078012809D1052C07D1BF480068007FB7
:1007D000022801D1002400E00024062C06DA04EBF4
:1007E0004400AA49085C08B107B10EB90020F8BD61
:1007F0000CB9002517E0012C01D1022513E0022CD1
:1008000001D104250FE0032C01D106250BE0042CB7
:1008100001D1082507E02346B9A2AE21C448FCF760
:10082000B0FD0020E3E73A4631462846FBF734FFA7
:1008300004EB440095490844407888B9012004EB52
:100840004401924A1144487069462046FFF71AFF56
:100850009DF80010A94A02EBC4025068FAF740FD67
:100860000120C4E770B504460D46062C04DA04EBFB
:1008700044008649085C00B970BD24B929460120AE
:10088000FBF7D4FE22E0012C04D129460320FBF71C
:10089000CDFE1BE0022C04D129460520FBF7C6FE45
:1008A00014E0032C04D129460720FBF7BFFE0DE01E
:1008B000042C04D129460920FBF7B8FE06E02346A4
:1008C0009CA2D321A548FCF75CFDD5E700BFD3E788
:1008D00070B504460D46062C04DA04EB44006B495F
:1008E000085C08B9002070BD24B929460120FBF737
:1008F00016FFF8E7012C04D129460320FBF70FFF70
:10090000F1E7022C04D129460520FBF708FFEAE7AE
:10091000032C04D129460720FBF701FFE3E7042C51
:1009200004D129460920FBF7FAFEDCE723468CA216
:10093000EE219648FCF725FD0020D4E72DE9F04193
:1009400004460E461746062C05DA04EB44004F49D0
:10095000085C00B116B90020BDE8F0810CB9012592
:1009600018E0012C01D1032514E0022C01D105254A
:1009700010E0032C01D107250CE0042C01D109253E
:1009800008E0234682A24FF487718C48FCF7F9FCFB
:100990000020E1E73A4631462846FBF703FFDBE754
:1009A00010B50446062C04DA04EB44003749085C11
:1009B00008B9002010BD34B90020FBF74EFF01201C
:1009C000FBF74BFF2CE0012C06D10220FBF745FF83
:1009D0000320FBF742FF23E0022C06D10420FBF7A3
:1009E0003CFF0520FBF739FF1AE0032C06D1062057
:1009F000FBF733FF0720FBF730FF11E0042C06D193
:100A00000820FBF72AFF0920FBF727FF08E0234611
:100A10006BA24FF498717548FCF7B3FC0020C9E74E
:100A20000120C7E70FB41FB5044607980090BDF832
:100A30002000ADF80400BDF82200ADF80600BDF8B6
:100A40002400ADF80800BDF82600ADF80C00BDF894
:100A50002800ADF80A00294901EBC401486869463D
:100A6000FAF745FB254901EBC40148680121FAF773
:100A7000CAFB224901EBC4010122486840F2266109
:100A8000FAF7CDFB1D4901EBC401B1E0C08C002099
:100A90005B756172745D206973725F6F757420633A
:100AA00068616E5B25645D206E6F74207375707075
:100AB0006F7274202E2E2E0A0000000063C30208FD
:100AC00000100140080E0020780000205B75617264
:100AD000745D2073656E645F636861722063686132
:100AE0006E5B25645D206E6F7420737570706F721D
:100AF00074202E2E2E0A000070C30208240200204B
:100B00005B756172745D2073656E645F7374726986
:100B10006E67206368616E5B25645D206E6F742074
:100B2000737570706F7274202E2E2E0A00000000F4
:100B30007FC302085B756172745D206973725F69BF
:100B40006E206368616E5B25645D206E6F74207338
:100B50007570706F7274202E2E2E0A0090C30208DA
:100B60005B756172745D206765745F636861722094
:100B70006368616E5B25645D206E6F7420737570B1
:100B8000706F7274202E2E2E0A0000009CC3020883
:100B90005B756172745D206765745F737472696EF2
:100BA00067206368616E5B25645D206E6F742073DF
:100BB0007570706F7274202E2E2E0A00AAC3020860
:100BC0005B756172745D2072657365745F666966DA
:100BD0006F206368616E5B25645D206E6F742073A7
:100BE0007570706F7274202E2E2E0A00BAC3020820
:100BF0000122486840F22551FAF711FB1FBC5DF84D
:100C000014FB0FB4F8B50446062C03DB0020F8BC37
:100C10005DF814FB04EB44005949085C012808D135
:100C2000234658A240F253115F48FCF7AAFB01206B
:100C3000EDE714B9002501261CE0012C02D10225A4
:100C4000032617E0022C02D10425052612E0032C0E
:100C500002D1062507260DE0042C02D1082509261D
:100C600008E0234651A24FF4B6714F48FCF789FBC8
:100C70000020CCE72846DDE90B12FBF742FE3046A8
:100C8000DDE90D12FBF73DFE0A980090204607A90A
:100C90000EC9FFF7C7FE002004EB4401384A114497
:100CA0004870012004EB44015054234649A240F20D
:100CB00079113D48FCF765FB0120A8E710B5044613
:100CC000062C01DB002010BD04EB44002C49085C1D
:100CD00008B90020F7E7484901EBC4014868002142
:100CE000FAF791FA444901EBC4010022486840F246
:100CF0002661FAF794FA404901EBC40100224868E2
:100D000040F22551FAF78BFA34B90020FBF7CFFDFA
:100D10000120FBF7CCFD2CE0012C06D10220FBF7D3
:100D2000C6FD0320FBF7C3FD23E0022C06D10420FF
:100D3000FBF7BDFD0520FBF7BAFD1AE0032C06D139
:100D40000620FBF7B4FD0720FBF7B1FD11E0042CF2
:100D500006D10820FBF7ABFD0920FBF7A8FD08E052
:100D6000234626A240F2A1112E48FCF70AFB0020E0
:100D7000A9E7002004EB4401014A50540120A2E7F6
:100D8000C08C00205B756172745D206F70656E2091
:100D90006368616E5B25645D2068616420696E69CB
:100DA00074202E2E2E0A0000CAC302085B756172E1
:100DB000745D206F70656E206368616E5B25645D95
:100DC000206E6F7420737570706F7274202E2E2ECB
:100DD0000A0000005B756172745D206F70656E20A3
:100DE0006368616E5B25645D20696E69742073754C
:100DF00063636573730A0000240200205B756172EF
:100E0000745D2066726565206368616E5B25645D54
:100E1000206E6F7420737570706F7274202E2E2E7A
:100E20000A000000D4C3020801B502E00098401E89
:100E3000009000980028F9D108BD01B506E000989F
:100E4000401E009043F69820FFF7EEFF0098002820
:100E5000F5D108BD002100BF00BF00BF00BF00BF2B
:100E60000EE000BF00BF10F0800F01D000BF01E016
:100E700000BF00BF00BF00BF4206100E4A1CD1B227
:100E80000829EEDB00BF00BF7047002100BF00BF94
:100E900000BF00BF00BF0EE000BF00BF10F0800F1A
:100EA00001D000BF01E000BF00BF00BF00BF42068D
:100EB000100E4A1CD1B20829EEDB00BF00BF7047FC
:100EC00010B50446062C18D2DFE804F01703070B10
:100ED0000F132F20FFF7BEFF10E03420FFF7BAFFFB
:100EE0000CE03820FFF7B6FF08E02A20FFF7B2FF3A
:100EF00004E02620FFF7AEFF00E000BF00BF10BDFA
:100F000010B50446402C01DC012C00DA10BD00BFF6
:100F100000BF601EC4B204F14001C8B2FFF79AFFDF
:100F200000BF00BF0120FFF788FF00BFEEE770475A
:100F300010B5FFF7FCFF0320FFF776FF00BF00BFEF
:100F40000A20FFF77AFF00BF00BF00BF00BF642088
:100F5000FFF773FF00BF00BFE220FFF77BFFAE206B
:100F6000FFF778FFA220FFF775FFA020FFF772FFC1
:100F7000C820FFF76FFFF820FFF76CFF0020FFF796
:100F800069FF2520FFF766FF8120FFF763FF01203F
:100F9000FFF796FF2C20FFF75DFF2E20FFF75AFF8B
:100FA0002F20FFF757FFAF20FFF754FF00BF00BF10
:100FB00010BD10B5A220FFF74DFFA020FFF74AFF9C
:100FC000C820FFF747FFF820FFF744FF0020FFF796
:100FD00041FF2520FFF73EFF8120FFF73BFF012067
:100FE000FFF76EFF3E20FFF78BFF10BD70B5054683
:100FF0000C46082D05DC012D03DB802C01DC012CC7
:1010000000DA70BD00BF00BF601EC4B2681EC5B26A
:1010100005F1B001C8B2FFF71DFF102101EB14105C
:10102000FFF718FF04F00F00FFF714FF00BFE8E719
:1010300070B50024002500BF00BF00BF0FE0611C99
:10104000C8B20121FFF7D2FF002504E00020FFF71E
:101050001CFF681CC5B2842DF8DB601CC4B2092CCF
:10106000EDDB00BF00BF70BD2DE9F84F04460D4613
:1010700017460026B046002000908146A246AB46A7
:10108000082C01DC802D01DDBDE8F88F17F0800F02
:1010900000D0F9E7A7F12000C0EBC0004FF6FF71C8
:1010A00001EA40000090002635E04FF000082AE0F9
:1010B0000BF0FF010AF0FF00FFF798FF07210098EF
:1010C00001FB06004044F74911F80090F64800780B
:1010D00010F0010F03D06FEA09001FFA80F9F248FF
:1010E0000078C0F3400010B10EB149F0400909F09A
:1010F000FF00FFF7CAFE0BF101001FFA80FB08F1A9
:1011000001001FFA80F8B8F1070FD1DB04F1010AE2
:10111000AB46701C86B2022EC7DB00BFB4E72DE9D8
:10112000F84F04460D4617460026B04600200090B2
:101130008146A246AB46082C01DC802D01DDBDE8CE
:10114000F88F17F0800F00D0F9E7A7F1200000EB2F
:1011500040004FF6FF7101EA80000090002635E064
:101160004FF000082AE00BF0FF010AF0FF00FFF744
:101170003DFF0621009801FB06004044CB4911F8D1
:101180000090C948007810F0010F03D06FEA090001
:101190001FFA80F9C4480078C0F3400010B10EB1C6
:1011A00049F0400909F0FF00FFF76FFE0BF1010065
:1011B0001FFA80FB08F101001FFA80F8B8F1060F52
:1011C000D1DB04F1010AAB46701C86B2022EC7DBEC
:1011D00000BFB4E72DE9F0470746884615460024CE
:1011E000A1460026082F02DCB8F1800F01DDBDE822
:1011F000F08715F0800F00D0F9E7A5F1200000EB93
:1012000080001FFA80F941463846FFF7EFFE0024C0
:1012100017E009EB0400A6490E5CA348007810F023
:10122000010F01D0F04386B29F480078C0F3400020
:1012300010B10CB146F04006F0B2FFF726FE601C7C
:1012400084B2052CE5DB00BFD1E701460A12CBB220
:10125000B02A07DBF72A05DCA12B03DBFE2B01DC20
:10126000012070470020FCE730B50246002300242F
:1012700000BF181900EBD0756D1029B28D4830F8F9
:101280003100904200D10FE08A4830F8310090429E
:1012900001DD481E04B2874830F83100904201DA7F
:1012A000481C03B2A342E4DD00BF824830F831009D
:1012B000904204D17F4800EBC100406830BD00205F
:1012C000FCE730B502460023002400BF181900EBEC
:1012D000D0756D1029B2784830F83100904200D1B5
:1012E0000FE0754830F83100904201DD481E04B22D
:1012F000714830F83100904201DA481C03B2A34231
:10130000E4DD00BF6C4830F83100904204D16A48F7
:1013100000EBC100406830BD0020FCE72DE9F84F2C
:1013200004460D46914600260027B0460020009056
:10133000A246AB46082C01DC802D01DDBDE8F88F0C
:101340004846FFF782FF00B9F8E74846FFF78CFFF1
:101350000090002630E0002726E00BF0FF010AF0A5
:10136000FF00FFF743FE0E2000FB0671009810F807
:1013700001804D48007810F0010F03D06FEA08009B
:101380001FFA80F848480078C0F3400010B10EB151
:1013900048F0400808F0FF00FFF777FD0BF101006F
:1013A0001FFA80FB781CC7B20E2FD6DB601C1FFA19
:1013B00080FAAB46701CC6B2022ECCDB00BFBDE784
:1013C0002DE9F84F04460D46914600260027B04609
:1013D00000200090A246AB46082C01DC802D01DDE8
:1013E000BDE8F88FCDF80090002630E0002726E019
:1013F0000BF0FF010AF0FF00FFF7F8FD0C2000FBE7
:101400000671009810F801802748007810F0010F4D
:1014100003D06FEA08001FFA80F823480078C0F371
:10142000400010B10EB148F0400808F0FF00FFF78F
:101430002CFD0BF101001FFA80FB781CC7B20C2FAA
:10144000D6DB601C1FFA80FAAB46701CC6B2022EB7
:10145000CCDB00BFC4E770B504460D46174A2946E9
:101460002046FFF7ADFF70BD70B504460D46144A27
:1014700029462046FFF7A4FF70BD70B504460D460F
:10148000104A29462046FFF79BFF70BD70B5044601
:101490000D466100491E88B20B4A2946FFF790FFAE
:1014A00070BD0000E0C302086002002012C90208FB
:1014B00086CD0208DCCF0208E4CF020861CF020823
:1014C00091CF020879CF0208A9CF02082DE9F84F81
:1014D00004460D46914600260027B04600200090A5
:1014E000A246AB46082C01DC802D01DDBDE8F88F5B
:1014F0004846FFF7AAFE00B9F8E74846FFF7E1FEC5
:101500000090002630E0002726E00BF0FF010AF0F3
:10151000FF00FFF76BFD0C2000FB0671009810F830
:101520000180FB48007810F0010F03D06FEA08003B
:101530001FFA80F8F6480078C0F3400010B10EB1F1
:1015400048F0400808F0FF00FFF79FFC0BF1010096
:101550001FFA80FB781CC7B20C2FD6DB601C1FFA69
:1015600080FAAB46701CC6B2022ECCDB00BFBDE7D2
:101570002DE9F04106460D46904644460027082EC8
:1015800001DC802D01DDBDE8F0811BE0207810F04A
:10159000800F0ED06078217800EB012087B23A46A8
:1015A00029463046FFF7BAFE05F10E0085B2A41CAD
:1015B00008E027783A46E9B2F0B2FFF755FDE81D9A
:1015C00085B2641C20780028E0D100BFDBE72DE95C
:1015D000F04106460C4617463D464FF00008082EDF
:1015E00001DC802C01DDBDE8F08109E095F8008088
:1015F000424621463046FFF7EDFD601DC4B26D1C2A
:1016000028780028F2D100BFEDE72DE9F041064629
:101610000D46904644460027082E01DC802D01DD52
:10162000BDE8F0811BE0207810F0800F0ED06078CC
:10163000217800EB012087B23A4629463046FFF771
:1016400045FF05F10C0085B2A41C08E027783A4656
:10165000E9B2F0B2FFF763FDA81D85B2641C2078E3
:101660000028E0D100BFDBE72DE9F84F80460D46AA
:1016700092461E4654464FF000090027BB46002004
:101680000090B8F1080F01DC802D01DDBDE8F88F76
:1016900096F800B0307871780844C0B200903EE00F
:1016A000707898B15F450ADB0098874207DA98485E
:1016B000008820F00100401C954908800CE0944807
:1016C000008820F001009249088005E090480088D9
:1016D00020F001008E490880207810F0800F11D092
:1016E0006078217800EB01201FFA80F94A462946EC
:1016F0004046FFF7EBFE05F10C0085B2A41CB81CB8
:10170000C7B20CE094F800904A46E9B208F0FF0036
:10171000FFF705FDA81D85B2641C781CC7B22078B0
:101720000028BDD17A48008820F00100784908805F
:1017300000BFABE770B504460D4616466100491E72
:1017400088B232462946FFF713FF70BD70B50446D4
:101750000D4616466100491E88B232462946FFF7FB
:1017600054FF70BD2DE9F04104460D4616461F4654
:101770006100491E88B23B4632462946FFF774FF96
:10178000BDE8F08110B504466100491E88B261A22F
:101790000121FFF73AFF10BD70B504460D465DA26A
:1017A00029462046FFF731FF70BD0146002000BFEB
:1017B0000EE0012282400A4200D107E0544A12881A
:1017C000012383401A43524B1A8000BF421C90B23F
:1017D0001028EEDB70470146002000BF0EE001221A
:1017E00082400A4200D107E0494A1288012383401F
:1017F0009A43474B1A8000BF421C90B21028EEDB80
:1018000070472DE9F0470646884614461F460025D6
:10181000A946AA46082E06DCB8F1800F03DC002C8E
:1018200001DD002F01DCBDE8F087002529E07119FA
:10183000C8B24146FFF7DAFBFF20FFF726FB4FF067
:10184000000917E0012C02D14FF0810A0BE015B915
:101850004FF0010A07E0601EA84202D14FF0800A53
:1018600001E04FF0000A5046FFF70FFB09F10100BD
:101870001FFA80F9B945E5DBFF20FFF706FB681C7E
:1018800085B2A542D3DB00BFCDE72DE9F04707467F
:10189000884614469946DDF820A000250026082F2A
:1018A0000ADCB8F1800F07DC002C05DDB9F1000F70
:1018B00002DDBAF1000F01D1BDE8F087002514E088
:1018C00000260EE005EB0802D1B2F219D0B2FFF704
:1018D0008DFB05FB04611AF80100FFF7D6FA701CB6
:1018E00086B2A642EEDB681C85B24D45E8DB00BF40
:1018F000E2E72DE9F04707460E4691461C464D4665
:101900004FF00008082F01DC802E0FDDBDE8F087C6
:1019100060020020202020202020202020202020C5
:101920002020202020202020202000002DE02878CA
:1019300050B3287810F0800F15D06878297800EB24
:1019400001201FFA80F8424631463846FFF7BEFDB7
:1019500006F10C0086B2AD1C022C01DA002414E062
:10196000A01EC4B211E095F800804246F1B2F8B270
:10197000FFF7D5FBB01D86B26D1C012C01DA0024E7
:1019800003E0601EC4B200E001E0002CCFD100BF34
:101990003C4A527804EB4403A2EB4302D1B2F8B2C2
:1019A000FFF7FAFE3748407836490978401A04EBC9
:1019B0004401B0EB410F07D132488068314948609B
:1019C00008464078801F087300BF9FE730B52D4C54
:1019D000207061705400641E2A4D6C738C1F2C7330
:1019E0002C46A36063604FF4FA742C6130BD70B56F
:1019F000002500242448FAF7BBF8012841D12149E9
:101A00000869FAF7A7F8204A03C21E48007B1D495F
:101A10000978884205DD1B48007B801F194908733F
:101A200013E01848007817490873084640680078A2
:101A300010F0800F04D008464068801C486004E025
:101A400010484068401C0F4948600E4840780D49D6
:101A5000097B401AC4B2062094FBF0F100FB114050
:101A600020B1062094FBF0F0401C02E0062094FB1D
:101A7000F0F0C5B2034B5A68197B587B2B46FFF731
:101A800038FF70BDD48C0020580200200020704721
:101A900070B5054600244021FE4819F0B4F8FE4810
:101AA000854244DD401C95FBF0F00A2190FBF1F2E9
:101AB00001FB12003030C2B22046611CCCB2F549A5
:101AC0000A5442F2107095FBF0F00A2190FBF1F2FB
:101AD00001FB12003030C2B22046611CCCB2ED498D
:101AE0000A544FF47A7095FBF0F00A2190FBF1F262
:101AF00001FB12003030C2B22046611CCCB2E54975
:101B00000A542E222046611CCCB2E2490A546420B9
:101B100095FBF0F00A2190FBF1F201FB120030304E
:101B2000C2B22046611CCCB2DA490A5492E042F2B9
:101B30000F70854234DD401C95FBF0F00A2190FBCC
:101B4000F1F201FB12003030C2B22046611CCCB26F
:101B5000D0490A544FF47A7095FBF0F00A2190FBBB
:101B6000F1F201FB12003030C2B22046611CCCB24F
:101B7000C8490A542E222046611CCCB2C5490A54D9
:101B8000642095FBF0F00A2190FBF1F201FB1200BA
:101B90003030C2B22046611CCCB2BE490A5459E072
:101BA000B5F57A7F2BDB4FF47A7095FBF0F00A21C4
:101BB00090FBF1F201FB12003030C2B22046611CF2
:101BC000CCB2B4490A542E222046611CCCB2B14991
:101BD0000A54642095FBF0F00A2190FBF1F201FB1E
:101BE00012003030C2B22046611CCCB2A9490A545E
:101BF00020222046611CCCB2A6490A542AE04FF4A8
:101C00007A7095FBF0F00A2190FBF1F201FB1200D3
:101C10003030C2B22046611CCCB29E490A542E22FA
:101C20002046611CCCB29B490A54642095FBF0F01D
:101C30000A2190FBF1F201FB12003030C2B22046C3
:101C4000611CCCB293490A5420222046611CCCB2BC
:101C500090490A548F4870BD2DE9F04707468846E1
:101C600000240025002640218A4818F0CCFF002FD0
:101C700007DA381E01DB014600E041420D4601262D
:101C800001E03D460026854885423AD9012E06D11D
:101C90002D222046611CCCB27E490A5405E039222F
:101CA0002046611CCCB27B490A5439222046611C73
:101CB000CCB278490A542046611CCCB275490A540A
:101CC0002046611CCCB273490A542146601CC4B240
:101CD000704842542046611CCCB26E490A542E22F0
:101CE0002146601CC4B26B48425439222046611C14
:101CF000CCB268490A542046611CCCB265490A54EA
:101D0000E5E1674885426FD9012E06D12D22204694
:101D1000611CCCB25F490A540AE06148401CB5FB23
:101D2000F0F03030C2B22046611CCCB259490A549E
:101D30005948401CB5FBF0F00A21B0FBF1F201FB61
:101D4000120030302146621CD4B2524A505442F242
:101D50001070B5FBF0F00A21B0FBF1F201FB1200AC
:101D600030302146621CD4B24A4A50544FF47A7043
:101D7000B5FBF0F00A21B0FBF1F201FB12003030AC
:101D80002146621CD4B2434A50546420B5FBF0F0A3
:101D90000A21B0FBF1F201FB120030302146621C37
:101DA000D4B23C4A50542E222046611CCCB2394950
:101DB0000A540A20B5FBF0F00A21B0FBF1F201FB56
:101DC000120030302146621CD4B2324A50540A20EC
:101DD000B5FBF0F100FB115030302146621CD4B24B
:101DE0002C4A505473E1FFE72B48854274D9012EE9
:101DF00006D12D222046611CCCB226490A5405E0AA
:101E000020222046611CCCB222490A542248401CA0
:101E1000B5FBF0F00A21B0FBF1F201FB120030300B
:101E20002146621CD4B21B4A505442F21070B5FBDA
:101E3000F0F00A21B0FBF1F201FB12003030214634
:101E4000621CD4B2134A50544FF47A70B5FBF0F0D0
:101E50000A21B0FBF1F201FB120030302146621C76
:101E6000D4B20C4A50546420B5FBF0F00A21B0FB08
:101E7000F1F201FB120030302146621CD4B2054A57
:101E800050542E222046611CCCB202490A540A202A
:101E900008E00000E88C00209F8601007F969800F3
:101EA0003F420F00B5FBF0F00A21B0FBF1F201FB5D
:101EB000120030302146621CD4B2FE4A50540A202F
:101EC000B5FBF0F100FB115030302146621CD4B25A
:101ED000F84A5054FBE0FFE742F20F7085425AD9AE
:101EE000012E06D12D222046611CCCB2F1490A54A4
:101EF00005E020222046611CCCB2EE490A5442F291
:101F00001070B5FBF0F00A21B0FBF1F201FB1200FA
:101F100030302146621CD4B2E64A50544FF47A70F5
:101F2000B5FBF0F00A21B0FBF1F201FB12003030FA
:101F30002146621CD4B2DF4A50546420B5FBF0F055
:101F40000A21B0FBF1F201FB120030302146621C85
:101F5000D4B2D84A50542E222046611CCCB2D54966
:101F60000A540A20B5FBF0F00A21B0FBF1F201FBA4
:101F7000120030302146621CD4B2CE4A50540A209E
:101F8000B5FBF0F100FB115030302146621CD4B299
:101F9000C84A50549BE0B5F57A7F51D320222046A1
:101FA000611CCCB2C3490A54012E06D12D22204611
:101FB000611CCCB2BF490A5405E020222046611CB6
:101FC000CCB2BC490A544FF47A70B5FBF0F00A2148
:101FD000B0FBF1F201FB120030302146621CD4B29A
:101FE000B44A50546420B5FBF0F00A21B0FBF1F282
:101FF00001FB120030302146621CD4B2AD4A50546D
:102000002E222046611CCCB2AA490A540A20B5FBF4
:10201000F0F00A21B0FBF1F201FB12003030214652
:10202000621CD4B2A34A50540A20B5FBF0F100FB65
:10203000115030302146621CD4B29E4A505446E0C2
:1020400020222046611CCCB29A490A542046611CC9
:10205000CCB298490A54012E06D12D222046611C8B
:10206000CCB294490A5405E020222046611CCCB22F
:1020700090490A546420B5FBF0F00A21B0FBF1F25C
:1020800001FB120030302146621CD4B2894A505400
:102090002E222046611CCCB286490A540A20B5FB88
:1020A000F0F00A21B0FBF1F201FB120030302146C2
:1020B000621CD4B27F4A50540A20B5FBF0F100FBF9
:1020C000115030302146621CD4B27A4A50544FF03D
:1020D00008090AE018F8012B2046611CCCB27549AA
:1020E0000A5409F1010000F0FF0998F800000028E7
:1020F000F0D109E000222046611CCCB26D490A549F
:1021000009F1010000F0FF09B9F1400FF2DB694865
:10211000BDE8F0870146B1F57A7F01D10320704711
:10212000642901D10220FAE70A2901D10120F6E74A
:102130000020F4E72DE9F04306468846DDF81CC090
:1021400008EB020012B14FF0010901E04FF0000965
:102150004844C4B23546A01A401EC7B2002E01DA68
:102160006D425B1C2E20D85500201855611E0EE0D4
:102170000AB1B94209D00A20B5FBF0F900FB1950A9
:10218000303058540A20B5FBF0F5481E01B2002942
:10219000EEDA002111E0585C302800D010E0585CE5
:1021A000302808D1481C185C28B1481C185C2E281F
:1021B00001D003F801C0481C01B2601E8842EADC6D
:1021C00000BF002E0EDA5B1E83F800C0481C185CAE
:1021D0002E2805D14FF02D09481E03F8009001E08C
:1021E0002D2058541846BDE8F0832DE9FE4F814656
:1021F0000D4616462846FFF78DFF82460DB9CB46A1
:1022000006E0B9FBF5FBB9FBF5F005FB109000907B
:10221000002259463046FAF791FD0746BAF1000F01
:1022200002D13846BDE8FE8F2E223846791CCFB247
:102230003254002001900290524601A80099FAF70A
:102240007DFD8046D0450CDA002406E03022384679
:10225000791CCFB23254601CC4B2AAEB0800A04271
:10226000F4DC002407E001A8025D3846791CCFB2F7
:102270003254601CC4B24445F5DB3846D2E710B591
:1022800000BF00BF0C480068FEF748F910BD10B54C
:1022900000BF00BF0848006828B908A10B48FEF736
:1022A00048F9054908604EF6602103480068FEF7CA
:1022B00022F910BDE88C0020640200206C636442A7
:1022C00061636B4C69676874546D72007F2201080A
:1022D00070B506460D46F7A24FF4CD71FB48FBF7EB
:1022E00050F8842D13D100240CE004EBC410F849FD
:1022F00001EBC00090F87100022801D0002070BDF1
:10230000601CC4B2F3480068407AA042EDDCF1489A
:102310000068407A012801D10020F0E70120EEE7B3
:1023200001460120704710B50446EBA240F21E2181
:10233000EF48FBF726F8012010BD00B587B0182242
:10234000EC4901A818F025FC00231A46052101A834
:1023500017F016FE07B000BD01460120704710B50A
:102360000446DC480068407A012801D117F0BCFB24
:10237000012010BD00B587B01822DE49183101A830
:1023800018F007FC022014F0E4FD00231A46032194
:1023900001A817F0F5FD07B000BD10B5022017F039
:1023A000C0FB10BD01460120704700B587B0182260
:1023B000D049303101A818F0ECFB192014F0C9FD08
:1023C00000231A46032101A817F0DAFD07B000BD6B
:1023D00010B5152017F0A5FB10BD01460120704770
:1023E00000B587B01822C349483101A818F0D1FBC5
:1023F00000231A460F2101A817F0C2FD07B000BD47
:1024000010B5032017F08DFB10BD01460120704769
:1024100000B587B01822B749603101A818F0B9FBA0
:10242000052014F096FD00231A46052101A817F097
:10243000A7FD07B000BD704701460120704710B5E9
:10244000FFF724FB0446002104EBC410A04A02EB72
:10245000C000C0F8F41004EBC41102EBC101D1F8C4
:102460003803FEF75BF8052017F05BFB204608F009
:1024700036FE78B1052004EBC411954A02EBC10188
:1024800081F87000012104EBC41002EBC00080F859
:1024900071100EE0052004EBC4118D4A02EBC1015E
:1024A00081F87000022104EBC41002EBC00080F838
:1024B0007110204604F00FFA10BD10B5002430E072
:1024C00004EBC410824901EBC000D0F8F40030B333
:1024D00004EBC41001EBC000D0F8F400401E04EB84
:1024E000C4117B4A02EBC101C1F8F40004EBC41033
:1024F000114601EBC000D0F8F40080B923467EA25B
:1025000040F216418448FAF73CFF002004EBC41166
:102510006F4A02EBC10181F8FD03FFF790FF601CD9
:10252000C4B26C480068407AA042C9DC10BD10B546
:1025300086B0FFF7ABFA044618226E499031684620
:1025400018F027FB04EBC410614901EBC000D0F880
:10255000380350B971A17348FDF7EBFF04EBC411C8
:102560005B4A02EBC101C1F8380304EBC411584ABD
:1025700002EBC101D1F838034FF47A71FDF7BBFFCC
:1025800004EBC410524901EBC000D0F8F40038B994
:102590003C2104EBC4104E4A02EBC000C0F8F4101A
:1025A00000231A463C21684617F0EAFC1C2014F070
:1025B000D0FC06B010BD10B5044646480068407B0C
:1025C000594951F820202D210220FFF7BFF80120A2
:1025D00010BD00B587B018224649C43101A818F0D3
:1025E000D8FA52A240F24F415748FAF7CAFE0420E7
:1025F00014F0AFFC00231A46032101A817F0C0FC19
:1026000007B000BD10B551A240F257415648FAF745
:10261000B8FE10BD01460120704700B587B01822F2
:10262000524901A818F0B5FA032014F092FC0023D7
:102630001A46032101A817F0A3FC4DA24FF49161A3
:102640005248FAF79EFE07B000BD10B5062017F0FD
:1026500068FA4FA240F28F415448FAF792FE10BD3B
:1026600001460120704700B587B018223F4930313C
:1026700001A818F08EFA032014F06BFC00231A4610
:10268000032101A817F07CFC07B000BD10B507209E
:1026900017F047FA10BD10B504460E480068407B9D
:1026A000434951F8202032210220FFF74FF8012042
:1026B00010BD00005B686D695D20686D695F6870C2
:1026C0005F6B657968646C0A000000008CD00208BA
:1026D000404E0020780000205B686D695D20686DC9
:1026E000695F68705F726573756D650A0000000050
:1026F0009AD00208A8D002085B686D695D67756EA4
:102700005B25645D206170706F696E742074696D03
:10271000656F75740A00000020D102086170706F47
:10272000696E7400BB24010834EB02085B686D69B4
:102730005D20646973705F6D6F6E65794C61636B6A
:102740005F73746172740A0050D102085B686D692E
:102750005D20646973705F6D6F6E65794C61636B4A
:102760005F656E640A00000084D10208B4D10208DB
:102770005B686D695D20646973705F73746F704D21
:102780006F6E65795F73746172740A009BD1020881
:102790005B686D695D20646973705F73746F704D01
:1027A0006F6E65795F656E640A000000CCD1020827
:1027B000ACEB020800B587B01822FB4901A818F05D
:1027C000E8F90A2014F0C5FB00231A463C2101A8B1
:1027D00017F0D6FB07B000BD10B50C2017F0A1F91B
:1027E00010BD10B50446F1480068407BF04951F82F
:1027F000202023210220FEF7A9FF012010BD00B5F3
:1028000087B01822E849183101A818F0C2F9112040
:1028100014F09FFB00231A46032101A817F0B0FB18
:1028200007B000BD10B5082017F07BF910BD10B53A
:102830000446DE480068407BDE4951F8202008212C
:102840000220FEF783FFD9480068407BDA4951F83F
:1028500020204B210220FEF779FF012010BD00B59A
:1028600087B01822D049303101A818F092F907201A
:1028700014F06FFB00231A460A2101A817F080FB11
:1028800007B000BD10B5092017F04BF910BD10B509
:102890000446C6480068407BC84951F820200821FA
:1028A0000320FEF753FF012010BD00B587B01822AA
:1028B000BD49483101A818F06CF900231A460A21D5
:1028C00001A817F05DFB07B000BD10B5162017F08A
:1028D00028F910BD01460120704700B587B01822C5
:1028E000B149783101A818F054F9B5A240F2B551B8
:1028F000BA48FAF746FD00231A46032101A817F04B
:102900003FFB17F0F1F807B000BD10B5B4A240F2DC
:10291000BE51BA48FAF735FD0A2017F002F910BD8A
:1029200010B50446A1480068407BB54951F8202005
:1029300030210220FEF70AFF012010BD00B587B04C
:1029400018229949C43101A818F023F9ADA24FF417
:10295000BB61B648FAF715FD012014F0FAFA00231E
:102960001A46032101A817F00BFB07B000BD10B5F4
:1029700004468E480068407BAD4951F82020202154
:102980000220FEF7E3FE012010BD00B587B018223B
:102990008549FC3101A818F0FCF8A6A24FF4BE61ED
:1029A000AB48FAF7EEFC1B2014F0D3FA00231A46CA
:1029B000032101A817F0E4FA07B000BD10B50446E2
:1029C0007A480068407BA34951F82020302102203A
:1029D000FEF7BCFE75480068407B9F4951F82020F7
:1029E00030210320FEF7B2FE012010BD00B587B0F4
:1029F00018229A4901A818F0CCF899A240F20A616D
:102A0000A048FAF7BEFC162014F0A3FA00231A46D9
:102A1000032101A817F0B4FA07B000BD10B50E20CD
:102A200017F07FF810BD10B5044660480068407B81
:102A3000954951F8202014210220FEF787FE01203D
:102A400010BD00B587B018228449343101A818F0B0
:102A5000A0F88EA240F22A619448FAF792FC17205F
:102A600014F077FA00231A46032101A817F088FA18
:102A700007B000BD10B5142017F053F810BD10B505
:102A800004464A480068407B894951F8202030219B
:102A90000220FEF75BFE012010BD00B587B01822B2
:102AA0006E49683101A818F074F882A240F24661BC
:102AB0008948FAF766FC00231A46032101A817F09B
:102AC0005FFA07B000BD10B5132017F02AF810BD4B
:102AD00010B5044681A20F210220FEF737FE012027
:102AE00010BD00B587B018225C49983101A818F0D4
:102AF00050F85BA240F263617A48FAF742FC002387
:102B00001A46032101A817F03BFA07B000BD10B523
:102B10000F2017F006F810BD10B5044672A20F2161
:102B20000220FEF713FE74A20F210320FEF70EFE13
:102B3000012010BD00B587B018224849CC3101A84A
:102B400018F027F846A240F281616F48FAF719FCA5
:102B500000231A46032101A817F012FA07B000BD9E
:102B600010B5102016F0DDFF10BD10B504460F485B
:102B70000068407B654951F820200C210220FEF7B7
:102B8000E5FD012010BD00B587B018223349E431BE
:102B900001A817F0FEFF00231A46032101A817F031
:102BA000EFF907B000BD0000FCD10208780000205A
:102BB0001CED0208CCEB0208E8EB020850EC02081E
:102BC0005B686D695D20686D695F646973705F66DD
:102BD00061756C745F73746172740A005CD2020870
:102BE0005B686D695D20686D695F646973705F66BD
:102BF00061756C745F656E640A0000008CD2020817
:102C000070EA02085B686D695D20686D695F6469E0
:102C100073705F696C6C6567616C6974795F63611F
:102C200072645F73746172740A0000009FD20208BC
:102C300094EA02085B686D695D20686D695F64698C
:102C400073705F6973636861726765640A0000008E
:102C5000D8D20208A4EF0208BCEF020830D3020861
:102C60005B686D695D20686D695F646973705F633F
:102C70006172645F73746172745F6661756C740A0B
:102C80000000000010D30208DCED02085B686D69EB
:102C90005D20686D695F646973705F466F72626919
:102CA000644368675F73746172740A0048D30208F2
:102CB000D8EF02085B686D695D20686D695F6469C3
:102CC00073705F47756E4C6F636B5F4572725F72B6
:102CD0006566726573680A007CD30208312E362E51
:102CE00036363300B0D30208436C65617220454527
:102CF00050524F4D2E2E2E005761697420666F7210
:102D00002031323073210000E0D302080CEE0208BB
:102D100010B5112016F005FF10BD10B5044613487C
:102D20000068407B124951F8202010210220FEF754
:102D30000DFD012010BD00B587B018220D4901A876
:102D400017F027FF182014F004F900231A46032176
:102D500001A817F015F907B000BD10B5192016F03D
:102D6000E0FE10BD70477047704770477800002044
:102D700044F002082CD40208014609B1852901DB80
:102D8000002070470120FCE7014619B96E48008811
:102D900080B27047012903D16C48008880B2F8E7FF
:102DA000022903D16A48008880B2F2E769480088A6
:102DB00080B2EEE770B50025674801780078401CC6
:102DC000654A107001297DD10020114608706348C2
:102DD0000078032802D100206049087000240EE02A
:102DE0002046FFF7D1FF00B204EB44015C4A02EB3E
:102DF00041015A4A127821F81200601CC4B2042C16
:102E0000EEDB56480078401C5449087008460078AC
:102E1000032803D100205349087003E04F4800788D
:102E2000504908705048007878BB002428E004EB33
:102E300044004B4901EB400148480078401E31F9FD
:102E4000100004EB4401464A02EB4101454A127866
:102E500031F91210401AB0F52F7F0FDD04EB44005A
:102E60003F4901EB40003F49097830F8110028B193
:102E700001203D4908703D48047003E0601CC4B265
:102E8000042CD4DB00BF002070BDFFE73848008869
:102E9000401C3749088008460088B0F5FA7F04DDF9
:102EA000002031490870324908803048007800EB32
:102EB00040002B4901EB400128480078401E31F9C1
:102EC000100000E03DE02949097801EB4101244A66
:102ED00002EB4101234A127831F91210401A10F521
:102EE000C87F2CDA0020204908702148008801287A
:102EF0000CDD1F480088462808DA00201C4908809D
:102F00001A480078401CC5B22846BDE7184800881A
:102F100046280FDB16480088B0F5FA7F0ADA002051
:102F20001349088011480078401CC0B240F0800569
:102F30002846A9E700200E4908802846A4E700207B
:102F4000A2E72846A0E70000340700204807002039
:102F50005C07002070070020AD020020AE020020B8
:102F6000288D0020AF020020B0020020AC0200201B
:102F7000AA02002001B502E00098401E00900098CF
:102F80000028F9D108BD01B505E00098401E009069
:102F90000A20FFF7EFFF00980028F6D108BD01B521
:102FA00006E00098401E009042F21070FFF7E2FF2A
:102FB00000980028F5D108BD0420DF49087070474B
:102FC00010B50220FFF7DFFF8021DC48F6F715FE81
:102FD0004021DA48F6F711FE0220FFF7D4FF8021E6
:102FE000D648F6F70CFE0220FFF7CDFF4021D3486C
:102FF000F6F705FE10BD10B50220FFF7C4FF402113
:10300000CE48F6F7FCFD8021CC48F6F7F8FD02200B
:10301000FFF7B9FF4021C948F6F7EFFD0220FFF79F
:10302000B2FF8021C548F6F7E8FD10BD10B5FF24BA
:103030008021C248F6F7E1FD0220FFF7A4FF4021FE
:10304000BE48F6F7DCFD0220FFF79DFF4021BB489C
:10305000F6F7D3FD0220FFF796FF06E0601EC4B22C
:103060001CB9FFF7C8FF002010BD8021B348F6F758
:10307000AAFD0028F2D14021B048F6F7C0FD01209A
:10308000F2E710B58021AD48F6F7B9FD0220FFF751
:103090007AFF4021A948F6F7B0FD0220FFF773FF41
:1030A0004021A648F6F7ABFD10BD10B58021A3481E
:1030B000F6F7A3FD0220FFF766FF40219F48F6F7D1
:1030C0009CFD0220FFF75FFF40219C48F6F797FD2B
:1030D00010BD70B50446082522E040219748F6F758
:1030E0008EFD0220FFF74FFF14F0800F04D08021E7
:1030F0009248F6F782FD03E080219048F6F77FFDC5
:103100006006040E0220FFF73EFF40218B48F6F7D1
:1031100074FD0220FFF737FF40218848F6F76FFD66
:103120002800A5F10101CDB2D7D140218348F6F79F
:1031300066FD70BD70B50825002480217F48F6F734
:103140005CFD14E06006040E40217C48F6F757FD54
:103150000220FFF718FF40217848F6F74EFD0220C5
:10316000FFF711FF80217548F6F72DFD0443280075
:10317000A5F10101CDB2E5D140217048F6F73FFD40
:10318000204670BD1CB504460021009101912046E7
:10319000F8F7E0FCCDE900010020694908700FE074
:1031A0004FF6FF70F8F7B6FB6846F8F7E1FC18B980
:1031B00063480078012803D100206149087000E0CD
:1031C000EEE700BF1CBD01205D49087070472DE986
:1031D000F04180460D4614461F4614B90020BDE854
:1031E000F081F8F7D5FA4FF6FE700540401C00EA72
:1031F000440402205049087000BF05F03F00C0F1B0
:103200004006A64200DD2646A01B84B2FFF7D8FE8A
:103210004046FFF75EFFFFF709FF280AFFF759FF57
:10322000FFF704FFE8B2FFF754FFFFF7FFFEA8190E
:1032300085B20DE0B01E86B23878FFF74AFFFFF77F
:10324000F5FE3988080AFFF744FFFFF7EFFEBF1CC1
:10325000002EEFD1FFF7CFFE0420FFF7A0FE002CD9
:10326000CBD1042034490870F8F79BFA0020B6E768
:103270002DE9F04180460D4614461F4614B9002042
:10328000BDE8F0814FF6FE700540401C00EA4404A2
:1032900003202949087000BF05F03F00C0F1400637
:1032A000A64200DD2646A01B84B2FFF789FE4046F9
:1032B000FFF70FFFFFF7BAFE08B90120E0E7280A81
:1032C000FFF707FFFFF7B2FE08B90120D8E7E8B221
:1032D000FFF7FFFEFFF7AAFE08B90120D0E7A81903
:1032E00085B2FFF76DFE48F00100FFF7F2FEFFF731
:1032F0009DFE08B90120C3E710E0B01E86B2FFF7BB
:1033000019FF3880FFF7BDFEFFF714FF398801EB86
:10331000002038800EB1FFF7B4FEBF1C002EECD1A8
:10332000FFF7C3FEFFF767FE002CB5D1042002496A
:1033300008700020A4E70000B2020020000C014049
:10334000B10200202DE9F04196B006464FF0540836
:103350004346F8A240F23521FE48FAF712F806205B
:1033600002F004FB074617B916B0BDE8F08100254E
:1033700007E0B98888B2542201A902F0E1FA681C7A
:10338000C5B2022DF5DB012E02D1FF20ADF80400FD
:10339000002429210DF10600F9F792FDBDF8041073
:1033A000884200D10124012C05D1542201A9EA4808
:1033B00017F0AAFB14E0012C08D1542201A9E64819
:1033C00017F0A2FB0020E449088009E0E3A240F2E4
:1033D0005321E048F9F7D5FF5421DF4817F013FCDB
:1033E00000BFC1E770B50646052002F0BFFA0446EB
:1033F00004B970BD002518E0A18888B22C22E149EB
:1034000002F09EFAA18888B22C22DE4902F098FAD6
:10341000012808D16420FFF7C2FDA18888B22C22C0
:10342000D84902F08DFA681C85B2022DE4DB012E2A
:1034300002D1FF20D3490880D24880780A2802DDD3
:103440000020D04988701521CE48801CF9F738FD3E
:10345000CC490988884200D1CBE72C21C94817F014
:10346000D2FBFF20C749088000BFC2E72DE9F04129
:103470000646F8273B46C4A240F2D911C948F9F7DD
:1034800080FF042002F072FA05460DB9BDE8F08114
:10349000002418E0A98888B2F822C34902F050FA43
:1034A000A98888B2F822C04902F04AFA012808D156
:1034B0006420FFF774FDA98888B2F822BA4902F0A7
:1034C0003FFA601CC4B2022CE4DB012E02D1FF20C3
:1034D000B54908807B21B448801CF9F7F1FCB2495A
:1034E0000988884200D1D1E70020AF4981F8DA008D
:1034F00008713C20A1F8CA00002088707820A1F84B
:10350000CC004FF4A070A1F8D20041F65830A1F8D9
:10351000D0000020C870C421A348401D17F073FBE1
:10352000A148407920F00F009F4948710846407932
:1035300020F0F000487100219B48C18030210172C9
:10354000002407E064219848093000EB4400018022
:10355000601CC4B2302CF5DB00209349A1F8DC00DC
:10356000642081F8E8000020C1F8E0000A20A1F8FA
:10357000E400002081F8E60081F8E7002020A1F8AF
:10358000EA008AA240F20B218648F9F7FAFE00BF52
:103590007CE72DE9F043C7B007464FF000084FF035
:1035A0008C094B468AA24FF49C719048F9F7E9FECA
:1035B000012002F0DBF9044614B947B0BDE8F083FE
:1035C0004FF000083AE0A18888B28C2224A902F0CA
:1035D000B7F9A188A26801EB520188B28C2201A937
:1035E00002F0AEF9A18888B28C2224A902F0A8F9D1
:1035F000012808D16420FFF7D2FCA18888B28C2270
:1036000024A902F09DF9A188A26801EB520188B2B9
:103610008C2201A902F094F901280BD16420FFF754
:10362000BEFCA188A26801EB520188B28C2201A9DC
:1036300002F086F908F1010000F0FF08B8F1020F6E
:10364000C1DB00250026012F04D1FF20ADF890003A
:10365000ADF8040045210DF19200F9F731FCBDF8F9
:103660009010884200D1012545210DF10600F9F79F
:1036700027FCBDF80410884200D10126012D07D196
:10368000012E05D18C2224A9594817F03DFAFEE0FD
:10369000012D08D18C2224A9554817F035FA0020B5
:1036A00053490880F3E0012E08D18C2201A950482B
:1036B00017F02AFA00204E490880E8E04DA240F2B7
:1036C00069114A48F9F75DFE00204949088041F632
:1036D000690048804FF40060888041F66900C88026
:1036E0004FF40060088141F6690048814FF40060A2
:1036F00088814FF48F6048824FF4006088824FF4D5
:103700008F60C8824FF4006008834FF48F60488355
:103710004FF40060888342F6AE10C8834FF4006017
:10372000088441F66900C8814FF40060088240F2C5
:10373000C5306FE05B6C6F675D206661756C7448C7
:103740006973746F72795F745F73697A653A25641F
:103750000A000000F9D40208C04900205B6C6F67C2
:103760005D20676F746F2064656661756C7420738B
:10377000744661756C74486973746F72792E2E2E5D
:103780000A000000184C00205B6C6F675D207374AA
:10379000496E666F4366675F745F73697A653A2541
:1037A000640A0000C9D40208C84800205B6C6F6737
:1037B0005D20676F746F2064656661756C7420733B
:1037C00074496E666F4366672E2E2E0A0000000055
:1037D0005B6C6F675D20706172616D496E666F5FD3
:1037E000745F73697A653A25640A0000B7D40208E9
:1037F000684C00205B6C6F675D20676F746F20649E
:10380000656661756C74207374506172616D2E2EE3
:103810002E0A000048844FF40060888442F6681045
:1038200048854FF40060888542F6D110C8854FF472
:103830000060088642F6861048864FF4006088864D
:103840004FF42550C8864FF40060088740F6CA0040
:10385000A1F842004FF40060A1F844004FF4487012
:10386000C8844FF4FA60088542F6681048854FF422
:103870000060888568204887002088877120C88775
:103880000020A1F840004FF4B070A1F84E004FF6B0
:10389000FF70FA49A1F8500041F69C00A1F85200CF
:1038A00041F2D470A1F8540041F25C20A1F8560016
:1038B00041F22430A1F858001920A1F85A00F0482C
:1038C0008088172803D0EE488088182811D142F646
:1038D0008610EA49488542F69A10C8854FF425506B
:1038E00048866B2048874FF42F70C88442F66810D2
:1038F000C886E44800686FF30F00E349884206D0A9
:10390000E04800686FF30F00E049884215D1DC48B9
:103910008088172803D0DA488088182807D14FF408
:103920002550D649C8854FF47070C8840AE042F625
:103930000410D249C886C88504E040F69800CF49F3
:10394000A1F8420000BF38E670B50646032002F039
:103950000DF8054605B970BD00241BE0A98888B2A2
:103960004FF40172CA4901F0EBFFA98888B24FF405
:103970000172C74901F0E4FF012809D16420FFF773
:103980000EFBA98888B24FF40172C14901F0D8FF3B
:10399000601C84B2022CE1DB012E02D1FF20BC4965
:1039A000088040F20111BA48801CF9F789FAB84939
:1039B0000988884200D1CEE70020B54988700024EC
:1039C00005E0FF21B248C01C0155601C84B2B4F56B
:1039D000007FF6DB00BFBEE72DE9F04106466A270F
:1039E0003B46ACA28B21B348F9F7CBFC022001F097
:1039F000BDFF05460DB9BDE8F081002418E0A98897
:103A000088B26A22AC4901F09BFFA98888B26A2279
:103A1000A94901F095FF012808D16420FFF7BFFAFA
:103A2000A98888B26A22A44901F08AFF601CC4B246
:103A3000022CE4DB012E02D1FF209F4908803421B3
:103A40009D48801CF9F73CFA9B490988884200D1BF
:103A5000D1E7002406E064219748801C20F8141068
:103A6000601CC4B2302CF6DB94A2A5219148F9F772
:103A700088FC00209049A1F86200A1F86400A1F838
:103A80006600084690F86800022802DD022081F8EE
:103A9000680000BFAFE72DE9F041ACB080460020E0
:103AA00001F064FF044614B92CB0BDE8F081002792
:103AB00038E0A18888B2582216A901F041FFA188F8
:103AC000A26801EB520188B25822694601F038FF22
:103AD000A18888B2582216A901F032FF012808D126
:103AE0006420FFF75CFAA18888B2582216A901F079
:103AF00027FFA188A26801EB520188B258226946CB
:103B000001F01EFF01280BD16420FFF748FAA188BD
:103B1000A26801EB520188B25822694601F010FFF9
:103B2000781CC7B2022FC4DBB8F1010F04D1FF200B
:103B3000ADF85800ADF80000002500262B210DF14E
:103B40005A00F9F7BDF9BDF85810884200D1012597
:103B50002B210DF10200F9F7B3F9BDF800108842EE
:103B600000D10126012D07D1012E05D1582216A919
:103B7000434817F00EF843E0012D08D1582216A94A
:103B80003F4817F006F800203D49088038E0012E34
:103B900008D1582269463A4816F0FBFF0020384900
:103BA00008802DE04CA256215348F9F7EAFB00208B
:103BB00033490881202081F84A005048C864012018
:103BC00048802120888010212D482A3017F01BF8CA
:103BD00010224BA12A482A3016F096FF07202849C8
:103BE000C880002081F8500081F854000A2081F834
:103BF00055002B212248801CF9F762F920490880E2
:103C00001F4890F85510434880F8E01300BF4BE779
:103C10002DE9F0410646002500BF14E0284601F0DA
:103C2000A5FE04460CB9BDE8F081207C012802D134
:103C3000A068470800E0A768E068B84201D300BF69
:103C4000FEE7681CC5B20D2DE8DB3046FFF723FF09
:103C50003046FFF7C1FE3046FFF776FE3046FFF7ED
:103C600098FC3046FFF702FC3046FFF7BBFB3046BE
:103C7000FFF768FB00F03FFD00BFD4E7684C002071
:103C8000704800206C0000200000454200004342C4
:103C9000144A00205B6C6F675D2073745261746519
:103CA00044656661756C745F73697A653A25640A68
:103CB0000000000067D40208044800205B6C6F67B6
:103CC0005D20676F746F2064656661756C74207227
:103CD0006174652E2E2E0A005B6C6F675D20676F26
:103CE000746F2064656661756C742073797370619C
:103CF00072612E2E2E0A000044D4020840E2010018
:103D00004143373030302D42452D33302D4643541A
:103D100000000000404E002010B50446F7F738FDC3
:103D20000120FFF775FFF7F73CFD10BD10B500202F
:103D300001F01CFE044604B910BD2B21D448F9F74C
:103D4000BFF8D349891E0988884248D02B21D04822
:103D5000F9F7B6F8CE49891E0880CEA27421D3485F
:103D6000F9F70FFBA18888B25822C949891E01F0D2
:103D7000F2FDA188A26801EB520188B25822C44921
:103D8000891E01F0E8FDA18888B25822C049891E29
:103D900001F0E1FD012809D16420FFF700F9A188B5
:103DA00088B25822BA49891E01F0D5FDA188A268BF
:103DB00001EB520188B25822B549891E01F0CBFDB2
:103DC00001280CD16420FFF7EAF8A188A26801EB72
:103DD000520188B25822AE49891E01F0BCFD00BFD5
:103DE000AAE710B5022001F0C1FD044604B910BDD8
:103DF0003421AF48F9F764F8AD49891E0988884233
:103E000012D03421AA48F9F75BF8A949891E088025
:103E1000A8A2B821AC48F9F7B4FAA18888B26A22FE
:103E2000A349891E01F097FD00BFE0E710B503200C
:103E300001F09CFD044604B910BD40F20111A348F5
:103E4000F9F73EF8A149891E0988884214D040F24A
:103E500001119E48F9F734F89C49891E08809CA2FC
:103E6000E8219F48F9F78DFAA18888B24FF40172D2
:103E70009649891E01F06FFD00BFDDE710B50520F2
:103E800001F074FD044604B910BD15219548F9F7F9
:103E900017F89449891E0988884213D01521914842
:103EA000F9F70EF88F49891E08808FA240F217118A
:103EB0009348F9F766FAA18888B22C228949891EAD
:103EC00001F049FD00BFDFE710B5012001F04EFD14
:103ED000044604B910BD45218A48F8F7F1FF894925
:103EE000891E098888421DD045218648F8F7E8FFD9
:103EF0008449891E088084A24FF493718848F9F799
:103F000040FAA18888B28C227E49891E01F023FDE7
:103F1000A188A26801EB520188B28C227949891EDE
:103F200001F019FD00BFD5E710B5042001F01EFD1A
:103F3000044604B910BD7B217A48F8F7C1FF7949DE
:103F4000891E098888421DD07B217648F8F7B8FF82
:103F50007449891E088074A240F217217748F9F746
:103F600010FAA18888B2F8226E49891E01F0F3FC8C
:103F7000A188A26801EB520188B2F8226949891E22
:103F800001F0E9FC00BFD5E710B5062001F0EEFC1A
:103F9000044604B910BD29216948F8F791FF684922
:103FA000891E0988884213D029216548F8F788FFBF
:103FB0006349891E088063A24FF40A716748F9F7C4
:103FC000E0F9A18888B254225D49891E01F0C3FC42
:103FD00000BFDFE762480068807F012812D14FF4FC
:103FE00025604849891EA1F8460040F6E210A1F874
:103FF00048004FF46170A1F84A004FF47A70A1F8BC
:104000004C0011E040F6C8203E49891EA1F8460048
:1040100040F65A20A1F848004FF4E660A1F84A00A3
:1040200040F29E70A1F84C0070471CE04FF6FF7004
:10403000F7F770FC04460021012304EA030201EAB9
:1040400001004A40484002430DD0FFF76FFEFFF7E2
:10405000C8FEFFF7EBFEFFF737FFFFF765FFFFF73F
:104060000DFFFFF791FFE1E710E04FF6FF70F7F764
:1040700051FC04460021082304EA030201EA01007E
:104080004A404840024301D005F085FCEDE70000BE
:10409000724800205B6C6F675D2073746F726520DF
:1040A000737973706172610A0000000055D40208D0
:1040B000064800205B6C6F675D2073746F7265202B
:1040C000726174650A00000075D40208164A002067
:1040D0005B6C6F675D2073746F72652071720A008C
:1040E00084D402081A4C00205B6C6F675D207374E7
:1040F0006F72652075736572696E666F0A000000E5
:1041000091D402086A4C00205B6C6F675D20737469
:104110006F72652072756E706172610A0000000036
:10412000A4D40208CA4800205B6C6F675D207374DA
:104130006F72652063666769666F0A00D9D40208EA
:10414000C24900205B6C6F675D2073746F726520DD
:104150006661756C79496E666F000000EAD40208EA
:104160007800002070B504460E461546AC4204DBCC
:1041700042F6B8602844844201D3002070BD0EB9D5
:104180000020FBE740F256223146204601F0E3FBD7
:104190000120F3E770B505460C46002615B940F638
:1041A0007C2603E0012D01D144F2BE56302104F1FA
:1041B0001300F8F785FEA080218888B23246211DC1
:1041C000FFF7D0FF70BD2DE9F04106460C461746BB
:1041D000984600BFC4EB0410F94901EB4000008988
:1041E00014280BDAC4EB041001EB40000089401CDA
:1041F000C4EB0411F24A02EB41010881C4EB041044
:10420000EF4901EB4000C58840F22B11694307EBF1
:10421000410188B23A463146FFF7A4FF10B9142095
:10422000BDE8F081C4EB0410E54901EB4000C08813
:10423000401C142190FBF1F201FB1200C4EB0411AD
:10424000DF4A02EB4101C8800021C4EB041002EBFD
:1042500040000A304155C4EB0410114601EB400008
:10426000C088C4EB041102EB4101898888420DD15A
:10427000C4EB0410114601EB40000089142805D15D
:104280000020C4EB041102EB41018880C4EB04114F
:10429000CB4A02EB4101881C0E21F8F711FEC4EB5A
:1042A0000411C74A22F81100C4EB041002EB4001CC
:1042B0001E22404601F04FFB2846B1E710B50246EA
:1042C000002312B940F67C2303E0012A01D144F215
:1042D000BE53C81A40F25624B0FBF4F080B210BDB1
:1042E00030B501460023C1EB0110B54A02EB400096
:1042F000008900284ED0C1EB0110144604EB4000A9
:10430000C28800BF02F113001424B0FBF4F504FBD3
:104310001502C1EB0110AA4C04EB4000C08890428A
:1043200009D1C1EB011004EB40000089142802DB25
:104330004FF0FF3030BDC1EB0110A14C04EB400049
:104340000A30805C68B911B940F67C2303E001298A
:1043500001D144F2BE5340F22B10504303EB400016
:10436000E8E7C1EB0110964C04EB400080889042D6
:1043700007D1C1EB011004EB40000089142800DBD9
:104380001422C1EB01108E4C04EB40008088904257
:10439000B8D100BF4FF0FF30CCE7F8B504460D466A
:1043A00017461E46874800680090C4EB04108449F5
:1043B00001EB40000A304655C4EB0411804A02EB81
:1043C0004101881C0E21F8F77BFDC4EB04117C4AE7
:1043D00022F81100C4EB0412794B03EB42013DF8C3
:1043E00014001E2201F0B7FAF8BD38B505460024C6
:1043F000012175480068017473480068008881B223
:104400000020FFF75BFF04466F4801680020FFF7BC
:10441000C1FE6D480068037C6B480068027C214641
:104420000020FFF7BAFF69A0F8F7AAFE0094012D5B
:1044300001D16DA000E071A0034675A2D2217D4894
:10444000F8F79FFF38BDFEB5002600277A480078B0
:10445000012800D1FEBD794890F87A00012800D1EA
:10446000F8E7092001F082FA054605B9F2E70020D5
:10447000FFF736FF0646701C00D1EBE76F4890F857
:104480000104022803D06EA0F8F77AFEE2E740F2BA
:1044900056214D480068001D16F0B5FB4A480068DB
:1044A000066049480068008881B20020FFF706FFD7
:1044B0000746B0B240F2562243490968091D01F08F
:1044C0003FFA4FF41272404801681131634816F008
:1044D0001BFB624890F8450018B90C205F4981F831
:1044E0004500394800680068401C00D1B2E7D4F8A4
:1044F0006500D4F8611094F8522004F10D03CDE961
:10450000002102902F4A843240F20B115448F8F7F0
:1045100038FF544804F0B2FA00BF9BE72DE9F041A0
:10452000044600270CB90B2504E0012C01D10C2511
:1045300000E00B25284601F019FA06460EB9BDE841
:10454000F08100270BE0C4EB04121D4B03EB42018A
:10455000B28890B21E2201F0F3F9781CC7B2022F84
:10456000F1DB00BFEBE770B5044614B940F67C15EB
:1045700006E0012C02D144F2BE4501E040F67C1574
:10458000C4EB04110E4A02EB41003C2116F03BFB48
:10459000C4EB04110A4A02EB4101881C0E21F8F712
:1045A0008FFCC4EB0411064A22F81100C4EB04107E
:1045B00002EB40011E22284601F0CDF970BD00003B
:1045C0000892002010D50208CC0200203420636835
:1045D000676C6F675F75706C6F61645F7265636F46
:1045E00072645F63626B000075706C6F6164206C55
:1045F0006F67207375636573730A000075706C6F65
:104600006164206C6F67206661696C0A00000000BD
:104610005B6C6F675D2075706C6F61642063626BAB
:104620002D2D257320707265696E6465783A256456
:104630000A00000014D5020896000020404E002019
:1046400073746F72657374657020213D2053544FED
:1046500052455F53544F500A00000000ACB1002097
:104660002DD50208EB43010870B5002400BF04E01B
:104670002046FFF753FF601CC4B2022CF8DB002475
:1046800036E0C4EB0410FE4D05EB40000389C4EB9B
:10469000041005EB4000C288C4EB041005EB400099
:1046A0008188F8A0F8F76CFDC4EB0410294601EBF3
:1046B00040008088142816DAC4EB041001EB400097
:1046C000C08814280FDAC4EB04112A4602EB41011A
:1046D000881C0E21F8F7F4FBC4EB04112A4632F8CB
:1046E0001110884202D02046FFF73DFF601CC4B283
:1046F000022CC6DB70BD08B5FFF7B6FF40F25620AE
:104700002823EBA24FF4BF710090F148F8F739FE6F
:10471000F0480068C07A012800D108BD4FF4497004
:10472000FAF710FAEC4908600846006830B9EBA2C5
:1047300040F28511E648F8F724FEEEE74FF0FF302F
:10474000E54909680860EE48006828B9EDA1F1481C
:10475000FBF7EFFEEA49086043F69821E848006855
:10476000FBF7C9FE00BFD8E72DE9FC410446EA4843
:1047700000680190E848001D00680090E748007854
:1047800001280DD0002003F08AFE20B1D148006836
:10479000807F012804D1CF480068C07A012801D168
:1047A000BDE8FC81092001F0E1F8064606B9F7E70B
:1047B0000121DB4880F8011440F22B116143D94AF2
:1047C00002EB410040F2562116F01DFA04EBC41032
:1047D000D34901EBC00545F6962140F22B1060430A
:1047E000D04A02EB4000418140F22B11614302EBC1
:1047F000410101F10D00202205F1CD0116F084F9EF
:1048000040F22B116143C74A02EB410101F12D0037
:10481000202205F18D0116F077F940F22B1060434C
:10482000C04901EB400090F84D0064F3030040F2F2
:104830002B116143BB4A02EB410181F84D008C20F2
:10484000415D40F22B10604302EB400090F84D00B8
:1048500061F3071040F22B11614302EB410181F833
:104860004D0095F8ED1040F22B10604302EB400034
:1048700090F84E0061F3030040F22B11614302EB0C
:10488000410181F84E00D5F8ED00010940F22B10EE
:10489000604302EB4000D0F84E0061F31F1040F27D
:1048A0002B11614302EB4101C1F84E0004EBC4102F
:1048B0009B4901EBC00090F8260340B9112140F25A
:1048C0002B10604302EB400080F8521009E095F88D
:1048D000261340F22B106043924A02EB400080F80E
:1048E000521040F22B1060438E4901EB4000E96FFB
:1048F00000F14900C160B5F8801001824FF08800D6
:10490000415940F22B1004FB00F0864A02EB4000B4
:10491000C0F8611040F22B1004FB00F002EB4000E5
:10492000D5F82C11C0F86510B5F8180181B240F225
:104930002B1004FB00F002EB4000A0F85310654878
:104940000068C07A30B9012140F22B10604302EBBD
:104950004000017340F22B106043724901EB4000AC
:10496000E96F00F14F00C160B5F8801001823DF899
:10497000143001A931F8142040F22B1104FB01F18D
:10498000684F07EB41002146FFF71DFC01466648D2
:1049900040F8241000BF03E72DE9F04104460F461C
:1049A0000020FFF79DFC804618F1010001D1BDE811
:1049B000F081002003F073FD28B146480068807F35
:1049C000012800D0F3E704EBC410554901EBC00502
:1049D000FAF7CCF9064604EBC410514901EBC000CC
:1049E00090F81603012803D03A480068C07A40B90D
:1049F000012140F22B1060434A4A02EB4000017350
:104A000007E0002140F22B106043464A02EB4000D1
:104A1000017340F22B116143424A02EB410101F163
:104A20000D00202205F1CD0116F06EF895F8261341
:104A300040F22B1060433B4A02EB400080F85210DA
:104A400040F22B106043114601EB4000316800F149
:104A50004F00C160B188018240F22B1004FB00F0CE
:104A600002EB4000D5F82411C0F86B1040F22B1077
:104A700004FB00F002EB4000D5F82C1156E00000DA
:104A8000089200206368675F71756575653A204814
:104A90006561643D25642C205461696C3D2564206A
:104AA0002C20546F74616C3A2564200A00000000C9
:104AB0005B6368676C6F675D20696E697420666907
:104AC0006E6973682E2E2E25642D25640A00000061
:104AD00047D5020878000020CC0200205B6368679D
:104AE0006C6F675D206D6F6C6C6F63206368676CC3
:104AF0006F675265706F7274206572720A000000F1
:104B0000B80200206368674C6F6755706C6F616412
:104B1000546D72004744010854D5020896000020E5
:104B2000404E00205C8D0020548D0020C0F86510A0
:104B3000B5F8180181B240F22B1004FB00F002EB33
:104B40004000A0F85310F94850F82430F8A240F281
:104B5000F111FE48F8F715FC40F22B116143FC4AB5
:104B600002EB410101F12D00202205F18D0115F02C
:104B7000CBFF012F3DD10221F64880F80114F6A0A9
:104B8000F8F7FEFA40F22B106043F14A02EB4000C6
:104B9000D5F82C11C0F8651004EBC410ED4901EBF9
:104BA000C00090F8260340B9112140F22B10604359
:104BB00002EB400080F8521009E095F8261340F20D
:104BC0002B106043E24A02EB400080F8521040F2A2
:104BD0002B116143DE4A02EB4101881C4FF49571B1
:104BE000F8F76EF940F22B116143D94A22F811000F
:104BF00013E0E4A0F8F7C4FA40F22B116143D44A61
:104C000002EB4101881C4FF49571F8F759F940F215
:104C10002B116143CE4A22F8110040F22B1262435D
:104C2000CB4B03EB42011FFA88F040F2562200F012
:104C300092FE00BFBBE610B500210846FFF7ACFEB0
:104C400010BD10B501210020FFF7A6FE10BD10B564
:104C500000210120FFF7A0FE10BD2DE9F84F83468B
:104C6000D3490979012905D1D2490968C97A09B915
:104C7000BDE8F88F0BEBCB11B64A02EBC1010091F6
:104C80000BEBCB1102EBC10101F12C090BEBCB11AA
:104C900002EBC10101F58274C549497911F00F0198
:104CA00004D001297ED002297DD1C9E1C0494979CA
:104CB00014F82C2F61F303022270BD4949790A09C7
:104CC000217862F3071104F82C19B9490A7A3121C5
:104CD0000A55FAF74BF801791D2901DD012200E0A0
:104CE0000022C17802EB4101CDB22F2D00DD00255D
:104CF000D9F804200099D1F888108A420DD9B9F862
:104D00000410228D8A1A04F1320131F81510114471
:104D10008AB204F1320121F81520A549CA88093167
:104D200001EB450109880A44A149693101EB4501BC
:104D300009880A4404F1320131F815104A4304F19C
:104D4000920101EB85010A609949CA88693101EB3A
:104D5000450109880A4404F1320131F815104A432B
:104D600004F5A97101EB85010A6000212162002789
:104D70000FE004F1920101EB87010A6804F5A971C3
:104D800001EB870109681144226A11442162791CF0
:104D9000CFB2302FEDDB4FF47A72216AB1FBF2F122
:104DA000216201E00BE04CE181494979090905D113
:104DB0007F49C988E2695143C4F82D1041E17C491B
:104DC000497914F82C2F61F303022270784949794C
:104DD0000A09217862F3071104F82C19744991F833
:104DE000088084F83180002615E07149193111F8E6
:104DF000262006EB860304F13201CA546C491931AE
:104E000001EB86014A7806EB860304F1320119446E
:104E10004A70711CCEB24645E7DB002665E0C278D9
:104E20006349193111F826108A420EDCC2786049B4
:104E3000193111F826108A422AD102795C491931B8
:104E400001EB860149788A4222DBC378584919313F
:104E5000721C11F822108B420EDBC37854491931B1
:104E600011F822108B4213D103795149193101EB0A
:104E7000820149788B420BDA4D49193101EB8601E9
:104E80008D784B49193101EB860191F803A02EE092
:104E9000C378A8F101024649193111F822108B425A
:104EA00013DCC3784249193111F822108B4207D123
:104EB00003793F49193101EB820149788B4204DAC9
:104EC000C2783B49497E8A420DDAA8F1010238498D
:104ED000193101EB82018D783549193101EB8601D9
:104EE00091F803A003E0711CCEB2464597DB00BFEA
:104EF000D9F804200099D1F888108A4212D999F87B
:104F0000041094F828208A1A05EB850304F1320175
:104F1000194489781144CAB205EB850304F13201C2
:104F200019448A7005EB850246E00000548D00208C
:104F30005B6C6F675D757064617465206C6F672C66
:104F400020696E6465783D25640A00005CD502081E
:104F50005C8D0020404E00203220656E64466C61FE
:104F600067203D207472756520206368676C6F67E9
:104F70005F75706C6F61645F7265636F7264696E98
:104F8000670A00003220656E64466C6167203D2030
:104F900066616C736520206368676C6F675F75700E
:104FA0006C6F61645F7265636F7264696E670A003B
:104FB000C84800207800002004F1320111448A78AA
:104FC000F84911F815104A4305EB850304F1320145
:104FD0001944CA700AEB8A0204F1320111448A783A
:104FE000F049083111F81A104A430AEB8A0304F118
:104FF000320119440A7100212162002711E007EBF8
:10500000870204F132011144CA7807EB870304F1E7
:105010003201194409791144226A11442162791C30
:10502000CFB24745EBDBDF4909394979090906D198
:10503000DC490939C988E2695143C4F82D1000E000
:1050400000BF00BF00BF13E62DE9FE4F054600205C
:105050000290019005EBC510D34901EBC00605EBAA
:10506000C51001EBC00000F12C0705EBC51001EBEA
:10507000C00000F582747120805D03287ED18820F5
:1050800080597968814204D9882080597968081A42
:10509000E0612846FFF7E1FD7868A062388920804A
:1050A00078896080B889A080F889E080388A20817A
:1050B000788A6081E08816F06FFFBC49009016F096
:1050C00021FE8246208816F067FFB949009016F04D
:1050D00019FE8346514616F0A7FF81464FF07E51D8
:1050E00016F010FE804616F01FFFE060B148006821
:1050F000007A032837D1208916F04EFFAB49009083
:1051000016F000FE8246608816F046FFA84900901F
:1051100016F0F8FD8346514616F086FF81464FF0A3
:105120007E5116F0EFFD804616F0FEFE029060897B
:1051300016F032FF9D49009016F0E4FD8246A088EB
:1051400016F02AFF9A49009016F0DCFD834651467E
:1051500016F06AFF81464FF07E5116F0D3FD80466F
:1051600016F0E2FE0190E1680298014401980844BB
:10517000E0609148F6F7FCFC012800E078E10DD1F1
:105180002069401C20613C212069B0FBF1F0606186
:105190004FF47A70F6F7DEFC874A03C205EBC510C0
:1051A000814901EBC00090F8F803012853D105EBC9
:1051B000C5117D4A02EBC101E069D1F8E8138842CC
:1051C00049D300BF05EBC510114601EBC00090F8B4
:1051D000710005EBC51102EBC10181F870000421DB
:1051E00005EBC51002EBC00080F8711000BF002075
:1051F000114681F87A00032005EBC51102EBC101CD
:1052000081F86103052105EBC51002EBC00080F8B1
:105210002613002005EBC51102EBC10181F8F8034C
:105220001146D1F83403FBF779F903205E49A1F860
:10523000EC030846D0F8480330B960A16248FBF798
:1052400078F95949C1F848035749D1F848034FF450
:105250007A71FBF750F996F8ED0010F00F0F4FD070
:1052600096F8ED0000F00F0001284AD12169D6F828
:10527000ED00B1EB101F43D300BF05EBC5104A4949
:1052800001EBC00090F8710005EBC511464A02EB36
:10529000C10181F87000042105EBC51002EBC000CC
:1052A00080F8711000BF0020114681F87A000320B9
:1052B00005EBC51102EBC10181F86103042105EB87
:1052C000C51002EBC00080F826131146D1F8340354
:1052D000FBF724F903203449A1F8EC030846D0F881
:1052E000480330B935A13848FBF723F92E49C1F8F6
:1052F00048032D49D1F848034FF47A71FBF7FBF8C6
:10530000D5E096F8ED0000F00F0002285ED1E169CB
:10531000D6F8ED00B1EB101FF2D300BF05EBC510BE
:10532000214901EBC00090F8710005EBC5111E4A40
:1053300002EBC10181F87000042105EBC51002EBFE
:10534000C00080F8711000BF0020114681F87A007B
:10535000032005EBC51102EBC10181F861030521B2
:1053600005EBC51002EBC00080F826131146D1F8FA
:105370003403FBF7D3F803200B49A1F8EC030846EC
:10538000D0F8480330B90DA10F48FBF7D2F8064911
:10539000C1F848030449D1F848034FF47A71FBF788
:1053A000AAF884E0D1480020404E00200000C84206
:1053B0000000204178000020C002002044656C619C
:1053C000793033546D720000D55B010896F8ED001A
:1053D00000F00F0003286AD1216AD6F8ED00B1EB86
:1053E000101F64D300BF05EBC510F64901EBC000E8
:1053F00090F8710005EBC511F24A02EBC10181F88A
:105400007000042105EBC51002EBC00080F871109C
:1054100000BF0020114681F87A00032005EBC5117A
:1054200002EBC10181F86103052105EBC51002EB18
:10543000C00080F826131146D1F83403FBF76EF84C
:105440000320E049A1F8EC030846D0F8480338B936
:10545000AFF29801DC48FBF76CF8DA49C1F8480371
:10546000D849D1F848034FF47A71FBF744F81EE0AD
:10547000002020806080A080E08020816081E0604A
:105480007120805D042812D1D048F6F771FB012805
:105490000DD1A069401CA061A069401C01D1801EF3
:1054A000A0614FF47A70F6F755FBC84A03C2002595
:1054B000002005EB450101EBC501C54A02EBC10126
:1054C000887020886421484305EB4501C14A02EBFE
:1054D0000111086060886421484305EB450102EB37
:1054E00001114860A0886421484305EB450102EBA7
:1054F0000111886005EB450102EB01116069C8618B
:10550000E08800EB8000400005EB450102EB011153
:10551000C860208900EB8000400005EB450102EBEC
:1055200001110861608900EB8000400005EB450136
:1055300002EB0111486105EB450102EB0111E06945
:10554000086205EB450102EB0111A06AC86205EB98
:10555000450102EB0111E0688861BDE8FE8F10B5DE
:105560000020FFF771FD10BD10B50120FFF76CFDA5
:1055700010BD2DE9F04104460D4697480068407A79
:10558000A04202DC0020BDE8F0810DB90020FAE75E
:105590001CB9AFF65D16914F01E0914E914F012D70
:1055A00046D191A240F28D319648F7F7EAFE96A0D7
:1055B000F7F7E6FD2046FFF7D7F804EBC410814962
:1055C00001EBC000D0F8640350B994A13046FAF75B
:1055D000B0FF04EBC4117B4A02EBC101C1F86403C4
:1055E00004EBC411774A02EBC101D1F864038F497F
:1055F000FAF781FF04EBC410724901EBC000D0F848
:10560000300350B98AA13846FAF793FF04EBC4116E
:105610006C4A02EBC101C1F8300304EBC411694AC2
:1056200002EBC101D1F830036421FAF764FFC6E050
:10563000022D14D104EBC410624901EBC00090F8B4
:105640007A0008B900209EE77BA240F2A5316D48A0
:10565000F7F797FE00212046FFF79EF9AFE0032DF4
:105660007ED1002004EBC411564A02EBC10181F83F
:10567000610304EBC41102EBC10181F8F80304EBF0
:10568000C41102EBC10181F87A00114681F8F903D7
:10569000D1F83403FAF742FF6EA24FF46C71594807
:1056A000F7F76FFE04EBC410464901EBC000D0F8D9
:1056B000640340B104EBC411424A02EBC101D1F8CA
:1056C0006403FAF72BFF04EBC4103E4901EBC00062
:1056D000D0F8300340B104EBC4113A4A02EBC101E7
:1056E000D1F83003FAF71AFF01212046FFF754F9E9
:1056F0004FF0FF315D4840F8241004EBC411314AEB
:1057000002EBC10101F17C004FF42B7115F09DFA01
:10571000002004EB44012F4A02EB0111086004EB66
:10572000440102EB0111486004EB440102EB01115A
:10573000886004EB440102EB0111C86004EB4401F2
:1057400002EB0111086104EB440102EB0111486115
:1057500004EB440102EB011188614548006800E058
:1057600009E060B343F6982141480068FAF7C3FEA8
:10577000FEF769FE23E004EBC410124901EBC00000
:10578000D0F8640340B104EBC4110E4A02EBC1012E
:10579000D1F86403FAF7C2FE04EBC410094901EB27
:1057A000C000D0F8300340B104EBC411054A02EB4D
:1057B000C101D1F83003FAF7B1FE0020E3E6012081
:1057C000E1E67047404E0020D55B0108C002002092
:1057D000904D0020104D0020780000205F550108FA
:1057E0004F4C0108695501085B6C6F675D6C6F6712
:1057F0005F7265636F72642073746172742E2E2EF3
:105800000A00000074D5020831206368676C6F6776
:105810005F6372656174650A000000006C6F675217
:1058200065636F7264546D7200000000E0930400C1
:105830006D6F6E69746F72005B6C6F675D6C6F6724
:105840005F7265636F72642073746F702E2E2E0A00
:10585000000000005B6C6F675D6C6F675F72656373
:105860006F726420656E642E2E2E0A00548D002007
:10587000B802002010B5044624A1AFF2B900FAF72F
:1058800058FE264908604FF47A7004FB00F1234863
:105890000068FAF730FE10BD38B54FF0FF300090C9
:1058A000F2F7ECFC002407E0F8F7E1FCA0B20422D8
:1058B000694600F050F8241DB4F5004FF4D3F7F713
:1058C000A8F9F2F7DDFC38BD38B54FF0FF30009095
:1058D000062000F04BF8054611A240F2154117488A
:1058E000F7F74FFDF2F7CAFC002409E0F8F7BFFC18
:1058F000A988214488B20422694600F02CF8241DAE
:10590000A868A042F2D8F2F7BBFC38BD41414C6F09
:10591000674572617365546D72000000C802002013
:105920005B6C6F675D20486973746F72796661752F
:105930006C745F65726173650A00000080D50208AF
:1059400070B504460D46164672082B462146A02027
:10595000FDF78EFC70BD70B504460D461646720804
:105960002B462146A020FDF732FC70BD02460021E7
:105970000DE001EB8100084B13F82000904204D1A8
:1059800001EB810003EB80007047481CC1B20D2978
:10599000EFD30020F8E70000D0020020FC48007898
:1059A00008B900207047FA480078012800D1F9E7CB
:1059B0000220F7E708B5014601EBC110F54B03EBF8
:1059C000C002F5480068007B18B97120805C009027
:1059D00002E07720805C00909DF8000008BD08B5CB
:1059E000014601EBC110EB4B03EBC002EA48006833
:1059F000007B18B992F87000009002E07620805C7D
:105A000000909DF8000008BDE44800797047E34A23
:105A100010700022E14B5A701A469170704710B511
:105A2000DE48C078012806D1DDA27021E248F7F7F0
:105A3000A8FC012010BD0020FCE710B5DF4800786D
:105A4000012806D1DEA27A21E448F7F79AFC01206A
:105A500010BD0020FCE710B50020CE49A1F8EC03F2
:105A6000D1F84803FAF75AFD10BD2DE9F04186B090
:105A70000546C9480068407AA84202DC06B0BDE885
:105A8000F081FFF7CCFF00B1F8E7CC48007801289F
:105A900004D0C04890F87100062800D1EEE700F06D
:105AA000CBF805EBC510BB4901EBC0062846FFF754
:105AB00081FF05902846FFF792FF04907820805DD3
:105AC0009DF810109DF81420CDE90021029073205C
:105AD000835DC34A40F22F51C248F7F752FC4FF49E
:105AE0007E71C14815F08FF8BF48007865F3030058
:105AF000BD4908707320815DBB48007861F30510D3
:105B0000B94908700846007820F0C0000870782075
:105B1000805DC8707820805D052806D10846007831
:105B200020F0C000403008700AE07820805D062830
:105B300006D1AD48007820F0C0008030AA49087036
:105B40009DF81400A849487055208870A74830F87F
:105B500025008881A64800EB8501A34809684160BB
:105B6000F9F704F9044620789F49887361789E48C4
:105B7000C173A1780174E1784174217981746179EC
:105B8000C1749C49B1F9001001EB81014800C117B3
:105B900000EBD161C1F34711934A117505EBC511B3
:105BA0007C4A02EBC101D1F85403934916F03CFA48
:105BB0008046924916F0A6F8074616F0B5F98A49CC
:105BC0004875002028230A460321009013F0CBF9E2
:105BD00000BF53E710B56F48B0F8EC0388B16D48CB
:105BE000B0F8EC03401E6B49A1F8EC030846B0F88E
:105BF000EC0330B9002081F8EE03FFF736FFFFF722
:105C00002AFF10BD10B50446601C6249A1F8EC03E0
:105C10000846D0F8480338B979A1AFF24700FAF73F
:105C200088FC5C49C1F848035A49D1F848034FF44D
:105C30007A71FAF760FC10BD10B5FBF727FF044638
:105C400055480068007B00B910BD524890F8F30336
:105C5000012808D1062104EBC4104E4A02EBC00013
:105C600080F87710F0E169488078012804D049482D
:105C700090F8FB03012818D104EBC410454901EB4F
:105C8000C00090F87A0080B904EBC41001EBC000AA
:105C900090F87100052808D0082104EBC4103D4A93
:105CA00002EBC00080F87710CEE104EBC410394954
:105CB00001EBC00090F87100012808D1092104EB24
:105CC000C410344A02EBC00080F87710BCE104EB4A
:105CD000C410304901EBC00090F87100052814D1C0
:105CE000072104EBC4102B4A02EBC00080F87710A8
:105CF000104690F8E4030028B4D0022104EBC4104D
:105D000002EBC00080F877109EE104EBC41021493B
:105D100001EBC00090F87300B8BB04EBC41001EBBA
:105D2000C00090F87000032807D004EBC41001EB0A
:105D3000C00090F8700004281AD104EBC410154973
:105D400001EBC00090F8710001288BD0062104EB14
:105D5000C410104A02EBC00080F8771000BF022088
:105D6000114681F8700000BF0120FFF74BFF6BE187
:105D7000084890F8E40348B1022104EBC410054A36
:105D800002EBC00080F877105EE14AE040E00000DE
:105D9000E1030020404E0020780000203104002064
:105DA0005B636F6D6D5D20646174614D6F64652030
:105DB000666F726269640A00D8D5020896000020F6
:105DC0005B636F6D6D5D20737973576F726B4D6F91
:105DD0006465206174656D6F64650A00ECD5020826
:105DE00034D702085ED60208ACB10020840000203F
:105DF0007C000020840700200000C84200007042A0
:105E000044656C61793033546D720000C8480020DD
:105E1000012104EBC410FE4A02EBC00080F87710A9
:105E200012E104EBC410FA4901EBC00090F87300D2
:105E3000012824D104EBC41001EBC000B0F85803D2
:105E4000E8B904EBC41001EBC00090F8710002281F
:105E500015D1084690F8F50340B1062104EBC410B3
:105E6000EB4A02EBC00080F87710EDE0022104EB72
:105E7000C410E74A02EBC00080F87710E4E004EBBE
:105E8000C410E34901EBC00090F87300012841D130
:105E900004EBC41001EBC000B0F8580380BB04EB66
:105EA000C41001EBC00090F87100042832D104EB5B
:105EB000C41001EBC00090F87A0080B904EBC41064
:105EC00001EBC00090F87000022808D0062104EB16
:105ED000C410CF4A02EBC00080F87710B4E004EBA6
:105EE000C410CB4901EBC00090F87A0048B90221F8
:105EF00004EBC410C64A02EBC00080F87710A3E0A0
:105F000008E0042104EBC410C14A02EBC00080F891
:105F1000771099E004EBC410BD4901EBC00090F884
:105F20007300022810D104EBC41001EBC000B0F8DC
:105F30005803012808D1032104EBC410B44A02EB32
:105F4000C00080F877107FE004EBC410B04901EB8B
:105F5000C00090F8730002285DD104EBC41001EB7F
:105F6000C000B0F85803E8BBAA480078012808D15F
:105F7000032104EBC410A64A02EBC00080F877109E
:105F800062E004EBC410A24901EBC00090F87A0073
:105F9000C0B904EBC41001EBC00090F870000228F7
:105FA00010D004EBC41001EBC00090F8700006287C
:105FB00008D0062104EBC410954A02EBC00080F81B
:105FC000771041E004EBC410914901EBC00090F858
:105FD0007A00B8B9084690F8F50350B1062104EBF1
:105FE000C41000E017E08A4A02EBC00080F8771086
:105FF0002AE0022104EBC410854A02EBC00080F8BD
:10600000771021E0042104EBC410814A02EBC000A8
:1060100080F8771018E004EBC4107D4901EBC00054
:1060200090F8730001280FD104EBC41001EBC000FD
:10603000B0F85803012807D1052104EBC410744AB5
:1060400002EBC00080F8771004EBC410704901EB3C
:10605000C00090F87600082807D004EBC41001EBCC
:10606000C00090F87700082808D10E2104EBC41076
:10607000674A02EBC00080F87810D5E104EBC41049
:10608000634901EBC00090F87600092807D004EBC3
:10609000C41001EBC00090F87700092808D10D2149
:1060A00004EBC4105A4A02EBC00080F87810BBE140
:1060B00004EBC410564901EBC00090F877000728A4
:1060C00008D1132104EBC410514A02EBC00080F840
:1060D0007810A9E104EBC4104D4901EBC00090F821
:1060E0007600022820D104EBC41001EBC00090F828
:1060F0007700052818D104EBC41001EBC00090F81C
:106100008C0040B9032104EBC410414A02EBC000EB
:1061100080F8781088E1012104EBC4103C4A02EBBE
:10612000C00080F878107FE104EBC410384901EB1F
:10613000C00090F87600032810D104EBC41001EBE6
:10614000C00090F87700052808D1072104EBC4109F
:106150002F4A02EBC00080F8781065E104EBC41010
:106160002B4901EBC00090F87600052810D104EB14
:10617000C41001EBC00090F87700032808D1082173
:1061800004EBC410224A02EBC00080F878104BE107
:1061900004EBC4101E4901EBC00090F876000428FF
:1061A00018D104EBC41001EBC00090F8770003286D
:1061B00010D104EBC41001EBC00090F87800142853
:1061C00087D00B2104EBC410114A02EBC00080F809
:1061D000781029E104EBC4100D4901EBC00090F8E0
:1061E0007600032836D104EBC41001EBC00090F810
:1061F000770004282ED104EBC41001EBC00090F806
:106200007A00F0B904EBC41001EBC00004E0000018
:10621000404E00209700002090F88C0040B90421E7
:1062200004EBC410F74A02EBC00080F87810FBE0E2
:10623000022104EBC410F34A02EBC00080F878108E
:10624000F2E0142104EBC410EE4A02EBC00080F827
:106250007810E9E004EBC410EA4901EBC00090F8C3
:106260007600052820D104EBC41001EBC00090F8A3
:106270007700062818D104EBC41001EBC00090F899
:106280008C0040B9102104EBC410DE4A02EBC000C0
:1062900080F87810C8E00F2104EBC410D94A02EB53
:1062A000C00080F87810BFE004EBC410D54901EBC2
:1062B000C00090F87600042810D104EBC41001EB64
:1062C000C00090F87700062808D1072104EBC4101D
:1062D000CC4A02EBC00080F87810A5E004EBC410B3
:1062E000C84901EBC00090F87600032830D104EBD8
:1062F000C41001EBC00090F87700062828D104EB09
:10630000C41001EBC00090F87A00C0B904EBC410CF
:1063100001EBC00090F88C0040B9042104EBC410DC
:10632000B84A02EBC00080F878107DE0022104EB4F
:10633000C410B44A02EBC00080F8781074E0142155
:1063400004EBC410AF4A02EBC00080F878106BE099
:1063500004EBC410AB4901EBC00090F876000928AB
:1063600020D104EBC41001EBC00090F877000628A0
:1063700018D104EBC41001EBC00090F88C0040B9B8
:10638000122104EBC4109F4A02EBC00080F8781081
:106390004AE0112104EBC4109A4A02EBC00080F8D5
:1063A000781041E004EBC410964901EBC00090F86E
:1063B0007300C0B104EBC41001EBC00090F877008B
:1063C000022807D004EBC41001EBC00090F877005E
:1063D000042808D1052104EBC4108A4A02EBC0004E
:1063E00080F8781020E004EBC410864901EBC0006F
:1063F00090F8720080B104EBC41001EBC00090F87B
:106400007700012808D1062104EBC4107D4A02EB75
:10641000C00080F8781007E0062104EBC410794A28
:1064200002EBC00080F8781000BF0DE42DE9FC47B6
:1064300005460E4674480068407AA84208DC2B46A0
:1064400072A240F214717848F6F79BFFBDE8FC8712
:1064500005EBC5106B4901EBC004FFF7E0FA00B192
:10646000F4E7FFF7EAFA00B1F0E76B216F4814F0A8
:10647000CAFB3C21D4F81401B0FBF1F73B466CA2F7
:1064800040F21E716848F6F77CFFFFF7D5FB2846FF
:10649000FFF790FA0190202204F1CD01634814F037
:1064A00033FB202204F18D016048203014F02CFBD6
:1064B0005E4890F8400065F301005C4981F84000B7
:1064C000084690F8400066F3C30081F840008C2035
:1064D000015D564890F8400061F30710534981F878
:1064E000400094F8ED0091F8411060F303014F482B
:1064F00080F84110D4F8ED0001094C48D0F8410073
:1065000061F31F104949C1F841009DF8040081F86A
:10651000450001F14600E16F0160B4F88010818010
:1065200005EBC510374901EBC00090F87A0040B97F
:106530003E49206BC864206B0865A08EA1F85C0002
:1065400046E0882000593949C864D4F82C01086510
:10655000D4F824014865D4F8100188653C480088C7
:1065600015F01AFD81463B4915F05EFD80464FF05F
:10657000844115F0C7FB074615F0D6FC2B49A1F85E
:106580005C00B4F80601A1F85E00B4F80801A1F8B7
:106590006000B4F80A010A2190FBF1F02349A1F848
:1065A0006200B4F80C010A2190FBF1F01F49A1F838
:1065B0006400B4F80E010A2190FBF1F01B49A1F828
:1065C0006600002081F86800B4F81801A1F869009D
:1065D00000206B23154A0821009012F0C4FC88208B
:1065E00003591DA240F241710F48F6F7CAFE1FA2DF
:1065F00040F242710C48D4F82C31F6F7C2FE00BFCD
:1066000024E70000404E002078000020636D6430D5
:106610003867756E5F6964206973206572726F7286
:106620003A25642100000000B3D60208ACB1002076
:106630005B636F6D6D5D20636D643038202063682F
:1066400061726765543D25646D696E0A0000000043
:106650004406002000002041636D643038207374CC
:106660006172746D657465723A256400636D64309F
:1066700038206E6F77746D657465723A25640A0010
:106680002DE9FC470446F8480068407AA04208DC3F
:106690002346F6A240F29571FB48F6F772FEBDE87C
:1066A000FC8704EBC410F94901EBC005FFF7B7F90B
:1066B00000B1F4E7FFF7C1F900B1F0E7F448047066
:1066C000F449B1F90010642201FB02F0C11700EB9C
:1066D000D161C1F34F11EE4AA2F8011004EBC410CE
:1066E000EA4901EBC000B0F84C001146A1F80300E4
:1066F000E648B0F8D403A1F80500E749098801EBA2
:1067000081014800C11700EBD1614911A2F80710BF
:1067100004EBC411DD4A02EBC101D1F85403DF4997
:1067200015F082FC0746DE4915F0ECFA064615F036
:10673000FBFBD749A1F80900DA49B1F9001064223E
:1067400001FB02F0C11700EBD161C1F34F11D04A38
:10675000A2F80B10202205F1CD01CD480D3014F028
:10676000D3F9CC49B1F90010642201FB02F0C11742
:1067700000EBD161C1F34F11C54AA2F82D10CA48F0
:10678000008D1146A1F82F00C049D1F8900315F0F3
:10679000CBFBBF49A1F83100C449B1F90000002882
:1067A00001DB014600E0414201EB81014FF6FF723F
:1067B00002EA4101B64AA2F83310BD49B1F900100E
:1067C00001EB81014800C11700EB5171C1F3CF010A
:1067D000A2F83510AD4890F85E03114681F83700F5
:1067E000AD490988642201FB02F0C11700EBD161B9
:1067F0004911A74A9163002078230E21009012F0DE
:10680000B2FB04EBC411A14A02EBC101D1F854035D
:10681000A24915F009FC8146A14915F073FA064614
:1068200015F0D6F9A3A2CDE900014FF4F96196481D
:10683000F6F7A7FD00BF32E710B5944890F87A004C
:1068400030B90020FFF711F90020FFF719FF06E02B
:106850000020FFF70AF900210846FFF7E7FD10BD09
:1068600010B58A4890F8820430B90120FFF7FDF88E
:106870000120FFF705FF06E00120FFF7F6F80021F1
:106880000120FFF7D3FD10BD70B505460C462CB9AD
:106890007E49D1F83403F9F741FE70BD032C00DACC
:1068A0003C245DB9FFF7C8FF4FF47A7204FB02F194
:1068B000764AD2F83403F9F71EFE0AE0FFF7D0FF5C
:1068C0004FF47A7204FB02F1704AD2F83C07F9F7F0
:1068D00012FE00BFE1E710B5044614B9FFF7ACFFA4
:1068E00001E0FFF7BDFF10BD10B504465E4800682B
:1068F000407AA04200DC10BD14B9FFF79DFF01E013
:10690000FFF7AEFF00BFF6E72DE9F04107460E4660
:1069100007EBC7105D4901EBC00400218C20015535
:106920002022314604F18D0014F0EEF8202206F109
:10693000200104F1CD0014F0E7F816F8410F94F8A7
:10694000ED1060F3030184F8ED103068010AD4F80B
:10695000ED0061F31F10C4F8ED007168A6F1410667
:10696000C4F8FC104FF08800216B0151216BC4F872
:106970002C114FF000014FF084000151F8F7F6F9A7
:106980000546287884F87C0069787D200155A9782F
:106990007E200155E9787F20015529798020015515
:1069A000697981200155BDE8F0812DE9F84304465D
:1069B0000E4691461F46354890F87100062801D1D1
:1069C000BDE8F8834248407900B9F9E74048103003
:1069D000F5F7CEF8012800D0F2E7FFF720F800B174
:1069E000EEE73C480078012800D1E9E71E4800683E
:1069F000407AA04207DC234637A240F24F213D48AF
:106A0000F6F7BFFCDCE704EBC410204901EBC0083B
:106A100004EBC41001EBC00090F8790000287DD190
:106A200001202B4988710020C87108720CE04FF6D4
:106A3000FF70F4F76FFF07F0A7FD2548C07918B184
:106A400000202349C87100E0F1E700BF04EBC41047
:106A50000E4901EBC00090F85E03012859D126A031
:106A6000F6F78EFB77255DE078000020636D6430DB
:106A70004567756E5F6964206973206572726F7215
:106A80003A25642100000000CDD60208404E0020C7
:106A9000ACB10020AC070020B404002000007A4410
:106AA0000000704284070020684C00200C07002082
:106AB00068050020636D6430455F447574794461F6
:106AC00074612070776D4D61783A25640000000094
:106AD000704D002096000020636D64303667756E3F
:106AE0005F6964206973206572726F723A25642150
:106AF00000000000FAD50208636D643036206F6E26
:106B00006C696E654C6F636B67756E5F6F6B0A00C7
:106B100004E0EEA0F6F734FB132503E0F2A0F6F74D
:106B20002FFB132504EBC410F84901EBC0084FF408
:106B30007E71F74814F067F8202206F12001F4482E
:106B4000203013F0E1FF20223146F14813F0DCFF42
:106B5000EF4890F8400064F30300ED4981F84000ED
:106B600096F840000109EA4890F8400061F30710E8
:106B7000E74981F84000772D01D1002000E0284648
:106B8000E34981F84100F8B242230A460621009009
:106B9000002012F0E8F9712010F808002B46DDA261
:106BA00040F27F210090E348F6F7EBFB00BF07E7D8
:106BB0002DE9F84304460E4691461F46D34890F807
:106BC0007100062801D1BDE8F883DB48407900B99F
:106BD000F9E7D9481030F4F7CBFF012800D0F2E7ED
:106BE000FEF71DFF00B1EEE7D4480078012800D180
:106BF000E9E7D3480068407AA04208DC2346AFF2B8
:106C000028124FF42571CF48F6F7BBFBDBE704EB06
:106C1000C410BE4901EBC008084690F87A0001286C
:106C20006CD100BF04EBC41001EBC00090F8710000
:106C300004EBC411B54A02EBC10181F870000421D4
:106C400004EBC41002EBC00080F8711000BF0020FC
:106C500004F045FAB0B100BF04EBC410AB4901EB3E
:106C6000C00090F8710004EBC411A84A02EBC10106
:106C700081F87000012104EBC41002EBC00080F821
:106C8000711000BF40F6B830F4F764FFAE4A03C29B
:106C90000E2104EBC4109D4A02EBC00080F82613BD
:106CA00000221146204607F09EFB002201212046CB
:106CB00007F099FB12E04FF6FF70F4F72BFE04EBA0
:106CC000C410924901EBC00090F87300012800D174
:106CD00005E09D48F4F74CFF00B100E0EBE700BF92
:106CE00001208A4981F8F203022004EBC411874A8B
:106CF00002EBC10181F86103FBF757FB04EBC41001
:106D0000824901EBC00090F85E0308B9762500E0E7
:106D1000782504EBC4107D4901EBC0084FF47E7167
:106D20007B4813F070FF202206F1200178482030C4
:106D300013F0EAFE20223146754813F0E5FE744850
:106D400090F8400064F30300714981F8400096F820
:106D5000400001096E4890F8400061F307106C494B
:106D600081F84000762D01D1002000E028466849D6
:106D700081F84100F8B242230A4606210090002023
:106D800012F0F1F8712010F808002B466FA24FF4B2
:106D9000347100906B48F6F7F4FA00BF13E710B5B2
:106DA00000205A49A1F8E203D1F84403F9F7B6FBF1
:106DB00010BD10B55548B0F8E20390B15348B0F893
:106DC000E203401E5149A1F8E2030846B0F8E2038D
:106DD00038B9002081F8E403FFF7E1FF0020FEF757
:106DE00044FE10BDF8B504460D46174604EBC4102A
:106DF000464901EBC006FEF712FE00B1F8BD4F4850
:106E00000078012800D1F9E7022C07DB23465BA2BA
:106E100040F26F516048F6F7B4FAEFE74FF47E7135
:106E20003B4813F0F0FE20222946394813F06CFE4F
:106E3000374890F8200064F30300354981F82000BA
:106E4000084690F8200020F03000103081F8200033
:106E5000524841792E4890F8200061F387102C4960
:106E600081F820004D48806AC1F8210001F1250019
:106E70004A490A6B0260898E8180253890F82B0080
:106E800020F00F00224981F82B00084690F82B00D3
:106E900000F00F00C1F82B0000202F230A46052127
:106EA000009012F060F800BFA8E72DE9F84305460E
:106EB0000E469046154890F87100062801D1BDE8AD
:106EC000F8831D48407900B9F9E769E0636D6430E3
:106ED00036206F6E6C696E654C6F636B67756E5FA5
:106EE0006661696C5F320A00636D643036206F6ED4
:106EF0006C696E654C6F636B67756E5F6661696C1C
:106F00005F6C696E6D6F64650A000000404E002082
:106F1000ACB100205B636F6D6D5D20636D643036D6
:106F200020636C6F73656C6F636B2D2D25782C203F
:106F300025640A00FAD50208704D00209600002052
:106F4000780000200BD60208180400205B636F6DE8
:106F50006D5D20636D643036206F70656E6C6F639D
:106F60006B2D2D726573756C743D25782C206775BB
:106F70006E4E6F775374733D25640A00636D643001
:106F80003567756E5F6964206973206572726F7210
:106F90003A2564210000000074D6020850560020F3
:106FA000FE48F4F7E5FD012800D088E7FEF737FD3D
:106FB00000B184E7FA480078012800D17FE7F9485A
:106FC0000068407AA84207DC2B46F7A240F24961EC
:106FD000FC48F6F7D6F972E705EBC510FA4901EB64
:106FE000C004002E2DD1084690F8790020BB012066
:106FF000EA49103988710020C87108720EE04FF616
:10700000FF70F4F787FC07F0BFFAE4481038C07946
:1070100020B10020E1491039C87100E0EFE700BF5E
:1070200005EBC510E84901EBC00090F85E030128AC
:1070300003D1E6A0F6F7A4F803E0E9A0F6F7A0F87C
:107040003DE73EB9F7F792FE07463868E067B88833
:10705000A4F880004FF47E71E74813F0D4FD20229D
:1070600004F18D01E448203013F04EFD202204F19C
:10707000CD01E14813F048FDDF4890F8400065F38A
:107080000300DD4981F84000084690F8400066F3AF
:10709000051081F84000084690F8400068F387101A
:1070A00081F8400001F14100E16F0160B4F8801007
:1070B000818088200059D049C1F8470000204B2327
:1070C0000A460721009011F04EFF88200359CBA2F9
:1070D00040F27761BB48F6F754F900BFEFE6F8B528
:1070E0000446B94890F87100062800D1F8BDFEF7B3
:1070F00096FC00B1FAE7AA480078012800D1F5E72C
:10710000A8480068C07A48B1C24991F84A0014F012
:1071100043FF0646042105F09BFDE7E7A148006810
:10712000407AA04207DC2346BBA240F64721C14873
:10713000F6F727F9DAE7F7F719FE05464FF47E71FF
:10714000AD4813F060FDAC480470401C2968016034
:10715000A9888180B848A849C1F8070000201F23EA
:107160000A460F21009011F0FEFE00BFBEE72DE998
:10717000FC4706460F4691469846FEF750FC08B17C
:10718000BDE8FC874021AD4813F03DFD06EBC6107D
:107190008D4901EBC005AA48807801280DD17120E6
:1071A000405D052809D1A7A240F21331AB48F6F79C
:1071B000E8F8FBF746FC1324E3E17120405D082862
:1071C00071D2DFE800F0040C1471798BE6E5A4A21B
:1071D0004FF44771A148F6F7D4F85824CFE156246C
:1071E000A3A240F223319D48F6F7CBF8C7E106EBA6
:1071F000C610754901EBC00090F82700012809D19D
:10720000FBF71FFC9EA24FF44B719448F6F7B9F8B8
:10721000132447E07320405D48BBA0A24FF44C719B
:107220008E48F6F7AEF80324FBF7F2F88448B0F87E
:10723000E4006549A1F8E203012085F8E40339463A
:107240003046FFF761FB6048D0F8440338B999A194
:10725000AFF2A140F9F76DF95B49C1F844035A490F
:10726000D1F844034FF47A71F9F745F91AE0732025
:10727000405D012803D07320405D02280BD190A20D
:1072800040F23F317548F6F77CF803243946304622
:10729000FFF73AFB06E091A240F245316F48F6F75E
:1072A00070F813246BE161E192A240F24D316B481A
:1072B000F6F767F85A2462E193A240F25331674827
:1072C000F6F75FF8404890F87A0028B90324394669
:1072D0003046FFF719FB00E0572450E17320405D72
:1072E00078BB6EA240F263315C48F6F74AF8FBF7D0
:1072F0008FF8394605F1AD0013F0FAFC10B33248AF
:1073000090F8FF0301281AD103244D48B0F8E40097
:107310002D49A1F8E2030846D0F8440338B965A125
:10732000AFF27150F9F705F92749C1F8440326492E
:10733000D1F844034FF47A71F9F7DDF80DE1132425
:107340000BE104E0012085F8E403032405E1732048
:10735000405D012803D07320405D02281BD158A254
:107360004FF460713D48F6F70CF8394605F1AD0071
:1073700013F0BEFC70B1144890F8FF0301280BD144
:1073800003242F48B0F8E4000F49A1F8E203C3E05A
:10739000EDE0E3E0D7E0D8E0D3E00000804D00204E
:1073A0009600002078000020636D64303767756EAA
:1073B0005F6964206973206572726F723A25642177
:1073C0000000000099D60208404E00206F6E6C69E4
:1073D0006E654C6F636B67756E5F6F6B0A000000C4
:1073E0006F6E6C696E654C6F636B67756E5F66611F
:1073F000696C5F320A000000ACB10020636D64303C
:10740000372073746172746D657465723A25640A0D
:107410000000000070480020636D64304667756EA0
:107420005F6964206973206572726F723A25642106
:1074300000000000F6D602088051010044920020AE
:10744000C84800206368617267652D3E65436867C0
:1074500044697361626C65640A0000001BD602080F
:107460006368617267652D3E696E69740A00000089
:107470006368617267652D3E6661756C740A000011
:107480006368617267652D3E7374616E6462792D05
:107490002D3E466F726269640A0000006368617283
:1074A00067652D3E7374616E6462792D2D3E3132B5
:1074B000560A00005363616E74546D720000000040
:1074C0006368617267652D3E7374616E6462792DC5
:1074D0002D3E39562F36560A00000000636861724F
:1074E00067652D3E7374616E6462792D2D3E666111
:1074F000696C0A006368617267652D3E72756E6E15
:10750000696E670A000000006368617267652D3E5E
:1075100073746F700A0000000846D0F8440340B945
:10752000AFF27001AFF27570F9F703F8F849C1F8DE
:107530004403F749D1F844034FF47A71F8F7DBFFBD
:107540000BE0132409E0032407E0AFF2700240F2DD
:107550009931F048F5F715FF132410E0EEA240F240
:10756000A531EC48F5F70DFF592408E000BFEFA264
:107570004FF46B71E748F5F704FF132400BF00BF19
:1075800000BF4FF47E71ED4813F03DFB202207F160
:107590002001EA48203013F0B7FA20223946E748A4
:1075A00013F0B2FAE54890F8400066F30300E349AF
:1075B00081F8400097F840000109E04890F8400049
:1075C00061F30710DD4981F84000032C01D1002050
:1075D00000E02046D94981F8410008F0FF0042232D
:1075E0000A4606210090002011F0BDFC032C59D161
:1075F0000020C74981F8F903FFF771FD7320405D52
:10760000A0B30120C24981F8F703084690F8F403BB
:1076100028B9394605F1AD0013F06AFB70B1BC48DA
:1076200090F8FF03012812D139463046FFF76CF974
:10763000002239461046FFF7D5FB08E039463046B0
:10764000FFF762F9002211461046FFF72EFCB04802
:1076500090F87100052825D039463046FFF754F9D7
:10766000002211461046FFF720FC1BE0FFE7A84868
:1076700090F8F40328B9394605F1AD0013F038FB52
:1076800048B1A34890F8FF03012804D100223946ED
:107690001046FFF7A7FB39463046FFF735F90020C3
:1076A000FEF7E3F97120405D2346A5A24FF47971FE
:1076B000CDE900089748F5F764FE00BF60E52DE9C5
:1076C000F84306460F4691469846FEF7A8F908B1DA
:1076D000BDE8F88300208E4981F8E403084690F85D
:1076E000D80300B1F4E706EBC610894901EBC005E9
:1076F0007120405D032801D1042418E07120405D11
:10770000012801D1042412E07120405D022801D13A
:1077100070240CE07120405D042801D1042406E0AF
:107720007120405D052801D16F2400E014244FF43E
:107730007E71824813F067FA202207F120017F480A
:10774000203013F0E1F9202239467C4813F0DCF9AF
:107750007A4890F8400066F30300784981F84000C9
:1077600097F840000109754890F8400061F3071050
:10777000724981F84000042C01D1002000E020462D
:107780006E4981F8410008F0FF0042230A460621B5
:107790000090002011F0E7FB7120405D234676A2A7
:1077A00040F21A4100907B48F5F7EBFD042C0BD119
:1077B000012106EBC610564A02EBC00080F82613E2
:1077C00000223046FFF771FB00BF81E72DE9F84347
:1077D00006460F4691469846FEF721F908B1BDE8E6
:1077E000F88340216C4813F00EFA06EBC6104849A6
:1077F00001EBC0056948807801280AD1AFF2BC329C
:1078000040F231416648F5F7BCFDFBF71AF9152443
:107810001AE197F849003E4981F8FF03D7F8410083
:1078200001093B48C0F8F4107120405D38B95DA2F1
:1078300040F23A415A48F5F7A4FD392403E171209A
:10784000405D012807D15BA240F23E415448F5F764
:1078500098FD3724F7E07120405D022829D173207C
:10786000405D20BB57A240F24F414D48F5F789FDDE
:1078700000BF06EBC610264901EBC00090F871006E
:1078800006EBC611224A02EBC10181F87000052106
:1078900006EBC61002EBC00080F8711000BF052493
:1078A000FAF745FE39463046FFF72EF8CBE00524BF
:1078B000C9E07120405D032807D147A240F25A4138
:1078C0003748F5F75EFD3B24BDE07120405D04289C
:1078D00010D14AA240F25E413148F5F752FD06EB65
:1078E000C6100B4901EBC00090F87A00012800D1C6
:1078F0003824A8E07120405D052807D143A240F25A
:1079000064412748F5F73DFD3C249CE088E00000F9
:10791000404E00201BD602086368617267652D3EE9
:1079200073656C66746573740A0000006368617245
:1079300067652D3E6661696C0A000000ACB10020ED
:107940005B636F6D6D5D2073746172745F636861FA
:107950007267652D2D726573756C743A25782C20CD
:1079600067756E4E6F775374733A25642C20736578
:10797000716E6F3A25780A005B636F6D6D5D2073E1
:10798000746F705F6368617267652D2D25782C2098
:1079900025640A002ED6020844920020C848002020
:1079A00040D602086170706F696E742D3E696E6911
:1079B000740A00006170706F696E742D3E666175A7
:1079C0006C740A006170706F696E742D3E7374611F
:1079D0006E6462790A0000005B636F6D6D5D636DBC
:1079E0006432305F6170706F696E742D3E737461C4
:1079F00074655F72756E6E696E670A006170706F94
:107A0000696E742D3E73746F700A00006170706F40
:107A1000696E742D3E6170706F696E740A000000AB
:107A20007120405D062807D1FAA24FF48D61FE480F
:107A3000F5F7A7FC3A2406E0FCA240F26C41FA48B4
:107A4000F5F79FFC152400BF4FF47E71FB4813F03F
:107A5000DAF8202207F12001F848203013F054F81A
:107A600020223946F54813F04FF8F44890F84000CA
:107A700066F30300F14981F8400097F840000109DE
:107A8000EE4890F8400061F30710EC4981F840009F
:107A9000052C01D1002000E02046E84981F8410092
:107AA00008F0FF0042230A4606210090002011F052
:107AB0005AFA052C10D12022394605F1AD0013F0F9
:107AC00023F8012006EBC611DD4A02EBC10181F863
:107AD000FD030020FDF7C9FF00BF80E62DE9F84354
:107AE00006460F4691469846FDF799FF08B1BDE856
:107AF000F8834021D34813F086F806EBC610D0492E
:107B000001EBC0057120405D38B9CFA240F295412C
:107B1000D248F5F736FC482467E07120405D012823
:107B200007D1CFA240F29941CC48F5F72AFC462470
:107B30005BE07120405D022807D1CEA240F29D415A
:107B4000C648F5F71EFC4C244FE07120405D032829
:107B500007D1CDA240F2A141C048F5F712FC4A245A
:107B600043E07120405D042807D1CCA240F2A5413A
:107B7000BA48F5F706FC472437E07120405D052838
:107B800020D1CBA240F2A941B448F5F7FAFBFAF7AD
:107B900056FC00BF06EBC610A94901EBC00090F8E7
:107BA000710006EBC611A64A02EBC10181F8700014
:107BB000022106EBC61002EBC00080F8711000BF76
:107BC000062412E07120405D062807D1BDA240F2D4
:107BD000B141A248F5F7D5FB492406E0BFA240F227
:107BE000B5419E48F5F7CDFB16244FF47E719348BE
:107BF00013F009F8202207F120019048203012F0FC
:107C000083FF202239468D4812F07EFF8B4890F882
:107C1000400066F30300894981F8400097F840006E
:107C20000109864890F8400061F30710834981F804
:107C30004000062C01D1002000E020467F4981F859
:107C4000410008F0FF0042230A4606210090002070
:107C500011F089F9062C09D1002006EBC611784AEB
:107C600002EBC10181F8FD03FDF7FFFE00BF3EE717
:107C70002DE9FC4106460F461546FDF7DDFFFDF7F1
:107C8000CEFE08B1BDE8FC81FDF7D7FE00B1F9E7F3
:107C90004FF47E71694812F0B6FF1022944967488C
:107CA00012F032FF92480A388088F22804D09048B7
:107CB0000A388088F52804D1FF20604981F8200027
:107CC00005E08B480A3800795C4981F82000894832
:107CD0000068417A594890F8210061F30300574940
:107CE00081F8210083480068007A012801D0012032
:107CF00000E00020514991F8211060F305114F4830
:107D000080F821107C48C1784C4890F8210061F33C
:107D100086104A4981F8210077480179474890F850
:107D2000210061F3C710454981F82100724881782C
:107D3000424890F8220061F30000404981F8220097
:107D40006B480A38007A91F8221060F383013B48AF
:107D500080F82210102266492031233012F0D4FE20
:107D600066A13648533012F041FE6348B0F8CA00AD
:107D70003249A1F871006048B0F8CC00A1F8730056
:107D80005B480A38B0F85200C1F8750058480A3804
:107D900090F84A0000EB80004000C1F879005520BF
:107DA00081F87D005448B0F8EA00E62148432349B1
:107DB000C1F87E005048B0F8EA0000EB80004000B7
:107DC000C1F88200084690F8860020F0010081F892
:107DD0008600002081F887000520A1F88800002097
:107DE00081F88A00002497E02046FDF7E3FD01902A
:107DF0009DF8041011486B30015500BF04EBC4100E
:107E00000F4901EBC00090F8730000F0030061001F
:107E1000884077E06170706F696E742D3E73656C99
:107E200066746573740A000040D602086170706F52
:107E3000696E742D3E6661696C0A0000ACB1002069
:107E4000404E002044920020756E6170706F696E24
:107E5000742D3E696E69740A000000004ED6020857
:107E6000756E6170706F696E742D3E6661756C74AD
:107E70000A000000756E6170706F696E742D3E733C
:107E800074616E6462790A00756E6170706F696EFC
:107E9000742D3E72756E6E696E670A00756E617044
:107EA000706F696E742D3E73746F700A000000006D
:107EB000756E6170706F696E742D3E6170706F6960
:107EC0006E740A00756E6170706F696E742D3E730A
:107ED000656C66746573740A00000000756E6170ED
:107EE000706F696E742D3E6661696C0A0000000057
:107EF0007A48002078000020C8480020312E362E15
:107F000036363300F74991F86F100843F54981F888
:107F10006F0000BF601CC4B2F3480068407AA04202
:107F20003FF762AFE8B28B23EE4A022100900020B7
:107F300011F019F800BFA5E67CB505460E46FDF721
:107F40007BFEEAA240F25551EC48F5F71AFAFDF72C
:107F500066FD00B17CBDFDF770FD00B1FAE74FF49E
:107F60007E71E04812F04FFE00241BE02046FDF732
:107F700021FD01909DF80400DA49085500BF04EB8B
:107F8000C410DF4901EBC00090F8730000F003005B
:107F900061008840D34909790843D249087100BF7C
:107FA000601CC4B2D0480068407AA042DEDC0020E9
:107FB0000623CC4A0421009010F0D5FF00BFC9E78A
:107FC0002DE9F84F82468B461546DDF828900024AF
:107FD0000027A04695F8200000F00F04C248006872
:107FE000407AA04208DC2346C6A240F29151CC4818
:107FF000F5F7C7F9BDE8F88F04EBC410C04901EBF1
:10800000C00695F82000C0F3011795F820004FEA4C
:108010009018D5F82110C6F8FC103B46C1A240F2DA
:108020009951BF48CDF80080F5F7ABF906F1CD03C3
:10803000C5A240F29A51BA48F5F7A3F9002F7DD1B5
:108040000021AF4880F800140020AD4981F8F90301
:10805000FFF745F804EBC410A94901EBC00090F804
:108060007100022835D1084690F8730008BB022041
:1080700081F8E403FAF7E3F9B848B0F8E400A0495E
:10808000A1F8E2030846D0F8440338B9AFF6DC3172
:10809000B348F8F74EFA9A49C1F844039849D1F821
:1080A00044034FF47A71F8F726FA0020FDF7DDFC5F
:1080B000F9E0934890F8F70328B1002211461046E2
:1080C000FEF7F3FEEFE0012200210846FEF7EDFE89
:1080D000E9E004EBC4108A4901EBC00090F871009C
:1080E00004287DD104EBC41001EBC00090F871307E
:1080F0009CA240F2B6518A48F5F743F9804890F8BF
:1081000077309CA240F2B7518548F5F73AF97C48A0
:1081100090F87700062804D0794890F87700022874
:108120004DD18E4890F8E700F0BB754890F85E039B
:1081300001283ED100221146104600E0A2E006F0E0
:1081400052F900220121104606F04DF94FF4FA6071
:10815000F3F700FD8C4A03C213E04FF6FF70F3F70C
:10816000D9FB8A48C07800EBC010654901EBC0001C
:1081700090F85E0300B905E08348F3F7F9FC00B11D
:1081800000E0EAE700BF8148C07800EBC0105C491E
:1081900001EBC00090F85E0301280AD1084690F870
:1081A000790008B9794800E003E0C1781D2003F0A8
:1081B000BEFD012200212046FEF777FE73E0504805
:1081C00090F87700052804D04D4890F877000428EF
:1081D00069D103214A4880F826130120484900E06C
:1081E00009E081F8F20320226849BF3106F18D00D1
:1081F00012F08AFC57E004EBC410414901EBC000C7
:1082000090F87100052828D1084690F87300F0B95D
:10821000032081F8E4035148B0F8E400A1F8E20338
:108220000846D0F8440338B9AFF678514C48F8F70F
:1082300080F93349C1F844033149D1F844034FF47C
:108240007A71F8F758F90020FDF70FFC2BE00122B6
:1082500000212046FEF729FE25E001221146204696
:10826000FEF723FE062104EBC410254A02EBC000F2
:1082700080F8261320224549BF3106F18D0012F007
:1082800043FC10E0012F06D1FAF758FB00211C48EF
:1082900080F8001407E0022F05D1FAF776FB0021E1
:1082A000174880F8001400BFA4E62DE9F84F824675
:1082B0008B4614461F46DDF8288094F8400000F0F5
:1082C0000F0609480068407AB04271DC334630A29C
:1082D00040F214613548F5F754F84FF0FF30BDE82F
:1082E000F88F65E0ACB10020780000205B636F6D13
:1082F0006D5D636D6430340A0000000069D60208C9
:10830000404E0020636D64413567756E5F6964207F
:108310006973206572726F723A2564210000000053
:108320007FD60208636D64413520636F756E747388
:1083300074613D25642C6C65616B6D6F6E6579733E
:1083400074613D25640A0000636D644135206F72DD
:108350006465725F69643D25730A0000C8480020A7
:10836000B36D010867756E4E6F775374733D256466
:108370000A000000636861726765724E6F7753741C
:10838000733D25640A0000002004002050560020A0
:10839000636D64413667756E5F696420697320653B
:1083A00072726F723A256421000000008ED60208B6
:1083B00094F8410000F00F00072814D1D4F84100D0
:1083C0000621B1EB101F0DDCD4F841002021B1EBE8
:1083D000101F07DBFC4890F84A00D4F84110B0EBBE
:1083E000111F00DA27E0F9480068407AB04200DC4B
:1083F00021E000251CE0F64810F8350094F8401004
:10840000B0EB111F12D1F24800EBC500406850B12B
:10841000B81E82B2EE4800EBC50043462146D0F8B4
:1084200004C03046E0470020BDE8F88F681CC5B2A4
:10843000062DE0D300BF4FF00A094FF47E71E548E6
:1084400012F0E1FB202204F12001E248203012F07A
:108450005BFB20222146DF4812F056FB701CDD49F1
:1084600091F8401060F30301DA4880F8401094F866
:1084700040000109D74890F8400061F30710D54942
:1084800081F84000084680F84190422302460621C8
:108490000020CDF8008010F066FD0120C4E7014601
:1084A000C9480089022814D1CB480078012808D196
:1084B0000020C54A10811046007AC44A1268D07262
:1084C00007E00020C44A1070BF48007ABF4A126813
:1084D000D072BD480089022803D1BB4A1081012017
:1084E0007047B9488088212804D0B8480068C07A0D
:1084F000022802D100BF0120F2E70020F0E72DE9B9
:10850000FF5F82468B461646DDF8389000200290C9
:108510000390AE480068C07A20B1AC480068807F04
:10852000012808D10020FFF7BAFF30B1A748006842
:10853000807F012801D0BDE8FF9F96F8200000F061
:108540000F04A2480068407AA04207DC2346A3A299
:1085500040F28661A848F4F714FFECE704EBC4107E
:10856000A64901EBC00596F82000070996F821807E
:108570002346A3A240F28D619F48CDE90087F4F71E
:1085800000FFB8F1000F7DD1002F7CD100209B4966
:1085900081F8FD032022314605F1CD0012F0B4FA36
:1085A00005F1CD03A1A240F295619348F4F7E9FEED
:1085B00004EBC410914901EBC00090F8730000284F
:1085C00060D0204602F08BFD0028DCD18B4981F879
:1085D000D80395F8ED0000F00F0007280AD1D5F870
:1085E000ED10080913F0D8FC04EBC411834A02EB28
:1085F000C101486004EBC410804901EBC00090F851
:108600007300022820D104EBC4117C4A02EBC101A3
:108610004868002113F038FC16D000BF04EBC410EA
:10862000764901EBC00090F8710004EBC411734A65
:1086300002EBC10181F87000032104EBC41002EBCE
:10864000C00080F8711016E000BF04EBC4106B4945
:1086500001EBC00090F8710004EBC411674A02EB13
:10866000C10181F87000042104EBC41002EBC000CA
:1086700080F8711000BF012004EBC4115F4A02EBC7
:10868000C10101E089E10AE081F87A0004EBC4113C
:1086900002EBC10181F861036B4948707DE1012F54
:1086A00073D100BF04EBC410544901EBC00090F833
:1086B000710004EBC411514A02EBC10181F8700052
:1086C000042104EBC41002EBC00080F8711000BF5D
:1086D0000020114681F87A0002F001FDB0B100BF20
:1086E00004EBC410454901EBC00090F8710004EBA5
:1086F000C411424A02EBC10181F87000012104EB70
:10870000C41002EBC00080F8711000BF4FF47A6013
:10871000F3F720FACDE9020108E04FF6FF70F3F716
:10872000F9F802A8F3F724FA00B100E0F5E700BF7A
:10873000032004EBC411314A02EBC10181F861034B
:1087400000221146204605F04EFE0022012120465F
:1087500005F049FE4FF4FA60F3F7FCF9CDE90201A8
:1087600014E04FF6FF70F3F7D5F83848C07800EB07
:10877000C010224901EBC00090F85E0300B906E08A
:1087800002A8F3F7F5F908B101E061E0E9E700BFFD
:108790002E48C07800EBC010184901EBC00090F8DB
:1087A0005E03012808D1084690F8790020B92748CF
:1087B000C1781D2003F0BBFA1049D1F83403F7F754
:1087C000ADFEF9F7F2FDE8E07048002078000020E7
:1087D000E4030020ACB1002014040020636D644168
:1087E0003767756E5F6964206973206572726F7296
:1087F0003A25642100000000A4D60208404E002063
:108800005B636F6D6D5D20636D6441372D3E6775F1
:108810006E69643D25642C7374617475733D2564C1
:108820002C636D643A25640A000000005B636F6D81
:108830006D5D20636D6441372D3E6F726465725FBC
:1088400069643D25730A00009700002050560020FF
:10885000022F6FD12022314605F1CD0012F054F9DC
:10886000FA4890F8F60301287ED100BF04EBC4104B
:10887000F64901EBC00090F8710004EBC411F34A13
:1088800002EBC10181F87000042104EBC41002EB7B
:10889000C00080F8711000BF0020114681F87A00F6
:1088A000102104EBC41002EBC00080F82613002056
:1088B00002F015FCB0B100BF04EBC410E34901EBBA
:1088C000C00090F8710004EBC411E04A02EBC10152
:1088D00081F87000012104EBC41002EBC00080F8A5
:1088E000711000BF032004EBC411D84A02EBC10190
:1088F00081F8610300221146204605F074FD002234
:108900000121204605F06FFD4FF4FA60F3F722F9DC
:10891000CDE9020114E04FF6FF70F2F7FBFFCC48FF
:10892000C07800EBC010C94901EBC00090F85E03AD
:1089300008B906E02BE002A8F3F71AF900B100E04D
:10894000E9E700BFC248C07800EBC010BF4901EBA7
:10895000C00090F85E0301280AD1084690F879001B
:1089600030B9BB48C17800E008E01D2003F0DFF912
:10897000B649D1F83403F7F7D1FD0EE00120B34931
:1089800081F8F9038869042104F062F905E02022E6
:10899000314605F1CD0012F0B7F800BFCBE52DE967
:1089A000F04F85B081468A4615469B46DDF83880F3
:1089B0000026287800F00F06A6480068407AB042EA
:1089C00009DC3346A4A240F24F71AA48F4F7D9FC5F
:1089D00005B0BDE8F08F06EBC6109C4901EBC0075F
:1089E0002878C0F3011018B9D5F80710C7F8FC10A3
:1089F00028780121B1EB901F33D16C1C607921796B
:108A0000E278A378CDE90132CDE9031060780090D7
:108A1000237899A240F259719648F4F7B2FC0220EB
:108A20009F490871207863281ADA2078122817DD08
:108A300060780D2814DAA078202811DAE0783D2833
:108A40000EDA20793D280BDA60793D2808DA2068B3
:108A50000390A088ADF81000DDE90301F6F779F97D
:108A600002E001208E490871784890F87A000128C8
:108A700002D10020FDF704FE00BFA9E738B5044687
:108A8000FCF7CDFF00B138BD8648046000204FF4EC
:108A90001273854A0921009010F065FA4FF4FA70BC
:108AA000F3F758F8814A03C208E04FF6FF70F2F777
:108AB00031FF7E48F3F75CF800B100E0F5E700BF56
:108AC0000020624981F8EE03FCF7C5FF0020FCF7A7
:108AD000CCFF00BFD7E72DE9F04106460F4614460C
:108AE0009846069D72A0F4F74BFB6E48006828B1CB
:108AF00094F8202010096B4A1168884700206949C2
:108B00000860524981F8EE03FCF7A5FFBDE8F0814B
:108B10002DE9F0470746884614469946089E0025E9
:108B200025784C480068407AA84208DC2B46664A03
:108B300040F2D7716548F4F724FCBDE8F08760780F
:108B4000012802D12846FDF79BFD00BFF5E72DE97E
:108B5000F84F81468A4614469B460A9D2678002790
:108B6000B8464FF47E71504812F04DF84E480670EA
:108B7000477080F80280032302460D2100200095F3
:108B800010F0F1F952A240F2EF715748F4F7F9FBF7
:108B9000BDE8F88F08B54FF47E71434812F033F802
:108BA0004148007820F00300401C3F490870084607
:108BB000007820F0040008700846007820F0F000EB
:108BC000103008700F2048700846007820F0080028
:108BD0000870012048800871002005230A460A21F8
:108BE000009010F0C0F908BD30B5034600BFC3EBDC
:108BF0000314A400C4EB0414A400C1EB011504EB9E
:108C00008504A01830BD70B505460024F6F7AEF80F
:108C10000446207895F85D1088426CD161785E201A
:108C2000405D814208D1A1785F20405D081A01288B
:108C300000D170BD0020FCE761785E20405D081A1D
:108C4000012856D1A078012851D1F2E7404E0020EA
:108C50005056002078000020636D64413867756EBF
:108C60005F6964206973206572726F723A256421AE
:108C700000000000BED6020863686172676572205A
:108C800041382073657474696D653A25642D2564D7
:108C90002D25642025643A25643A25640A000000E5
:108CA0003104002038040020ACB10020280400204A
:108CB0005B636D6441395D20636D643039206163AD
:108CC0006B206F6B0A0000006C6A0108D8D602089E
:108CD000636F6D6D5F636D6430445F61636B2069CA
:108CE00073206F6B00000000E7D6020803E000204D
:108CF0009FE700209DE7207895F85D10401A012835
:108D000008D16078012803D1A078012800D190E72C
:108D100000208EE700208CE710B5FC4890F88B000F
:108D2000032856DAF94890F88B1090F8F100814248
:108D300015D1F64890F88A1090F8F000814207DDCE
:108D40006622F249683101F1660011F0DDFE06E0AD
:108D50006622EE49CE31A1F1660011F0D5FEEB4856
:108D600090F8251090F8F100814215D1E74890F86D
:108D7000241090F8F000814207DD6622E349891C47
:108D800001F1CC0011F0C0FE06E06622DF49CE31D1
:108D9000A1F1CC0011F0B8FEDC4890F8251090F855
:108DA0008B00814215D1D94890F8241090F88A00A0
:108DB000814207DD6622D549891C01F1660011F068
:108DC000A3FE06E06622D1496831A1F1660011F0E8
:108DD0009BFE10BD70B504460D4604EB041000EB7D
:108DE0004001CA48801C00EB410090F82700002891
:108DF0006ADD04EB041000EB4001C448801C00EB6A
:108E0000410090F827000C285EDA04EB041303EB12
:108E10004306BE4B9B1C03EB460393F82B2004EB4D
:108E2000041303EB4306B94B9B1C03EB460393F877
:108E30002A1004EB041303EB4306B44B9B1C03EB17
:108E4000460393F82900FFF7CFFEB14901EB8401F7
:108E5000086004EB041303EB4306AC4B9B1C03EBD1
:108E6000460393F8312004EB041303EB4306A74BAE
:108E70009B1C03EB460393F8301004EB041303EB45
:108E80004306A24B9B1C03EB460393F82F00FFF70E
:108E9000ABFE9F490C3101EB840108609C4800EB5C
:108EA00084000068A8420AD8994800EB8400006852
:108EB000A84204D3012096490C39085519E0022034
:108EC00093490C39085514E004EB041000EB400101
:108ED0008E48801C00EB410090F82700FF2804D149
:108EE00002208B490C39085503E0002088490C39D1
:108EF000085570BD2DE9F04104460D461646854FD4
:108F000083480C38005D022871D004EB041000EB9C
:108F100040017E48801C00EB410090F83700A0B370
:108F200004EB041303EB430C784B9B1C03EB4C0347
:108F300093F83B2004EB041303EB430C734B9B1C93
:108F400003EB4C0393F83A1004EB041303EB430CCC
:108F50006E4B9B1C03EB4C0393F83900FFF744FE68
:108F60006B49183101EB8401086004EB041000EB3D
:108F700040016648801C00EB410065495131D0F842
:108F800036200A60408F888017E0FFE78123DA5D92
:108F90008023D95D7F23D85DFFF726FE5C49183119
:108FA00001EB8401086000215948093801555A3005
:108FB000F96F0160B7F880108180307854490C391E
:108FC00091F85D10884213D1717851480C3890F8AF
:108FD0005E0081420CD1B1784D480C3890F85F00AA
:108FE000814205D101214A48C01E015537E0C9E040
:108FF00004EB041000EB40014448801C00EB4100EE
:1090000090F82400012804D101214148C01E0155D7
:1090100025E03F480C38FFF7F6FDE0B13C4818303A
:1090200000EB8400016804EB041000EB40023748B9
:10903000801C00EB4200D0F83200084436498842D8
:1090400004D301213248C01E015508E002213048F6
:10905000C01E015503E002212D48C01E01552C48B9
:10906000C01E005D01284FD104EB041000EB40014D
:109070002648801C00EB4100D0F83200002872D056
:109080002348183000EB8400016804EB041000EB67
:1090900040021E48801C00EB4200D0F83200084419
:1090A0001D4988423ED31A48183000EB84000068FE
:1090B000A84211D81648183000EB8400016804EB70
:1090C000041000EB40021148801C00EB4200D0F875
:1090D00032000844A84213D20D48183000EB840037
:1090E000016804EB041000EB40020848801C00EB10
:1090F0004200D0F8320008440749294488420DD381
:10910000012103480938015540E000005045002086
:1091100092460020404E0020805101000221F84874
:10912000015533E0F648213000EB84000068A84286
:1091300014D8F348213000EB8400016804EB0410DC
:1091400000EB4002EF4800EB4200D0F83200084448
:10915000A84203D30121EA48015517E00221E8485B
:10916000015513E0FFE7E648213000EB840000687A
:10917000A84203D80121E248015507E00221E04856
:10918000015503E00221DE48801D0155BDE8F08154
:1091900010B5DB4A125C012A78D100EB001202EB19
:1091A0004203D84A02EB430292F86520062A6ED2A7
:1091B000DFE802F06D032173F7F0D14A213202EBB0
:1091C000800212688A4211D800EB001202EB4203BF
:1091D000CC4A02EB4302136CC94A2D3202EB8002E7
:1091E00013600123C64AD21C135403E00223C44A6D
:1091F000D21C13546DE2C24A213202EB8002126883
:109200008A4221D8BE4A213202EB8002136800EB69
:10921000001202EB4204BB4A02EB4402526C1A44B5
:109220008A4211D300EB001202EB4203B54A02EB73
:109230004302136CB24A2D3202EB80021360012309
:10924000AF4AD21C135427E0AD4A213202EB800210
:10925000136800EB001202EB4204AA4A02EB44023C
:10926000526C1A448A4213D200EB001202EB420302
:10927000A44A02EB4302936CA14A2D3202EB800216
:10928000136001239E4AD21C135405E022E21FE220
:1092900002239B4AD21C13541BE2994A213202EB4F
:1092A000800212688A4221D8954A213202EB80025C
:1092B000136800EB001202EB4204924A02EB4402F4
:1092C000526C1A448A4211D300EB001202EB4203A3
:1092D0008C4A02EB4302136C894A2D3202EB800266
:1092E00013600123864AD21C135459E0844A213268
:1092F00002EB8002136800EB001202EB4204814A89
:1093000002EB4402526C1A448A4221D27C4A213236
:1093100002EB8002136800EB001202EB4204794A70
:1093200002EB4402D26C1A448A4211D300EB0012C1
:1093300002EB4203734A02EB4302936C704A2D32F4
:1093400002EB8002136001236D4AD21C135427E004
:109350006B4A213202EB8002136800EB001202EB31
:109360004204684A02EB4402D26C1A448A4213D285
:1093700000EB001202EB4203624A02EB4302136D60
:109380005F4A2D3202EB8002136001235C4AD21C3B
:10939000135405E0BCE004E00223594AD21C1354E4
:1093A00097E1574A213202EB800212688A4221D8A3
:1093B000534A213202EB8002136800EB001202EBE9
:1093C0004204504A02EB4402526C1A448A4211D3BE
:1093D00000EB001202EB42034A4A02EB4302136C19
:1093E000474A2D3202EB800213600123444AD21C0B
:1093F00013548CE0424A213202EB8002136800EBE6
:10940000001202EB42043F4A02EB4402526C1A443F
:109410008A4221D23A4A213202EB8002136800EBE1
:10942000001202EB4204374A02EB4402D26C1A44A7
:109430008A4211D300EB001202EB4203314A02EBE5
:109440004302936C2E4A2D3202EB800213600123FB
:109450002B4AD21C13545AE0294A213202EB8002D3
:10946000136800EB001202EB4204264A02EB4402AE
:10947000D26C1A448A4221D2214A213202EB800264
:10948000136800EB001202EB42041E4A02EB440296
:10949000526D1A448A4211D300EB001202EB4203D0
:1094A000184A02EB4302136D154A2D3202EB80027B
:1094B00013600123124AD21C135428E0104A2132AF
:1094C00002EB8002136800EB001202EB42040D4A2B
:1094D00002EB4402526D1A448A4215D200EB00128C
:1094E00002EB4203074A02EB4302936D044A2D321A
:1094F00002EB800213600123014AD21C135406E0E0
:1095000089460020524500200223FE4A1354E0E021
:10951000FC4A1E3202EB800212688A4220D8F94AC5
:109520001E3202EB8002136800EB001202EB4204D1
:10953000F54A02EB4402526C1A448A4210D300EB03
:10954000001202EB4203F04A02EB4302136CED4AB5
:109550002A3202EB800213600123EA4A1354B6E078
:10956000E84A1E3202EB8002136800EB001202EBA5
:109570004204E54A02EB4402526C1A448A4220D269
:10958000E04A1E3202EB8002136800EB001202EB8D
:109590004204DD4A02EB4402D26C1A448A4210D3E0
:1095A00000EB001202EB4203D74A02EB4302936C3A
:1095B000D44A2A3202EB800213600123D14A1354A9
:1095C00085E0D04A1E3202EB8002136800EB0012E5
:1095D00002EB4204CC4A02EB4402D26C1A448A42A7
:1095E00020D2C84A1E3202EB8002136800EB001240
:1095F00002EB4204C44A02EB4402526D1A448A420E
:1096000010D300EB001202EB4203BF4A02EB43020D
:10961000136DBC4A2A3202EB800213600123B94A5F
:10962000135454E0B74A1E3202EB8002136800EB79
:10963000001202EB4204B44A02EB4402526D1A4497
:109640008A4220D2AF4A1E3202EB8002136800EB3E
:10965000001202EB4204AC4A02EB4402D26D1A44FF
:109660008A4210D300EB001202EB4203A64A02EB3F
:109670004302936DA34A2A3202EB80021360012356
:10968000A04A135423E09F4A1E3202EB8002136863
:1096900000EB001202EB42049B4A02EB4402D26D43
:1096A0001A448A4210D200EB001202EB4203964A9F
:1096B00002EB4302136E934A2A3202EB80021360DC
:1096C0000123904A135402E002238E4A135400E00F
:1096D00000BF02E002238B4A135410BD2DE9F04174
:1096E0000024002500270026F5F740FB0646727986
:1096F0003179F078FFF778FA0746844890F8E0036C
:109700000A2801D0BDE8F081002449E0FFF704FBFE
:1097100039462046FFF75EFB324639462046FFF7C2
:10972000E9FB39462046FFF733FD7648005D012806
:1097300034D104EB041000EB4001734800EB41000E
:1097400090F82300012829D16E482A3000EB8400CC
:10975000008885B2062D21DB202D1FDC6C4981F8A5
:109760004A50084690F84A00A8420DDC91F84A0099
:1097700012F012FC65494860654991F84A0012F000
:109780000BFC6249886009E0284612F005FC5F493D
:109790008860284612F000FC5C494860601CC4B236
:1097A000032CB3DB00BFADE72DE9FE4F1546DDF816
:1097B00030900024002600200290804628780190F6
:1097C00003205149891E81F8350195F8237095F8D9
:1097D00001A095F822B0012F7ED100BF36E004EB46
:1097E000041000EB4001484800EB41004078504530
:1097F00006D14FF000084448801E80F8354127E02C
:1098000004EB041000EB40013F4800EB410090F8EE
:109810002200584511D104EB041000EB40013A48F6
:1098200000EB410090F82300B84206D14FF0000849
:109830003548801E80F835410AE04FF001080320CA
:109840003149891E81F83501601CC4B2032CC6DB86
:1098500000BF2D48801E90F83401032817DBB8F1B3
:10986000000F10D17EB92849891E91F8351101EBFE
:10987000011101EB4102244901EB42006622294615
:1098800011F042F931E00126012002902DE066BB83
:10989000B8F1000F0FD11C49891E91F8351101EB69
:1098A000011101EB4102184901EB420066222946F1
:1098B00011F02AF919E01448801E90F83401401C78
:1098C0001149891E81F8340191F8341101EB01111D
:1098D00001EB41020C4900E01CE001EB4201A1F167
:1098E00066006622294611F00FF9BEB9FFF7F6FEB1
:1098F000064890F87A00012810D10020FDF7EFFB10
:109900000CE000008C46002052450020404E002014
:10991000704800200020FDF7E2FB00264FF47E7126
:10992000EC4811F070F9EB49019808700846467050
:109930000298887003230A460D210020CDF800907C
:109940000FF011FBBDE8FE8F2DE9F0470746884672
:1099500014469946089E2578DF480068407AA84258
:1099600008DC2B46DDA240F66121E348F3F709FD50
:10997000BDE8F0874FF48D71E04811F044F94FF4E1
:109980008D722146DD4811F0BFF80120DB4981F8D6
:10999000FC0000BFECE708B54FF47E71CD4811F034
:1099A00032F9CC48007820F00300401CC949087007
:1099B0000846007820F0040008700846007820F07F
:1099C000F00010300870B92048700846007820F088
:1099D00008000870012048800871002000900846A7
:1099E0004088001D83B20A460A2100200FF0BBFA0E
:1099F00008BD10B5C2480078052800DA10BDC1487E
:109A00000088401CBF490880BF48B0F8CC000988D6
:109A1000884206DC0020BB49088000210846FEF78A
:109A20008BFABA480088401CB8490880B648B0F89C
:109A3000CC000988B1EB400F09DB0020B349088056
:109A40000120AF49087100210846FBF7E0FF00BF85
:109A5000D4E710B5AE4890F87100062800D110BDCB
:109A6000AC480078012800D1F9E7A54880780128A2
:109A700005DDA3488078401EA1498870EFE7A04823
:109A8000007820B102280DD005282FD12FE0032126
:109A90000220FBF7BCFFA0A240F60371A748F3F732
:109AA00070FC29E0A6A240F61C71A448F3F769FCFB
:109AB0009748B0F8F00328B1954890F8F003904922
:109AC000887002E00A208E4988708D48807960B9DC
:109AD000002211461046FEF7CBF87F480068C07A96
:109AE000042802D101208649887105E000BF0021C9
:109AF0000520FBF78CFF00BF00BF00BFAFE7984811
:109B0000007820B196480078401E9549087070474B
:109B100010B5FFF76EFFFFF79CFFFFF7F0FF10BDDA
:109B200010B59048006828B98FA19148F6F701FD5B
:109B30008C49086000210846FBF769FF4FF47A71F1
:109B400088480068F6F7D7FC7148D0F8340330B97C
:109B500088A18B48F6F7EDFC6D49C1F8340389A262
:109B600040F666718D48F3F70CFC10BD01218C4A5C
:109B7000117070476248002101608180817100206E
:109B8000FFF7F4FFFFF7CCFFA3E04FF6FF70F1F70C
:109B9000C1FE05460021012205EA0200094000231A
:109BA000584059400843EFD00FF0D2FE0020FEF796
:109BB00076FC28B104F0A6FC04F0E6FC05F025FADA
:109BC000534890F8E4030028DED04F4880780128FD
:109BD00004D14F4890F8710005287AD14C4890F88C
:109BE0007300002875D0002001F079FA002870D1A8
:109BF000F5F7BCF804462078454981F87C00617887
:109C0000434880F87D10A17880F87E10E17880F8D4
:109C10007F10217980F88010617980F8811090F8A8
:109C2000E403012804D03A4890F8E403032809D15A
:109C30000120374981F8F703002211461046FDF74D
:109C400034F93CE00020324981F8F70322480068EB
:109C5000C07A01282ED1002001F041FAE0B92C4849
:109C600090F8730002280BD100BF294890F87100CA
:109C7000274981F870000321254880F871100BE016
:109C800000BF234890F87100214981F87000042139
:109C90001F4880F8711000BF01201D4981F87A002B
:109CA00081F861033C210020FCF7EEFD0020FDF768
:109CB00016FA04E0012200210846FDF7F6F800201C
:109CC000134981F8E403A1F8E203D1F84403F6F75D
:109CD00025FC5AE7ACB1002078000020636D644198
:109CE0004667756E5F6964206973206572726F7272
:109CF0003A2564210000000001D70208E94600204F
:109D000031040020DC030020C8480020DE030020CE
:109D1000404E0020960000205B636F6D6D5D205209
:109D200045473A737461727420746F2072656720BE
:109D3000746F20676174652E2E2E0A0010D70208FA
:109D40005B636F6D6D5D205245473A2073796E639A
:109D500020636867696E666F2E2E2E0A0000000071
:109D6000E0030020D8030020636F6D6D546D720016
:109D7000119B01087265706F7274546D725F61009F
:109D8000396801085B636F6D6D5D205645522D2D5E
:109D90004E45545F4F4E4C494E450A0026D70208A7
:109DA000300400202DE9F04106460D460022002334
:109DB000002016B9FE48A52301E0BDE8F08100BFF0
:109DC000B5F900704FEAE77C07EB5C7C4FEAEC01E9
:109DD00000EB82077F888F4206DC00EB82077F88DA
:109DE00039B2571CFBB222E000EB83077F888F4219
:109DF00006DB00EB83077F8839B25F1EFAB216E0FC
:109E000011E0D7187C1000EB84077F888F4202D1C5
:109E1000671EFAB20AE000EB84077F888F4201DDFB
:109E2000224600E02346571C9F42EADB00BF30F980
:109E3000227000EB830CBCF802C0A1EB0C0C07FBFA
:109E40000CF730F923C000EB8208B8F80280A8EBC9
:109E500001080CFB087700EB820CBCF802C000EB99
:109E60008308B8F80280ACEB080C97FBFCF73FB214
:109E70002F8000BFA1E72DE9F047EEF7FFF9CD48AD
:109E80000068CD490860CD480088CD490880002091
:109E9000C8490860C9490880EEF7F2F9EEF7EEF913
:109EA000C8480068C8490860C8480088C849088090
:109EB0000020C4490860C5490880EEF7E1F9EEF7D3
:109EC000DDF9C4480068C4490860C4480088C44932
:109ED00008800020BF490860C0490880EEF7D0F92B
:109EE000EEF7CCF9BF480068BF490860BF4800885A
:109EF000BF4908800020BB490860BC490880EEF7D4
:109F0000BFF9EEF7BBF9BB480068BB490860BB4826
:109F10000088BB4908800020B6490860B74908801E
:109F2000EEF7AEF9EEF7AAF9B6480068B649086050
:109F3000B6480088B64908800020B2490860B34995
:109F40000880EEF79DF9EEF799F9B2480068B2493A
:109F50000860B2480088B24908800020AD49086016
:109F6000AE490880EEF78CF9EEF788F9AD48006845
:109F7000AD490860AD480088AD4908800020A94976
:109F80000860AA490880EEF77BF98D48008840B147
:109F9000894800688A49098890FBF1F000B2A54918
:109FA00008808B48008840B1874800688849098844
:109FB00090FBF1F000B2A04908809F48B0F900A0E2
:109FC0004FEAEA710AEB5171C81011F070FB80463C
:109FD0004FF06632994B11F0D1FB06460022984BA8
:109FE00011F0B0F9044611F0C7F89649086091489D
:109FF000B0F900A04FEAEA710AEB5171C81011F0F4
:10A0000056FB06464FF066328C4B11F0B7FB044608
:10A0100000228B4B11F096F9804611F0ADF88A4979
:10A0200008606F48008840B16B4800686C49098837
:10A0300090FBF1F000B2854908808448B0F9000037
:10A0400011F035FB06464FF03332814B11F0C6F864
:10A05000044611F0CFFA00B27C490880754900200F
:10A06000FFF7A0FE74490020FFF79CFE64480088BB
:10A0700040B1614800686249098890FBF1F000B284
:10A08000744908806248008840B15F4800686049B0
:10A09000098890FBF1F000B26F49088060480088A1
:10A0A00040B15D4800685E49098890FBF1F000B25C
:10A0B0006A4908805E48008840B15B4800685C4996
:10A0C000098890FBF1F000B2654908804848008893
:10A0D00040B1454800684649098890FBF1F000B25C
:10A0E00060490880BDE8F08710B55F4801780078C6
:10A0F000401C5D4A10700A2958DD01201146087085
:10A100005A48D0E900105A4AC2E90010594800885C
:10A11000594908800021554A116051600020554975
:10A1200008805648D0E90010554AC2E90010554849
:10A130000088554908800021504A11605160002074
:10A1400050490880514903C9514A03C25148008807
:10A150005149088000204D4A106050604D490880E8
:10A160004E4903C94E4A03C24E4800884E490880F2
:10A1700000214A4A1160516000204A4908804B4939
:10A1800003C94B4A03C24B4800884B490880002151
:10A19000464A11605160002046490880474903C97A
:10A1A000474A03C24748008847498FE087E10000DB
:10A1B0007AD7020858050020600500205C050020C1
:10A1C000640500206C050020740500207005002047
:10A1D00078050020740700207C0700207807002005
:10A1E000800700209C070020A4070020A007002073
:10A1F000A8070020240700202C07002028070020A3
:10A200003007002038070020400700203C070020CE
:10A21000440700204C07002054070020500700206E
:10A22000580700206007002068070020640700200E
:10A230006C070020680500207C05002066660A4047
:10A240000000B040400400204404002084070020A7
:10A250003333234034070020480700205C070020E8
:10A2600070070020AC0700204E0400207804002076
:10A27000880400208004002090040020D8040020DE
:10A28000E8040020E0040020F004002098040020EE
:10A29000A8040020A0040020B0040020F80400203E
:10A2A00008050020000500201005002018050020EA
:10A2B000280500202005002030050020A8050020EA
:10A2C000B8050020B0050020C0050020088000214E
:10A2D000FA4A116051600020F9490880F948D0E934
:10A2E0000010F94AC2E90010F8480088F8490880CF
:10A2F0000020F44A10605060F4490880F548D0E925
:10A300000010F54AC2E90010F4480088F4490880BA
:10A310000020F04A10605060F0490880F14903C9FC
:10A32000F14A03C2F1480088F14908800021ED4A52
:10A33000116051600020ED490880EE48D0E900101E
:10A34000ED4AC2E90010ED480088ED49088000217F
:10A35000E84A116051600020E8490880E948008817
:10A3600058B1E84802880023E74903C910F00CF807
:10A37000044600F006FEE5490880E548008858B12B
:10A38000E34802880023E34903C90FF0FDFF0446B8
:10A3900000F0F7FDE0490880E0480088E0490880C7
:10A3A000E048008858B1DF4802880023DE4903C92D
:10A3B0000FF0EAFF044600F0E4FDDC490880DC48C9
:10A3C000008858B1DA4802880023DA4903C90FF03F
:10A3D000DBFF044600F0D5FDD7490880D748008848
:10A3E00058B1D64802880023D54903C90FF0CCFFE5
:10A3F000044600F0C6FDD3490880B548008858B12E
:10A40000B34802880023B04903C90FF0BDFF0446DA
:10A4100000F0B7FDCC490880B148008858B1B04879
:10A4200002880023AC4903C90FF0AEFF044600F0D8
:10A43000A8FDC6490880AE48008858B1AC480288DB
:10A440000023A94903C90FF09FFF044600F099FDBE
:10A45000BF490880BF48008858B1BE480288002321
:10A46000BD4903C90FF090FF044600F08AFDBB49C7
:10A470000880AE480088B4490988884205DDAB48A9
:10A480000088B1490988401A04E0AF480088A7490C
:10A490000988401AAE490880A7480088A949098858
:10A4A000884205DDA4480088A6490988401A04E0CE
:10A4B000A4480088A0490988401AA4490880A848EF
:10A4C0000078401CA649087010BD10B5FFF70CFEBF
:10A4D000A44801780078401CA24A10700A2091FB21
:10A4E000F0F200FB121010BB01209E4908709E483C
:10A4F000D0E900109D4AC2E900109D4800889D499E
:10A5000008800021984A1160516000209849088015
:10A510009848008858B1974802880023934903C996
:10A520000FF032FF044600F02CFD7C490880924871
:10A53000008858B1904802880023904903C90FF061
:10A5400023FF044600F01DFD8D4908808D48007DE5
:10A5500070BB8D4801780078401C8B4A1070322007
:10A5600091FBF0F200FB121008BB01208649087035
:10A5700086480068864908608648008886490880C1
:10A58000002082490860834908808348008840B1E0
:10A590007F4800688049098890FBF1F000B27F494C
:10A5A00008807E48B0F90010002002F056F802E062
:10A5B0000120754908707A4801780078401C784A73
:10A5C0001070032091FBF0F200FB121008BB012079
:10A5D00073490870734800687349086073480088BD
:10A5E0007349088000206F490860704908807048EE
:10A5F000008840B16C4800686D49098890FBF1F013
:10A6000000B26C4908806B48B0F90010012002F0DC
:10A6100024F86948008840B168480068664909889C
:10A6200090FBF1F000B2664908806548B0F900106F
:10A63000022002F012F810BD10B55248007D01282A
:10A6400039D15048F1F794FA0128F9D14D48408AA0
:10A6500020B1012810D002282ED1C0E000204949A5
:10A66000C86008824FF47A70F1F774FA454A03C261
:10A67000012044494882DAE04248C068414989687B
:10A68000098808443F49C8600846008A401C08827F
:10A690000846F1F76DFA01280FD13A48C0683949E8
:10A6A000098AB0FBF1F04749088002203549488209
:10A6B000454801888AE0BBE0B8E08FE0A8050020AB
:10A6C000B0050020C8050020D8050020D0050020D6
:10A6D000E0050020E8050020F8050020F005002036
:10A6E00000060020080600201806002010060020A2
:10A6F00020060020B0070020C0070020B807002077
:10A70000C807002090040020880400209404002042
:10A71000F0040020E8040020F4040020D404002009
:10A720004406002010050020080500201405002024
:10A73000300500202805002034050020C005002039
:10A74000B8050020C4050020E40500200406002010
:10A7500024060020B0040020A8040020B404002037
:10A760004E04002051040020B8040020C80400203A
:10A77000C0040020D004002050050020480500201F
:10A7800054050020709300204F040020FC06002098
:10A790000407002000070020080700200C07002005
:10A7A0005004002010070020180700201407002084
:10A7B0001C07002020070020F4060020F0060020DF
:10A7C000F80600204C040020460A0020FAA0F2F708
:10A7D000D7FC0120F1F7BEF9FE4A03C227E0FD488D
:10A7E000F1F7C6F9012820D10020FA490875642143
:10A7F000F94810F02AFAF948008811F0CDFBF84921
:10A80000C1F88C03F548008811F0C6FBF449C1F883
:10A8100094033020C1F8700340F26711F048C0F88B
:10A8200074134FF4FA71C0F8781300E000BF00BF52
:10A8300010BDEC484089EC490880EC48808C0988C0
:10A84000081A00B2E8490880E848408CB1F90010C5
:10A850004843801200B2E44908800846B0F900007D
:10A860004043C117E24B0CCB80185941E04A03C268
:10A87000E0480088401CDF490880DA48C089DE498A
:10A880000880DA48808D0988081A00B2DA49088001
:10A89000D648408DB1F900104843801200B2D64925
:10A8A00008800846B0F900004043C117D34B0CCBD9
:10A8B00080185941D14A03C2D1480088401CD04970
:10A8C0000880C8488089CF490880C848008E098818
:10A8D000081A00B2CB490880C448C08DB1F90010F5
:10A8E0004843801200B2C74908800846B0F900000A
:10A8F0004043C117C44AD2E90032C0185141C24A8C
:10A9000003C2C2480088401CC0490880B548C088BE
:10A91000BF490880B548808E0988081A00B2BC4932
:10A920000880B248408EB1F900104843801200B24E
:10A93000B74908800846B0F900004043C117B54B3D
:10A940000CCB80185941B34A03C2B3480088401C5D
:10A95000B1490880A3480088B0490880A348008F07
:10A960000988081A00B2AD490880A048C08EB1F924
:10A9700000104843801200B2A84908800846B0F988
:10A9800000004043C117A64B0CCB80185941A44A84
:10A9900003C2A4480088401CA24908809148408A0C
:10A9A000A14908809148B0F844000988081A00B20B
:10A9B0009D4908808D48B0F84200B1F90010484325
:10A9C000801200B2984908800846B0F90000404360
:10A9D000C117964AD2E90032C0185141934A03C2C6
:10A9E00093480088401C924908807E48808891499D
:10A9F00008800846008890490988401A00B28D49AD
:10AA000008807A48C08CB1F900104843801200B227
:10AA1000884908800846B0F900004043C117874BB9
:10AA20000CCB80185941854A03C285480088401CD8
:10AA3000834908806B4880888249088008460088DE
:10AA40007D490988401A00B27E4908806748C08C59
:10AA5000B1F900104843801200B27A4908807A4860
:10AA60000068B1F900100844774908607748008809
:10AA7000401C764908805B488088754908800846F4
:10AA800000886D490988401A00B27149088057480A
:10AA9000C08CB1F900104843801200B26C490880A4
:10AAA0006C480068B1F9001008446A4908606A48B7
:10AAB0000088401C684908804A48808867490880A7
:10AAC000084600885C490988401A00B2634908803A
:10AAD0004648C08CB1F900104843801200B25F496B
:10AAE00008805F480068B1F9001008445C490860BC
:10AAF0005C480088401C5B4908803A4800895A49F4
:10AB000008800846008800B2088008460088400394
:10AB1000801200B2088055480068B1F9001008445E
:10AB20005249086052480088401C514908802D480D
:10AB3000008A504908800846008800B2088008460C
:10AB400000884003801200B208804B480068B1F9C9
:10AB5000001008444849086048480088401C47499C
:10AB6000088020484088464908800846B0F900001F
:10AB7000002804DD0846008800B2088002E00020BA
:10AB80003F4908803E48B0F9000000EBC00000EBF0
:10AB90004000800A00B23A4908803A480068B1F99A
:10ABA000001008443749086037480088401C36497F
:10ABB00008800C48C08A69E05B416C696E655D6322
:10ABC0004C65616B437572724F66667365743D25A3
:10ABD000640A000070930020B05100204C04002053
:10ABE000404E00204893002092040020684C002032
:10ABF000780400208004002012050020F8040020C2
:10AC00000005002032050020180500202005002046
:10AC1000C2050020A8050020B0050020E2050020A4
:10AC2000C8050020D0050020B204002098040020B0
:10AC3000A004002052050020460A0020380500200C
:10AC400040050020F6060020E8060020EC06002063
:10AC50000A070020FC060020000700201E07002035
:10AC6000100700201407002066050020580500206A
:10AC70005C0500207A0500206C050020700500208E
:10AC8000AA0700209C070020A00700208B4908800D
:10AC90000846B0F90000002804DD0846008800B22C
:10ACA000088002E00020854908808448008840032D
:10ACB000800A00B28149088081480068B1F900101B
:10ACC00008447F4908607F480088401C7D4908800F
:10ACD0007D48008B7D4908800846B0F900000028B7
:10ACE00004DD0846008800B2088002E000207749B1
:10ACF0000880764800884003800A00B273490880C3
:10AD000073480068B1F9001008447149086071483F
:10AD10000088401C6F4908806B48408B6E49088052
:10AD20000846B0F90000002804DD0846008800B29B
:10AD3000088002E0002068490880674800884003D6
:10AD4000800A00B26449088064480068B1F90010C4
:10AD500008446249086062480088401C60490880D5
:10AD60005948808B5F4908800846B0F900000028E8
:10AD700004DD0846008800B2088002E0002059493E
:10AD80000880584800884003800A00B2554908806E
:10AD900055480068B1F90010084453490860534809
:10ADA0000088401C51490880474880894649C98924
:10ADB000401A00B24E4908804E48C08BB1F90010CD
:10ADC0004843801200B24A4908800846B0F90000A2
:10ADD0004043C117484AD2E90032C0185141464A9F
:10ADE00003C246480088401C444908803648808990
:10ADF00035490988401A00B2414908803D48C08B56
:10AE0000B1F900104843801200B23D49088008465D
:10AE1000B0F900004043C1173A4AD2E90032C018E5
:10AE20005141384A03C238480088401C36490880DE
:10AE30002548C08924490988401A00B2334908804E
:10AE40002C48C08EB1F900104843801200B22F493F
:10AE500008800846B0F900004043C1172C4AD2E9E7
:10AE60000032C01851412A4A03C22A480088401CB7
:10AE700028490880144880891349C988401A00B2BB
:10AE8000254908801B48C08EB1F900104843801244
:10AE900000B2214908800846B0F900004043C117BC
:10AEA0001E4AD2E90032C01851411C4A03C21C4854
:10AEB0000088401C1A4908807047000032070020B3
:10AEC0002407002028070020489300204607002080
:10AED000380700203C0700205A0700204C070020BC
:10AEE000500700206E070020600700206407002044
:10AEF000D2040020684C0020B8040020C0040020C8
:10AF0000F2040020D8040020E004002022060020E3
:10AF1000080600201006002002060020E805002098
:10AF2000F005002010B50120FE49087200200860DD
:10AF300040F6B830F0F70EFEFA4AC2E9040110BD3F
:10AF40000020F8490872086070470020F549486001
:10AF50004872704700210DE0F34800EB4110008873
:10AF6000F24A9288904203D1EF4800EB41107047BB
:10AF7000481CC1B20E29EFD38620EC4A9080EA48E3
:10AF8000F5E7014609B900207047B1F5800F03D8F5
:10AF90003F2000EB91220AE0B1F1006F03D8FF20BF
:10AFA00000EB113203E040F2FF3000EB913200235E
:10AFB00005E0B1FBF2F010444208581CC3B2052B67
:10AFC000F7DB90B2E0E70346D9480068007A03282F
:10AFD0000DD18B4205DD934201DD184670471046C6
:10AFE000FCE7914201DD0846F8E71046F6E718460F
:10AFF000F4E70346CE480068007A03280DD18B425F
:10B0000005DA934201DA184670471046FCE7914290
:10B0100001DA0846F8E71046F6E71846F4E710B5F7
:10B02000034614468B4202DD581A82B201E0C81A68
:10B0300082B2A24201DD002010BD0120FCE72DE913
:10B04000F04104460D46022D0FD12011B94931F8C7
:10B05000108004F00F0201260027304639460FF019
:10B060000AFA08EA0000BDE8F081B24800EB85006A
:10B07000211130F8118004F00F020126002730461C
:10B0800039460FF0F8F908EA0000ECE72DE9F04145
:10B0900004460D46022D0DD1A74822460126002761
:10B0A000D0F80080304639460FF0E5F908EA000094
:10B0B000BDE8F081A04850F82580224601260027EF
:10B0C000304639460FF0D7F908EA0000F0E70146AC
:10B0D0009948006808B9002070470120FCE7024643
:10B0E000022A01DB002100E01146924830F82100DD
:10B0F00030B9904800EB8100408808B900207047C3
:10B100000120FCE7022804D0032803D0042803D13F
:10B1100001E002E001E000E000BF00BF704702284C
:10B1200002D0032802D100E001E000E000BF00BF30
:10B13000704770B50446F6F7A9FC054623467FA282
:10B1400040F257218648F2F71CF9022C00D100E0AA
:10B1500000BF022C14D105EBC510824901EBC000E1
:10B1600090F87A00012807D005EBC51001EBC0006C
:10B1700090F87000042800D170BDF7F7AEFB15E021
:10B18000A54213D104EBC410764901EBC00090F83E
:10B190007A00012807D004EBC41001EBC00090F83E
:10B1A0007000042800D1E7E7F7F797FB00BFE3E75B
:10B1B00010B5044623466CA240F28B217348F2F787
:10B1C000E0F804EBC410674901EBC00090F8700090
:10B1D000012802D1F7F799FB34E004EBC410614970
:10B1E00001EBC00090F87000012809D1084690F8E2
:10B1F000FD03012804D1F7F788FBF7F798F921E060
:10B2000004EBC410574901EBC00090F8700002280D
:10B2100018D004EBC41001EBC00090F870000328B4
:10B2200010D004EBC41001EBC00090F870000428AB
:10B2300008D004EBC41001EBC00090F870000528A2
:10B2400000D000BF10BD10B50446234650A240F206
:10B25000AD215848F2F795F8022C29D1414890F8D1
:10B260007A00012810D13F4890F8710003280BD0D4
:10B2700000BF3C4890F871003A4981F87000032102
:10B28000384880F8711000BF364890F882040128D1
:10B2900035D1344890F87904032830D000BF3148C4
:10B2A00090F8791480F87814032180F8791426E056
:10B2B00004EBC4102B4901EBC00090F87A00012880
:10B2C0001DD104EBC41001EBC00090F871000328FD
:10B2D00015D000BF04EBC41001EBC00090F8710062
:10B2E00004EBC4111F4A02EBC10181F87000032175
:10B2F00004EBC41002EBC00080F8711000BF10BD59
:10B3000010B5044623462CA240F2D2213248F2F76F
:10B3100038F804EBC410134901EBC00090F870003A
:10B3200001285BE0204500204C08002070480020E8
:10B33000780000207C000020840000205B636F6D9B
:10B340006D5D207570646174655F7374735F6661B1
:10B35000756C742D3E67756E3D25640A0000000013
:10B3600014DA0208404E00205B636F6D6D5D20753E
:10B3700070646174655F7374735F7374616E64622B
:10B38000792D3E67756E3D25640A000025DA0208B6
:10B390005B636F6D6D5D207570646174655F737460
:10B3A000735F72756E6E696E672D3E67756E3D25B3
:10B3B000640A000038DA02085B636F6D6D5D20750A
:10B3C00070646174655F7374735F73746F702D3E26
:10B3D00067756E3D25640A004BDA020820D004EB45
:10B3E000C41001EBC00090F87000022818D004EBE4
:10B3F000C41001EBC00090F87000032810D004EBDB
:10B40000C41001EBC00090F87000042808D004EBD1
:10B41000C41001EBC00090F87000052800D000BFF8
:10B4200010BD10B504462346F6A240F2F221FE48B4
:10B43000F1F7A7FF04EBC410FC4901EBC00090F842
:10B440007000012804D1F7F760FAF7F770F821E0EF
:10B4500004EBC410F54901EBC00090F8700002281D
:10B4600018D004EBC41001EBC00090F87000032862
:10B4700010D004EBC41001EBC00090F87000042859
:10B4800008D004EBC41001EBC00090F87000052850
:10B4900000D000BF10BDFEB5064600240025022ED8
:10B4A00009D0E3480068407AB04203DDF6F7EEFACF
:10B4B000B04200D0FEBD022E01D1002500E035468D
:10B4C00005EBC510D94901EBC00090F8710005EB00
:10B4D000C511D64A02EBC10191F87010D54A525DF0
:10B4E0003346CDE900210290D3A240F22731DB4858
:10B4F000F1F747FF3046FFF7F2FD00287ED0022E1D
:10B5000064D100245FE004EBC410C84901EBC00023
:10B5100090F87100012805D100211620FFF78FFD5A
:10B5200000284ED000BF04EBC410C04901EBC0009E
:10B5300090F8710004EBC411BC4A02EBC10181F820
:10B540007000012104EBC41002EBC00080F8711000
:10B5500000BF02210E20FFF772FDE8B902210A2088
:10B56000FFF76DFDC0B902210720FFF768FD98B90C
:10B5700002210D20FFF763FD70B902211F20FFF7A4
:10B580005EFD48B902211620FFF759FD20B90221BE
:10B590000420FFF754FDA0B104EBC410A34901EB54
:10B5A000C00090F87A0001280BD108219F4880F84C
:10B5B0002613032004EBC4119C4A02EBC10181F85D
:10B5C0006103601CC4B2022C9DDBAEE105EBC5102B
:10B5D000964901EBC00090F87100012805D10021C7
:10B5E0001620FFF72CFD0028EFD000BF05EBC5109B
:10B5F0008E4901EBC00090F8710000E05FE005EBC0
:10B60000C5118A4A02EBC10181F87000012105EBE6
:10B61000C51002EBC00080F8711000BF29460E2053
:10B62000FFF70DFDF0B929460A20FFF708FDC8B95C
:10B6300029460720FFF703FDA0B929460D20FFF793
:10B64000FEFC78B929461F20FFF7F9FC50B92946BE
:10B650001620FFF7F4FC28B929460420FFF7EFFC79
:10B660000028B2D005EBC510704901EBC00090F87E
:10B670007A0001280BD108216C4880F8261303209A
:10B6800005EBC511694A02EBC10181F8610305EBC5
:10B69000C510664901EBC00090F87000012809D17F
:10B6A00000211620FFF7CBFC20B101215F4880F874
:10B6B00005143AE100215D4880F8051435E1022EB9
:10B6C0007ED1002480E004EBC410584901EBC00097
:10B6D00090F87100012875D104EBC41001EBC00093
:10B6E00090F87A00012846D104EBC41001EBC000A9
:10B6F00090F87300012815D100BF04EBC41001EBD2
:10B70000C00090F8710004EBC411484A02EBC1017B
:10B7100081F87000042104EBC41002EBC00080F833
:10B7200071104FE004EBC410404901EBC00090F8E9
:10B730007300022801D1032706E004EBC4103B4943
:10B7400001EBC00090F8707000BF04EBC4103749E3
:10B7500001EBC00090F8710004EBC411334A02EB16
:10B76000C10181F8700004EBC410114601EBC00068
:10B7700080F8717026E02D4890F80504012801D169
:10B78000022706E004EBC410284901EBC00090F842
:10B79000707000BF04EBC410244901EBC00090F8A6
:10B7A000710004EBC411214A02EBC10181F8700061
:10B7B00004EBC410114601EBC00080F8717000E08A
:10B7C00006E000BF601CC4B2022CFFF67CAFACE008
:10B7D00005EBC510154901EBC00090F87100012878
:10B7E00053D105EBC51001EBC00090F87A00012899
:10B7F00076D105EBC51001EBC00090F8730001286D
:10B8000044D12DE05B636F6D6D5D20757064617474
:10B81000655F7374735F6170706F696E742D3E67DE
:10B82000756E3D25640A00005BDA0208404E002078
:10B8300078000020660A00207570646174655B25DD
:10B84000645D3A62616B2D25642C7072652D2564F0
:10B850002C6E6F772D25640A000000006EDA020856
:10B8600000BF05EBC51001EBC00090F8710005EBBF
:10B87000C511FE4A02EBC10181F87000042105EBFD
:10B88000C51002EBC00080F871104EE005EBC5104A
:10B89000F64901EBC00090F87300022801D103279C
:10B8A00006E005EBC510F14901EBC00090F870709F
:10B8B00000BF05EBC510ED4901EBC00090F8710029
:10B8C00005EBC511E94A02EBC10181F8700005EBF7
:10B8D000C510114601EBC00080F8717025E0FFE74C
:10B8E000E24890F80504012801D1022706E005EBA3
:10B8F000C510DE4901EBC00090F8707000BF05EB89
:10B90000C510DA4901EBC00090F8710005EBC511D4
:10B91000D64A02EBC10181F8700005EBC510114653
:10B9200001EBC00080F8717000BFD148415D05EBAC
:10B93000C510CE4A02EBC00090F87100814200D1E0
:10B94000B8E5022E0FD100240AE004EBC410C74969
:10B9500001EBC00090F87100C5490855601CC4B2E5
:10B96000022CF2DB08E005EBC510C04901EBC0007A
:10B9700090F87100BE494855002420E005EBC51041
:10B98000BA4901EBC00090F8710004EB4401B94AD8
:10B9900012F81110884210D104EB4400114601EB5B
:10B9A0004000D0F8020038B104EB440002EB400044
:10B9B000D0F802102846884703E0601CC4B2092C66
:10B9C000DCD300BF00BF75E530B5044654B9AA49C1
:10B9D000B1F90000C11700EB5171C1F3CF01A74AC3
:10B9E000118080E0022C11D1A5480288A548018869
:10B9F000A5480088FFF7E7FA00EB80004500E8174C
:10BA000005EBD06040119D4908806CE0032C11D1FA
:10BA10009B4802889B4801889B480088FFF7E9FA09
:10BA200000EB80004500E81705EBD060401193491A
:10BA3000088058E0042C11D1944802889448018869
:10BA400094480088FFF7BFFA00EB80004500E81734
:10BA500005EBD06040118949088044E0052C01D0F5
:10BA6000062C04D18C480088844908803BE0072CD0
:10BA700004D18A4800888149088034E00A2C04D126
:10BA8000874800887D4908802DE00B2C0AD1854924
:10BA9000B1F90000C11700EB5171C1F3CF01774A32
:10BAA000118020E00D2C04D17F4800887349088064
:10BAB00019E0172C0DD17D49B1F9001001EB81017E
:10BAC0004800C11700EBD161C1F34F116B4A1180DF
:10BAD00009E01F2C04D1764800886849088002E0FC
:10BAE0000020664908806548008830BD70B506466C
:10BAF0007048408800EB1020C4B2082C02DBA4F18F
:10BB00000800C4B2F3F732F905466A48001D20F870
:10BB10003460297800EBC400408861F30700654970
:10BB2000091D01EBC401488069786248001D00EBE3
:10BB3000C400408861F30F205E49091D01EBC40178
:10BB40004880A9785B48001D00EBC400808861F341
:10BB500007005849091D01EBC4018880E978554860
:10BB6000001D00EBC400808861F30F205149091DBE
:10BB700001EBC401888029794E48001D00EBC40008
:10BB8000C08861F307004B49091D01EBC401C8805F
:10BB900069794848001D00EBC400C08861F30F209C
:10BBA0004449091D01EBC401C8803046FFF70CFF72
:10BBB00001464048443020F8141044384088082199
:10BBC000B1EB102F0BDD3B484088012101EB102029
:10BBD0003849498860F30F213648418016E03548DE
:10BBE000807800F500603349488008468078401C22
:10BBF000498860F307012F484180807800F00700F2
:10BC00002C49498860F307012A48418070BD2DE91D
:10BC1000F04704460D4629462046FFF710FA08B9BA
:10BC2000BDE8F087114890F87000032808D1002182
:10BC30001620FFF704FA18B104200C4981F87000AF
:10BC4000022D50D120111C4931F810A004F00F0230
:10BC500001260027304639460EF00DFC2AEA000086
:10BC60002111154A22F81100211127E0404E002031
:10BC7000660A00200C0A0020680500203808002011
:10BC8000840600206406002044060020E40600200C
:10BC9000C4060020A40600202C080020F80600207E
:10BCA0003C0800207C05002020070020840700209D
:10BCB0000C070020C04900207C000020101D30F837
:10BCC00011A004F00F024FF001084FF000094046A8
:10BCD00049460EF0D0FB2AEA000081B22211FA4850
:10BCE00020F8121017E0F848001F00EB8500211122
:10BCF00030F8118004F00F02012600273046394643
:10BD00000EF0B9FB28EA0000EF49091F01EB85019D
:10BD1000221121F812002846FFF7BDFB29462046D4
:10BD2000FFF7FDF90120E949487000BF78E72DE9E8
:10BD3000F04786B004460D4629462046FFF77FF9B6
:10BD400010B106B0BDE8F0872046FFF7CFFE022D08
:10BD500029D12011DC49091F31F810A004F00F028D
:10BD600001260027304639460EF085FB4AEA0001DD
:10BD700088B22111D44A121F22F811002111101D7E
:10BD800030F811A004F00F024FF001084FF0000945
:10BD9000404649460EF06FFB4AEA00012211CA48AC
:10BDA00020F8121018E0C848001F00EB8500211190
:10BDB00030F8118004F00F02012600273046394682
:10BDC0000EF059FB48EA000188B2BF49091F01EB98
:10BDD0008501221121F812002846FFF75CFB294655
:10BDE0002046FFF78FF90020F9F73FFEB84800889A
:10BDF00000EB80004FEA4009B648008800EB800065
:10BE00004FEA4008B448008800EB80004700B34880
:10BE1000B0F9000000EB80004600F01706EBD060A0
:10BE20004111AF480388F81707EBD06040114FEA83
:10BE3000E87208EBD2625211CDE90331CDE901205D
:10BE40004FEAE97009EBD06040110090A548B0F9C5
:10BE50000030A54A40F22D41A448F1F792FA00BF04
:10BE60006FE70146052927D2DFE801F0030A111F19
:10BE700018009F480068407B9E4A52F82000704797
:10BE80009B480068407B9C4A52F82000F7E798489E
:10BE90000068407B994A52F82000F0E79448006817
:10BEA000407B974A52F82000E9E791480068407BC0
:10BEB000944A52F82000E2E70020E0E701461F29FB
:10BEC00073D2DFE801F010171E252C333A41484F9A
:10BED000565D646B737A81888F969DA4ABB2D5D57D
:10BEE000B9C0D5C7CE0082480068407B864A52F868
:10BEF000200070477E480068407B844A52F820004A
:10BF0000F7E77B480068407B814A52F82000F0E761
:10BF100077480068407B7F4A52F82000E9E7744880
:10BF20000068407B7C4A52F82000E2E770480068D5
:10BF3000407B7A4A52F82000DBE76D480068407B7E
:10BF4000774A52F82000D4E769480068407B754A78
:10BF500052F82000CDE766480068407B724A52F8EC
:10BF60002000C6E762480068407B704A52F8200013
:10BF7000BFE75F480068407B6D4A52F82000B8E791
:10BF80005B480068407B6B4A52F82000B1E7584894
:10BF90000068407B684A52F82000AAE754480068CD
:10BFA000407B664A52F82000A3E761E050480068F1
:10BFB000407B634A52F820009BE74D480068407B75
:10BFC000604A52F8200094E749480068407B5E4A86
:10BFD00052F820008DE746480068407B5B4A52F8E3
:10BFE000200086E742480068407B594A52F820000A
:10BFF0007FE73F480068407B564A52F8200078E7C8
:10C000003B480068407B544A52F8200071E73848AA
:10C010000068407B514A52F820006AE734480068C3
:10C02000407B4F4A52F8200063E731480068407B6C
:10C030004C4A52F820005CE72D480068407B4A4A91
:10C0400052F8200055E72A480068407B474A52F8DA
:10C0500020004EE726480068407B454A52F8200001
:10C0600047E723480068407B424A52F8200040E7F7
:10C0700000203EE710B540490988642201FB02F028
:10C08000C11700EBD161491101F5FA713B4A11600A
:10C090003B480078012804D03A4890F871000628FF
:10C0A00007D100203849088000211520FFF7AFFD97
:10C0B00010BD344890F8600320B900211520FFF727
:10C0C000A6FDF5E762E00000800000209700002058
:10C0D000D4040020140500209404002084070020CC
:10C0E0002C080020F8060020D0DA02087EDA0208C8
:10C0F00078000020D8E50208F8E5020814E60208F6
:10C1000034E6020858E6020874E20208B8E20208BF
:10C11000DCE2020800E3020824E3020848E3020824
:10C120006CE3020894E30208B8E30208DCE30208C7
:10C1300024E4020870E4020894E40208BCE4020863
:10C14000E0E4020804E5020828E502084CE50208DC
:10C1500070E5020890E50208B4E502087CE60208F2
:10C160009CE60208BCE6020894E20208FCE302082E
:10C17000D8EF0208F8EF0208B40400206C0A00208F
:10C1800096000020404E0020680A0020FD4890F8EC
:10C190007A0001281FD1FB48408FB0F5FA7F1ADDE5
:10C1A000F848408FF8490968884210D9F748008854
:10C1B000401CF649088008460088B0F5FA7F0DDD7E
:10C1C0000020088000211520FFF7B1FD06E00020C7
:10C1D000EE49088002E00020EC490880002115208B
:10C1E000FEF72DFF38B1E74890F8730018B9002129
:10C1F0001520FFF70CFD00BF5AE710B5E448008892
:10C20000E44908604FF4C8710020E34AC2E9001015
:10C21000E2480089DF490968884216D2E048008870
:10C22000401CDF4908801046D0E900300988591ABF
:10C2300070F100001FDA00210420FFF778FDD948D3
:10C24000EFF788FCD84A03C215E00020D4490880E3
:10C2500000210420FEF7F3FE50B1CA4890F87300A5
:10C2600030B90021D04A116051600420FFF7CFFCA3
:10C27000CD48EFF77DFC10BD10B50024C14890F803
:10C280007100062808D102210846FFF7C0FC0221F0
:10C290000320FFF7BCFC10BDC4480068807B48B990
:10C2A000C3480288C3480188C3480088FEF78BFE54
:10C2B000044608E0BE480288BE480188BE4800889F
:10C2C000FEF781FE0446B5480088A04218D2BB485C
:10C2D0000088401CB94908800020B9490880B94944
:10C2E0000880B6480088B0F5FA7F25DB0020B64903
:10C2F0000870B249088000210220FFF718FD1BE0FA
:10C30000A6484088A04217D30020AC490880AC481A
:10C310000088401CAA49088000210220FEF78FFEF9
:10C3200050B1A7480088192806DB0020A4490880DE
:10C3300000210220FFF76BFCA448EFF719FC38B18D
:10C340000020EFF707FCA14A303AC2E90C0100E0F7
:10C35000A1E796480068807B10B99748048801E0FF
:10C36000954804888D488088A04218D9984800884C
:10C37000401C97490880002096490880964908800B
:10C3800093480088B0F5FA7F25DB002090490880AB
:10C390008D49087000210320FFF7C9FC1BE07F488E
:10C3A000C088A04217D800208949088089480088A1
:10C3B000401C8849088000210320FEF740FE50B150
:10C3C00084480088192806DB002082490880002163
:10C3D0000320FFF71CFC00BF5DE710B5694890F82B
:10C3E0007100062805D04FF400417C48EDF7EBFBC7
:10C3F00038B17B4800686FF0040108407849086054
:10C4000010BD784890F8680038B9754800686FF03A
:10C410000401084072490860F2E773480088B0F5EB
:10C42000906F14DD71480078401C70490870084610
:10C430000078642807DD002008706948006804213E
:10C4400008436749086000206949087019E0664898
:10C450000088B0F5806F14DC65480078401C6449A2
:10C46000087008460078322808DD002008705C4813
:10C4700000686FF0040108405949086000205B49DA
:10C48000087000BFBCE710B53E4890F87100062860
:10C4900008D102210520FFF7BAFB02210620FFF791
:10C4A000B6FB10BD3D48808952490988884213DA9D
:10C4B00051480088401C5049088000204F4908809E
:10C4C0004D480088FA2825DB00204B4908800021D0
:10C4D0000520FFF72CFC1DE03048C089454909883C
:10C4E000884217DB00204449088044480088401CEB
:10C4F0004249088000210520FEF7A1FD50B13F48C8
:10C500000088192806DB00203C490880002105200E
:10C51000FFF77DFB2148008A36490988884213DDF0
:10C5200037480088401C364908800020354908807B
:10C5300033480088FA2869DB00203149088000214F
:10C540000620FFF7F4FB61E01448408A2949098876
:10C5500088425BDC00202A4908802A480088401C69
:10C560002849088000210620FEF769FD48B12548CA
:10C57000008819284ADB0020224908800021062073
:10C5800042E043E0404E00206C0A0020680A002090
:10C5900094040020800A0020880A0020F44C002027
:10C5A000700A0020E0930400780A00207800002040
:10C5B000840600206406002044060020900A002023
:10C5C000940A0020980A00204B080020A057002061
:10C5D000920A0020960A00209A0A002000080140D2
:10C5E000840000200448002014050020A50A002033
:10C5F000A40A00202C080020A60A0020AA0A002075
:10C60000A80A0020AC0A0020FFF701FB00BF48E7A2
:10C6100010B5F84890F87100062804D10021F64AB8
:10C620001160516010BDF549B1F90000002801DB2F
:10C63000014600E04142B1F52F7F04DA0520EFF713
:10C6400089FAED4A03C2EC48EFF792FA18B10021DB
:10C650001F20FFF76CFB00BFE4E72DE9FF4704460E
:10C660000D460026E34890F87100062801D1BDE888
:10C67000FF87E3480068401CE1490860B0F5FA7F95
:10C6800002DD4FF4FA700860DD48006802282ADAFB
:10C690006421DC480EF0D9FADB4800880FF07CFCFE
:10C6A000D449C1F88C03D84800880FF075FCD149F3
:10C6B000C1F894033020C1F8700340F26711CD48EF
:10C6C000C0F874134FF4FA71C0F878130120CF4901
:10C6D00008754FF4FA60EFF73DFACC4A03C2002028
:10C6E000CA494882C3E7C349D1F88C030FF070FAF6
:10C6F0000746C74AC74B0FF041F8CDE90201C649CA
:10C70000B1F904000EF0D3FF0746C44AC44B0FF042
:10C7100035F8CDE90001DDE902230EF05FFD814629
:10C720000EF02AFDB349C1F888030846D0F88813F3
:10C73000C0F88C1374BB0146D1F894030FF048FA8B
:10C740000746B84AB84B0FF019F881468A46A949FE
:10C75000D1F888030FF03CFA0746B44AB44B0FF007
:10C760000DF84A465346CDE900010EF037FDCDE9FC
:10C7700002010EF001FD9F49C1F890030846D0F870
:10C780009013C0F894130146D1F890030FF0CCFB3E
:10C790009D49088004EB84019A48283000EB810011
:10C7A00004EB8402C1689748283000EB82000161E5
:10C7B00004EB84019348283000EB810004EB8402F1
:10C7C00081689048283000EB8200C16004EB84014E
:10C7D0008C48283000EB810004EB840241688948D2
:10C7E000283000EB8200816004EB8401854828300A
:10C7F00050F8211004EB840200EB820041602846CF
:10C800000FF0B2FB014604EB84027E48283040F86A
:10C8100022101638005D401CC1B27A481230015512
:10C8200077480068B0F5FA7F34D176481230005D61
:10C8300002282FD10021734812300155002627E02D
:10C8400004EB84036F4A283202EB830252F826106D
:10C8500004EB84036B4A283202EB830210690FF069
:10C86000EBFC80460FF044FB071E01DB394600E07D
:10C870007942644850F82400814207DD61480F3056
:10C88000005D401CC1B25F480F300155701CC6B23C
:10C89000032ED5DB574890F87F0301280BD165485C
:10C8A000007840B901206349087042F21070EFF738
:10C8B00051F9614A03C26048EFF75AF950B15D4837
:10C8C0000078012806D100205A4908700021494803
:10C8D00080F87F13281E01DB014600E04142494AEF
:10C8E00052F82420914207DB46480C30005D401C82
:10C8F000C1B244480C30015500BFB8E610B54F48EE
:10C900000078012804D03B4890F87100062804D133
:10C9100002210020FFF77BF910BD00210846FEF739
:10C920008EFBA8B14648B0F90000B0F5F07F08DCF6
:10C930004448EFF71DF900B300210846FFF767F9F7
:10C940001BE04FF4FA70EFF705F93E4A03C214E01A
:10C950003B48B0F90000B0F5487F08DD3948EFF7F3
:10C9600007F950B100210846FFF7E1F905E041F26F
:10C970008830EFF7EFF8334A03C200BFCCE710B5B9
:10C980002E480078012804D01A4890F87100062833
:10C9900004D102210B20FFF73AF910BD00210B2032
:10C9A000FEF74DFBA8B12848B0F90000B0F5F07FC4
:10C9B00008DC2648EFF7DCF8D0B100210B20FFF7A8
:10C9C00026F94BE04FF4FA70EFF7C4F81F4A03C2A0
:10C9D00044E01D48B0F90000B0F53E7F38DD1B484B
:10C9E000EFF7C6F820B100210B20FFF7A0F935E0E2
:10C9F00034E00000404E0020B00A00205205002024
:10CA0000B80A0020B0510020460A00207093002090
:10CA1000CDCCCCCCCCCCEC3F489300209A999999C2
:10CA20009999B93F560E2DB29DEFEF3FFCA9F1D277
:10CA30004D62603FBC0A0020C00A00209600002022
:10CA400068050020C80A00207C050020D00A0020CC
:10CA500041F28830EFF77EF8FC4A03C200BF9CE742
:10CA600010B50024FA4890F87100062804D102217C
:10CA70001720FFF7CCF810BD00245EE004EBC410D3
:10CA8000F34901EBC00090F8730003280FD1F1487F
:10CA90000078401CEF4908700846007800281ADD2D
:10CAA0000020087021461720FFF741F913E02146C6
:10CAB0001720FEF7C4FA70B1E6480078401CE5493B
:10CAC000087008460078322805DD002008702146ED
:10CAD0001720FFF79CF804EBC410DD4901EBC00000
:10CAE00090F87900F8B9DC4800EB84004078012820
:10CAF00005D0D94800EB84004078022818D1D748E7
:10CB000000EB8400407878B9D5480078401CD449BF
:10CB100008700846007830280DDD002008700021DC
:10CB20001E20FFF704F906E00020CD49087002E05E
:10CB30000020CB490870601CC4B2CA480068407A23
:10CB4000A0429BDC00BF96E710B5C74800780128DB
:10CB500004D0BF4890F87100062800D110BDC3482A
:10CB600090F8680020B902211020FFF750F8F5E78F
:10CB7000BF480088B0F5806F14DABE480088B0F571
:10CB8000906F0FDDBC480078401CBB490870084618
:10CB90000078322828DD0020087000211020FFF7DF
:10CBA000C6F821E0B2480088B0F5806F04DCB148D7
:10CBB0000088B0F5806F17DA0020AF490870AF48E1
:10CBC0000078401CAD49087000211020FEF737FAAC
:10CBD00050B1AA480078322806DD0020A749087025
:10CBE00000211020FFF713F800BFB7E710B50021B0
:10CBF0000220FEF724FA20B900210320FEF71FFAD5
:10CC000068B101219E48ECF7DEFF40B99D480078ED
:10CC100028B99D480088401C9B49088002E00020FC
:10CC20009949088098480088962806DD0020964992
:10CC3000088020219548ECF7E2FF10BD0246002055
:10CC40008A4202DD531A98B201E08B1A98B27047FB
:10CC500070B504460D4683480068416920460FF0D0
:10CC6000AFFA02D27F4800684469002120460FF0E5
:10CC7000A7F900D20024052D17D2DFE805F003063E
:10CC80000D1013007248046110E020460FF04CF9BB
:10CC90007F4981F84A0009E06D48846006E06C48ED
:10CCA000C46003E06A48446000E000BF00BF70BD9C
:10CCB0002DE9F04704460E461546764F4FF0000822
:10CCC000634890F8E0030A2817D0614890F8E00321
:10CCD00098B15F4890F8DA03C0F3400068B15C484F
:10CCE00090F8DA0310F0010F07D15F4800780128AF
:10CCF00003D069480078012802D10020BDE8F08700
:10CD00005348408F0A2190FBF1F06449C88650488F
:10CD1000808F0A2190FBF1F0604908874C48C08F52
:10CD20000A2190FBF1F05D4948870B465A8F198F15
:10CD3000D88EFEF748F90A2190FBF1F948460FF02A
:10CD400013F9064628460FF027F9824621460FF0D0
:10CD500068FA814631460EF067FF8046414620461C
:10CD60000FF02EFA01D2404600E0204680464146B0
:10CD700038460FF025F901D2384600E04046074614
:10CD8000474938460FF01CF903D200204549086096
:10CD90003BE0454938460FF013F904D24FF082408A
:10CDA0004049086031E0414938460FF009F903D2A3
:10CDB0003D483C49086028E04FF0834138460FF079
:10CDC000FFF803D23948374908601EE03849384631
:10CDD0000FF0F6F804D24FF083403249086014E0B7
:10CDE000344938460FF0ECF803D231482D49086039
:10CDF0000BE0284938460FF0E3F803D22D482949C3
:10CE0000086002E023482749086016480068416925
:10CE1000244800680FF0D4F904D212480068406931
:10CE2000204908601F480168234800680FF02CF86B
:10CE300046D042F21070EEF78DFE204A03C2194828
:10CE400000681D490860002058E70000D00A002053
:10CE5000404E0020D80A0020940C00208C0C0020AA
:10CE6000D90A002078000020960000200448002005
:10CE70003405002014050020DA0A0020DB0A002017
:10CE8000000801404B080020DC0A0020000C014093
:10CE9000704800200000F04197000020305700202B
:10CEA0000000C040E80A002000002041000050417E
:10CEB0000000A0410000C841EC0A0020E00A002068
:10CEC0000020FEF70CF938B14FF4FA60EEF742FE9D
:10CED000FE4A03C2002011E7FD4890F87A000128BD
:10CEE00009D1FA48EEF744FE50B10321F948006831
:10CEF000FFF7AEFE04E00321F6480068FFF7A8FE46
:10CF00000120FBE62DE9F04704460D464FF084462C
:10CF10000027F1480078012802D10020BDE8F08701
:10CF2000EB4890F8E0030A2801D10020F6E7E84931
:10CF3000B1F8D4030FF030F8814629460FF07CF9A0
:10CF4000804621460EF070FE0746E149B1F8D40351
:10CF50000FF022F8804639460FF032F901D23846F8
:10CF600004E0DB49B1F8D4030FF016F80746394660
:10CF700030460FF025F801D2304600E0384606462C
:10CF8000D64930460FF01CF803D20020D44908607F
:10CF90003DE0D44930460FF013F804D24FF0824000
:10CFA000CF49086033E0D04930460FF009F803D28A
:10CFB000CC48CB4908602AE04FF0834130460EF060
:10CFC000FFFF03D2C848C649086020E0C749304681
:10CFD0000EF0F6FF04D24FF08340C149086016E01E
:10CFE000C34930460EF0ECFF03D2C048BC4908608C
:10CFF0000DE04FF0844130460EF0E2FF03D2BC4812
:10D00000B749086003E04FF08440B5490860B44870
:10D010000168B84800680EF037FF0BD042F210707C
:10D02000EEF798FDB44A03C2AD480068B149086004
:10D03000002073E70020FEF752F838B14FF4FA6091
:10D04000EEF788FDAC4A03C2002067E7A04890F8DD
:10D050007A00012809D1A848EEF78AFD50B10321D2
:10D060009F480068FFF7F4FD04E003219C48006836
:10D07000FFF7EEFD012051E72DE9F04F89B006469C
:10D080000D469E49B1F8EA000EF086FF81469B49A5
:10D09000B1F8EA000EF080FF83464FF0000A00244A
:10D0A0009748EEF765FD38B10020EEF753FD944A3E
:10D0B000303AC2E90C0103E0002009B0BDE8F08F6E
:10D0C00085480078012801D10020F6E78D48EEF769
:10D0D0004FFD002875D041F28830EEF73BFD894ABC
:10D0E00003C20020FDF7FBFF002869D15E2D20DB85
:10D0F000002418E0022C0CD1834800680821084362
:10D100008149086008464068082108437E49486014
:10D1100007E07D4850F82400082108437A4941F887
:10D120002400601CC4B279480068407AA042E1DC67
:10D1300024E0592D22DA00241BE0022C0ED1724883
:10D1400000686FF0080108406F49086008464068B1
:10D150006FF0080108406C49486008E06A4850F8E0
:10D1600024006FF008010840674941F82400601C62
:10D17000C4B266480068407AA042DEDC552E21DB4E
:10D18000002418E0022C0CD15F48006801210843FC
:10D190005D49086008464068012108435A494860D3
:10D1A00007E0594850F8240001210843564941F846
:10D1B0002400601CC4B255480068407AA042E1DCFB
:10D1C00023E07CE1502E20DA002419E0022C0CD15F
:10D1D0004D480068211F08404B49086008464068D8
:10D1E000211F08404849486008E0474850F824009B
:10D1F0006FF001010840444941F82400601CC4B2AA
:10D2000042480068407AA042E0DC314890F87A0059
:10D21000012804D12E4890F87100012804D1484615
:10D220000EF082FE80B248E7552E01DA5E2D4BDB10
:10D23000552E2DDB364800680EF0CAFC354A364BB9
:10D24000CDE902010EF0CEFB344A354BCDE90401A5
:10D250000EF078F807460022324B0DF0BFFFCDE903
:10D2600006010DF089FF82462F4950460EF0E4FF7B
:10D270004FF07E5107900EF0D7FE07462B4991F8EC
:10D280004A000EF089FE804639460EF0D5FF8146F1
:10D290005E2D75DB28460EF00AFA074688462448BC
:10D2A00000680EF095FC234A234BCDE900010EF0F7
:10D2B00099FB224A224BCDE902010EF043F83A468F
:10D2C0004346CDE904013DE064E00000E00A0020AF
:10D2D000404E0020E80A0020960000200000C040D8
:10D2E000F80A002000002041000050410000A04149
:10D2F0000000C841FC0A0020F00A0020C8480020B5
:10D30000A0570020000B002084000020780000209F
:10D310004004002090A364324F00EA3F85C08F3F55
:10D320005893913F004055400000AA4270480020A9
:10D33000440400209DE14F523501E53FBC8D0AF2C7
:10D340006CBC8F3F0DF04AFFCDE906010DF014FFD4
:10D35000824628460EF008FE514606900EF061FF08
:10D3600080464FF07E510EF05FFE0746FE4991F871
:10D370004A000EF011FE394607900EF05DFF83461D
:10D38000594648460EF01CFE01D2484600E0584679
:10D39000814605E0F44991F84A000EF0FDFD814612
:10D3A000F24890F87100032801D0002085E64FF084
:10D3B000824148460EF004FE09D9ED49B1F8EA0071
:10D3C0000EF0EAFD074649460EF0FAFD17D84FF079
:10D3D000824148460EF0F4FD01D84FF08249E249FF
:10D3E00091F84A000EF0D8FD074649460EF0E8FDD8
:10D3F00005D8DD4991F84A000EF0CEFD81460221A4
:10D400004846FFF725FC48460EF072FDB0462F4611
:10D410000790E81705EB5070C010F11706EB51713B
:10D42000C910CDE90010D3A240F69D01DD48079B4D
:10D43000EFF7A7FFCD498868DB490EF0C1FE10D891
:10D44000CA4890F8730002280BD100BFC74890F873
:10D450007100C64981F870000321C44880F871103A
:10D4600000BFC2488168D14800680EF00DFD21D090
:10D470000021CE4800680EF007FD08D0BB4988683F
:10D4800000210EF001FD02D10020F8F7EEFAB749B5
:10D49000886800210EF0F8FC08D00021C34800681D
:10D4A0000EF0F2FC02D10020F8F7DFFAAF488068F6
:10D4B000BE49086048460EF037FD80B2FDE548469B
:10D4C0000EF032FD80B2F8E52DE9F047B84800785B
:10D4D00008B9BDE8F087B7480068807F022811D1FD
:10D4E00040F6E210B449A1F8460040F6C410A1F895
:10D4F000480040F61600A1F84A0040F63400A1F8B2
:10D500004C0027E0AB480068807F012811D14FF420
:10D510002560A949A1F8460040F6E210A1F84800AC
:10D520004FF46170A1F84A004FF47A70A1F84C00F2
:10D5300010E040F6C820A049A1F8460040F65A2065
:10D54000A1F848004FF4E660A1F84A0040F29E704E
:10D55000A1F84C000020964908709748B0F84600A2
:10D5600040010A21B0FBF1F0944908809248B0F8DC
:10D57000480040010A21B0FBF1F0904948808E48F4
:10D58000B0F84A0040010A21B0FBF1F08B498880D5
:10D590008948B0F84C0040010A21B0FBF1F08749FE
:10D5A000C8807348B0F8EA0014281BDD7049B1F850
:10D5B000EA000EF093F80746814A824B0EF0DEF83F
:10D5C00005460DF0D9FD81467F490EF02DFD04463C
:10D5D0000EF0AAFC0004C00A0A21B0FBF1F0774962
:10D5E000088113E06249B1F8EA10881C0EF0BCFC17
:10D5F000054675490EF018FD04460EF095FC000432
:10D60000C00A0A21B0FBF1F06C4908816A48B0F801
:10D61000520064214843B0FBF1F0684988816648B4
:10D62000B0F8540064214843B0FBF1F06349C8816D
:10D630006148B0F8560064214843B0FBF1F05F49FF
:10D6400008825D48B0F8580064214843B0FBF1F00F
:10D650005A4948825848B0F85A0042F2107148437B
:10D660004FF47A71B0FBF1F05449888200BF30E783
:10D67000014601EBC1103D4A02EBC00090F84C039B
:10D6800010F0010F01D0012070470020FCE738B5F1
:10D6900004460D4647480068407AA04201DC00205D
:10D6A00038BD2046FFF7E4FFA84201D10020F7E78C
:10D6B000012D0CD14548EEF75BFA30B14FF47A708A
:10D6C000EEF748FA414A03C201E00020E8E785B9D5
:10D6D0004FF47A70EEF73EFA3C4A03C204EBC410F2
:10D6E000224901EBC00090F8FC03012801D1002081
:10D6F000D6E71E48B0F85803012812D1012D10D1E9
:10D7000004EBC410194901EBC00090F84C0340F041
:10D71000010004EBC411154A02EBC10181F84C036E
:10D720000FE004EBC410114901EBC00090F84C036A
:10D7300020F0010004EBC4110C4A02EBC10181F896
:10D740004C0304EBC410094901EBC00090F84C03F2
:10D7500020F0020004EBC411044A02EBC10181F87D
:10D760004C0323461AA241E070480020404E00209E
:10D77000C84800205B73757065725D2070776D28F6
:10D7800041293D25642C54696E70757428A1E629E1
:10D790003D25642C5472656C617928A1E6293D25EC
:10D7A000640A000092DA02080000C040080B002062
:10D7B0008C00002078000020684C0020F44C0020F1
:10D7C0009A9999999999F13F00002041100B0020F6
:10D7D0005B7375705D206F70742072656C61795B2E
:10D7E00025645D2D2D2564200A0000004FF413618F
:10D7F000F7480095EFF7C5FD012004EBC411F54A89
:10D8000002EBC10181F84D0300BF49E72DE9F04F5C
:10D8100089B082460AEBCA10EE4901EBC00090F8CD
:10D820007300022828D10AEBCA1001EBC000B0F83F
:10D830005803012820D10AEBCA1001EBC00090F870
:10D840007A00012818D141F27070EEF783F9E24AAC
:10D8500003C241F28830EEF77DF9E04A03C20120AD
:10D860000AEBCA11DB4A02EBC10181F8FC0301217A
:10D870005046FFF70CFF51E00AEBCA10D54901EB07
:10D88000C00090F87300022803D10020FDF727FCA8
:10D89000C0B100200AEBCA11CE4A02EBC10181F8E7
:10D8A000FC0300215046FFF7F2FE41F27070EEF7E4
:10D8B00051F9C94A03C241F28830EEF74BF9C74A21
:10D8C00003C22BE00AEBCA10C24901EBC00090F87A
:10D8D0007300022822D10AEBCA1001EBC000B0F895
:10D8E0005803D8B9BC48EEF743F9B8B141F27070AB
:10D8F000EEF730F9B84A03C241F28830EEF72AF960
:10D90000B64A03C200200AEBCA11B24A02EBC101B7
:10D9100081F8FC0300215046FFF7B9FEB04810F92A
:10D920000A000AEBCA11AB4A02EBC10191F8FC13E1
:10D9300088427DD0AB480088B0F5FA6F08DDA94871
:10D94000008800EB80004000A74991FBF0F000E068
:10D95000C820A6490880A6480068007F022871D127
:10D96000084600880DF0BAFE06460F469D4800881E
:10D97000642190FBF1FB58460DF099FE4FF06632A2
:10D980009C4BCDE900010DF0F9FE804632463B4646
:10D990000DF0F4FE0022984BCDE902010DF0D2FC0F
:10D9A00004460D46914800880DF098FE22462B460D
:10D9B000CDE904010EF022F8CDE906010DF04AFE92
:10D9C0008E490880894800880DF088FE04460D467F
:10D9D00084480088642190FBF1FB58460DF067FEF7
:10D9E0000646874A874B0DF0C9FE22462B46CDE9F5
:10D9F00000010DF0C3FE00227F4BCDE902010DF0C6
:10DA0000A1FC804689467948008800EBD0710890D7
:10DA100048100DF04CFE42464B46CDE904010DF096
:10DA2000EDFFCDE906010DF015FE7749088001E014
:10DA3000C7E007E06D480088062190FBF1F07349CC
:10DA400008806BE0694800880DF048FECDE90001D0
:10DA500064480088642190FBF1FB58460DF027FED6
:10DA600080464FF033326A4B0DF088FE0646DDE902
:10DA700000230DF083FE044600225F4B0DF062FC94
:10DA8000CDE90401594800880DF028FECDE90201D6
:10DA9000DDE904230DF0B2FFCDE906010DF0DAFD5A
:10DAA00056490880514800880DF018FE04460D467E
:10DAB0004C480088642190FBF1FB58460DF0F7FDBF
:10DAC00080464FF03332534B0DF058FE0646224647
:10DAD0002B460DF053FE0022474BCDE900010DF01F
:10DAE00031FCCDE904014148008800EBD071089079
:10DAF00048100DF0DCFDCDE90201DDE904230DF055
:10DB00007DFFCDE906010DF0A5FD3F4908803748AE
:10DB10000088062190FBF1F03C4908800AEBCA100E
:10DB20002C4901EBC00090F8FC0340B22C4901F8ED
:10DB30000A0000200AEBCA11264A02EBC101A1F833
:10DB40004E030AEBCA1102EBC10181F850030AEB44
:10DB5000CA10114601EBC00090F8730048B10021D3
:10DB60000A20FDF76CFA20B900210720FDF767FABB
:10DB700080B101200AEBCA11164A02EBC10181F8FB
:10DB800050032148008809380AEBCA1102EBC10191
:10DB9000A1F84E0300210720FDF751FA88B10020BB
:10DBA0000AEBCA110B4A02EBC101A1F84E03012096
:10DBB0000AEBCA1102EBC10181F85003B4201249EB
:10DBC000088009B0BDE8F08F10B5002400BF75E1F2
:10DBD0009EDA0208404E0020180B0020200B002087
:10DBE000280B00202C08002080969800A20C002012
:10DBF000780000206666204000408F409C0C00208A
:10DC00009A9999999999F93F9E0C0020A00C0020AF
:10DC100033331940333303400020FFF7F7FD04EBA3
:10DC2000C410FE4901EBC00090F84C0310F0020F45
:10DC30005DD1084690F8500368B104EBC41001EBC5
:10DC4000C000B0F84E03401C04EBC411F34A02EBD1
:10DC5000C101A1F84E0304EBC410F04901EBC00070
:10DC600090F84C0310F0010F78D0002CE0D104EBB9
:10DC7000C41001EBC000B0F84E13E94800880D381D
:10DC8000814234DD04EBC410E44901EBC000B0F87C
:10DC90004E13E3480088001F814228DAE1480068FB
:10DCA000007F022824D104EBC410DC4901EBC00042
:10DCB00090F84C0340F0020004EBC411D74A02EB89
:10DCC000C10181F84C030121D748EBF796FF4FF4CF
:10DCD0000041D648EBF791FF0020D04981F850036E
:10DCE00004EBC411CD4A02EBC101A1F84E03A2E03E
:10DCF0000121CD48EBF781FF4FF40041CB48EBF712
:10DD00007CFF04EBC410C54901EBC000B0F84E1312
:10DD1000C3480088573081421EDD0020BF4981F88A
:10DD2000500304EBC411BD4A02EBC101A1F84E033C
:10DD300004EBC410114601EBC00090F84C0340F016
:10DD4000020004EBC41102EBC10181F84C034FF453
:10DD50000041B648EBF753FF6DE0FFE7002C6AD1B6
:10DD6000AE4890F88103032804DAAC4890F87E03AB
:10DD7000032824DB04EBC410A84901EBC00090F891
:10DD80004C0340F0020004EBC411A44A02EBC101B1
:10DD900081F84C030121A448EBF731FF4FF4004117
:10DDA000A248EBF72CFF002004EBC4119B4A02EBC6
:10DDB000C101A1F84E03114681F850033BE004EB8A
:10DDC000C410964901EBC000B0F84E139848008883
:10DDD0000A3881422FDD04EBC410904901EBC000EA
:10DDE000B0F84E1392480088001F814223DA04EBFA
:10DDF000C4108A4901EBC00090F84C0340F00200C7
:10DE000004EBC411854A02EBC10181F84C030121E6
:10DE10008548EBF7F4FE4FF400418448EBF7EFFE42
:10DE2000002004EBC4117D4A02EBC101A1F84E03AE
:10DE3000114681F850037B480068007F02281DD1FD
:10DE400081037A48EBF7BFFEB0B37A480088401CE4
:10DE50007849088008460088B0F5077F2CDD084621
:10DE6000008840F22621884226DA4FF400416F48AC
:10DE7000EBF7C5FE00206F4908801DE04FF400411C
:10DE80006A48EBF7A0FEB8B16A480088401C6949AF
:10DE9000088008460088B0F5347F0DDD084600880C
:10DEA00040F2DA21884207DA4FF400415F48EBF78D
:10DEB000A6FE00205F490880601CC4B25948006873
:10DEC000407AA0423FF7A8AE10BD2DE9F0470446C6
:10DED0000D4604EBC410514901EBC000C0F8545387
:10DEE000554928460DF0D0FF1FD0002128460EF0DE
:10DEF00067F809D3514991F84A000EF04DF8804671
:10DF000029460EF05DF805D24C4991F84A000EF012
:10DF100043F805464A4928460EF052F805D200213A
:10DF200028460EF04DF900D200253E480068407AA0
:10DF3000A04202DC0020BDE8F0870CB9414F00E0B0
:10DF4000414F002128460DF09FFF01D100260EE031
:10DF50003E4928460EF068F881463D490EF064F8C7
:10DF600080460DF0E1FF42F6E061081A86B23146C4
:10DF70003848B847002128460EF022F908D201217E
:10DF800004EBC410254A02EBC000A0F8581307E0C8
:10DF9000002104EBC410214A02EBC000A0F8581382
:10DFA0000120C8E72DE9F84F0024A14624B92A48EA
:10DFB00000881FFA80F903E0274800881FFA80F9DB
:10DFC00018480068007F022801D14FF000091B4962
:10DFD00091F84A000DF0E0FF0546124800684169DB
:10DFE00028460EF0EDF804D3144890F84A000628AD
:10DFF00007DA0C49096848690DF096FF0F4981F866
:10E000004A00B9F1030F05DDB9F10E0F3EDBB9F19E
:10E01000180F3BDA2020114922E00000404E00207A
:10E020009C0C00207800002000080140000C0140FA
:10E030009E0C00202A0B002000004842704800205F
:10E040000000C040E5AF0008E9AF00089A88883CAE
:10E0500000803B4600080040AC0700208C0C0020EC
:10E0600001EB840148704FF0844AB9F1030F52DC90
:10E07000FA49096848690DF057FFF94901EB840135
:10E080004870F6480068D0F814A044E0B9F11E0FBB
:10E090000ADBB9F1330F07DA1420F14901EB8401EF
:10E0A0004870DFF8C0A336E0B9F1330F0ADBB9F1ED
:10E0B0004B0F07DA0D20EA4901EB84014870DFF8C5
:10E0C000A8A328E0B9F1070F17DDB9F10D0F14DA95
:10E0D000E2480068007A032807D11020E04901EBEC
:10E0E000840148704FF0834A15E02020DC4901EBA1
:10E0F000840148704FF0844A0DE00020D84901EBBC
:10E10000840148708246002104EBC410D74A02EB18
:10E11000C00080F87910D24800EB84004078D049E4
:10E1200011F82410884270D0CD4800EB840040885C
:10E13000401CCB4901EB84014880C94800EB8400B6
:10E140004088B0F57A7F7DDB0020C54901EB840172
:10E15000488000215046FEF77BFDB9F1060F08DA32
:10E16000012104EBC410C14A02EBC00080F8791011
:10E1700007E0002104EBC410BC4A02EBC00080F8A9
:10E18000791004EBC411B94A02EBC1010869B8491E
:10E190000DF016FF0BD3B14A1268516904EBC4129B
:10E1A000B24B03EBC20210690EF00AF805D2AB497C
:10E1B000096848690021FEF74BFD04EBC411AB4A26
:10E1C00002EBC1010869A7490DF0FAFF1ED204EB6A
:10E1D000C411A64A02EBC1010869A6490DF092FDDF
:10E1E000074604EBC410A14A02EBC000016938469F
:10E1F0000DF01AFD06469F490DF016FF05460DF07D
:10E2000093FE9D49A1F84E001BE081E004EBC41190
:10E21000964A02EBC10108690DF0DAFC07460022BC
:10E220004FF080430CF0DAFF05460CF0A5FF834663
:10E2300090490DF0F9FE00900DF076FE8E49A1F8A0
:10E240004E0000E069E08D48B0F8EA0014281BDDBC
:10E250008A49B1F8EA000DF041FA0746884A894B2D
:10E260000DF08CFA05460CF087FF834681490DF0CE
:10E27000DBFE00900DF058FE0004C00A0A21B0FB3E
:10E28000F1F08149088113E07C49B1F8EA10881C5B
:10E290000DF06AFE064677490DF0C6FE05460DF004
:10E2A00043FE0004C00A0A21B0FBF1F07649088160
:10E2B0006B4800EB84004078694901F8240000BFF6
:10E2C00004EBC410694901EBC00090F8751004EB31
:10E2D000C410664A02EBC00080F8741004EBC4114D
:10E2E00002EBC10108690DF01FFEC1B204EBC410BE
:10E2F0005E4A02EBC00080F8751000BF584800EB82
:10E300008400407848B121461E20FDF780FC04E0DF
:10E310000020534901EB84014880BDE8F88F10B517
:10E320004FF400515948EBF74EFC012803D100206F
:10E330005749487002E001205549487055484078D7
:10E3400048B95548407830B95348C07818B90021C9
:10E350001D20FDF75CFC4E4840784D490978884205
:10E360003DD04B484088401C494948800846408879
:10E37000642837DB0020488008464078087008464B
:10E38000407808B945A000E046A0034647A240F601
:10E39000A2214A48EEF7F5FF3D484178334880F81E
:10E3A0005E1390F85E0301281CD13A484078022899
:10E3B00018D10020FCF793FEA0B92C4890F8750006
:10E3C00080B1344840783349087000BF274890F83E
:10E3D000731080F87210022180F8731002E00020A0
:10E3E0002B49488010BDF8B504460E461546022C50
:10E3F00000DBF8BD334632A240F6BB213848009519
:10E40000EEF7BFFF44BBD6B965B980213548EBF7BD
:10E41000F6FB002004EBC411144A02EBC10181F8A1
:10E420005C036DE080212F48EBF7E7FB012004EB54
:10E43000C4110E4A02EBC10181F85C0360E065B9CA
:10E4400040212848EBF7DBFB002104EBC410074A0E
:10E4500002EBC00080F85D1352E045E07800002038
:10E460008C0C00200000A04100005041404E0020D4
:10E470000000C04000002041684C0020C848002037
:10E480009A9999999999F13FF44C0020000C014018
:10E49000840C0020940C0020704D0020756E6C6F71
:10E4A000636B00006C6F636B000000005B73757042
:10E4B0005D2066622D25730A00000000A8DA0208BC
:10E4C0005B7375705D6C6F636B207377583A207364
:10E4D00065742070696E5B25645D2D3E25640A00BD
:10E4E000B3DA0208000801404021FE48EBF785FB43
:10E4F000012104EBC410FC4A02EBC00080F85D135C
:10E5000000BF76E710B5F84890F87300F749087037
:10E51000F54890F87100062800D110BD0020FCF7E6
:10E52000DEFD00B1F9E7F04890F87900012802D14A
:10E53000EF490870F1E7EC4890F87100062800D127
:10E54000EBE7EC48407900B9E7E7EA481030EDF72F
:10E550000FFB012800D0E0E7E4480078E64909789D
:10E5600088420FD0E448007840B9E048007828B1EC
:10E570000120E04988710020C8710872DB480078EA
:10E58000DD49087000BFC8E710B5DA488079012876
:10E5900076D1D848C0790028FAD1D34890F87900CC
:10E5A0000028F5D1D348007A30B1012813D00228D1
:10E5B0003ED003287ED164E0012200210846FFF707
:10E5C00012FF4FF4FA70EDF7C5FACC4A03C20120EE
:10E5D000C849087277E0C948EDF7CAFA38B3C248AB
:10E5E00090F85E03012814D1012211460020FFF7A4
:10E5F000FAFE0120BE490870BE49C871002088712A
:10E60000BF4908700620BB490872BEA0EEF7B8FDEE
:10E610000DE0002211461046FFF7E5FE40F6B83047
:10E62000EDF798FAB54A03C20220B24908724AE0EF
:10E63000B3480078032817DAB048EDF799FAF0B13B
:10E64000012200210846FFF7CEFE4FF4FA70EDF7E5
:10E6500081FAAA4A03C20120A6490872A848007894
:10E66000401CA74908700AE00120EDF773FAA34A9D
:10E6700003C203209F4908720020A149087022E0CC
:10E6800022E09E48EDF774FAC0B100209949087263
:10E69000002201211046FFF7A6FE00211D20FDF7F4
:10E6A00046FB00209249087001209249C871002061
:10E6B000887100E003E098A0EEF762FD03E000201F
:10E6C0008C49087200BF00BF10BD10B589480079A1
:10E6D00001287CD1844890F879000028F9D1944829
:10E6E0000078052874D2DFE800F003123A5D82005A
:10E6F000012200210846FFF776FE4FF4FA70EDF78D
:10E7000029FA8C4A03C201208949087087E08948A8
:10E71000EDF72EFA012821D1734890F85E03012805
:10E720000ED1012211460020FFF75DFE4FF4FA7072
:10E73000EDF710FA7F4A03C203207D4908700DE00F
:10E74000002211461046FFF74EFE40F6B830EDF7B6
:10E7500001FA784A03C20220754908705FE07648E2
:10E760000078032817DA7348EDF702FAC8B10122DE
:10E7700000210846FFF737FE4FF4FA70EDF7EAF98B
:10E780006C4A03C201206A4908706B480078401C3B
:10E790006949087005E00420654908700020664951
:10E7A00008703CE06348EDF7E3F901281ED1002230
:10E7B00011461046FFF717FE002201211046FFF711
:10E7C00012FE00204B4908710120487101E027E04A
:10E7D00024E040F6B830EDF7BDF9464AC2E904013D
:10E7E00000201146C87055A0EEF7CAFC17E00020C3
:10E7F000404908710120487140F6B830EDF7AAF998
:10E800003C4AC2E9040101201146C87000211D20C4
:10E81000FDF78DFA52A0EEF7B3FC00E000BF00BF99
:10E8200010BD10B5304890F87100062800D110BD19
:10E830002D4890F8730000B1F9E72E48407900B9EF
:10E84000F5E72C481030EDF793F9012800D0EEE7FA
:10E8500028480078012843D1234890F879000028FF
:10E860003ED14448007830B101280DD0022824D090
:10E87000032836D184E001203E4908706420EDF77A
:10E8800069F93D4A03C29AE03B48EDF771F9012866
:10E8900012D1002211461046FFF7A5FD01221146B4
:10E8A0000020FFF7A0FD0220324908704FF4FA70F3
:10E8B000EDF750F9304A03C281E02F48EDF758F9DF
:10E8C00001285CD1002201211046FFF78CFD0320B6
:10E8D0002849087041F28830EDF73CF9264A4DE0AE
:10E8E0006EE06BE000080140404E00202C0B002041
:10E8F00049080020704D00202D0B0020300B002017
:10E90000380B00204368617267655F4C6F636B472B
:10E91000756E5F4F4B0A00004368617267655F4C1C
:10E920006F636B47756E5F4661696C0A000000009B
:10E93000390B0020400B0020480B00205B73656CF6
:10E94000664C6F636B67756E5D73656C664C6F6369
:10E950006B67756E5F66696E6973680A0000000018
:10E9600073656C664C6F636B67756E5F6661696C2F
:10E970000A0000004A080020500B002003C21EE0DD
:10E98000F848EDF7F5F8012817D1F749087002208B
:10E99000EDF7E0F8F34A03C2F448407A401CF3492B
:10E9A00048720846407A032807DB002008700120DF
:10E9B000487002211D20FDF7BAF900E000BF00BF3A
:10E9C00000BF34E770B50024002500BFD5E21CB9B4
:10E9D000E748008885B202E0E648008885B2B5F5D0
:10E9E000A87F05DB0020E44901EB8401487019E0B1
:10E9F000B5F5A87F07DAF62D05DB0120DE4901EB2E
:10EA0000840148700EE0F02D07DA802D05DB02202E
:10EA1000D94901EB8401487004E00320D64901EB99
:10EA200084014870D44800EB84004078002841D12C
:10EA300000210846FFF749FAD0480078401CCF492A
:10EA400008700020CE490870CC480078642848DB64
:10EA50000020CA49087000211E20FDF7D8F804EBF9
:10EA6000C410C84901EBC00090F85E0301280CD126
:10EA7000BE48407A48B9BD484079012805D1BB4815
:10EA8000807810B90120B949087004EBC410BD4961
:10EA900001EBC00090F85E0318BB084690F85D03D8
:10EAA000F8B90020B14908704872AF490870AF4901
:10EAB000487016E0B04800EB8400407888B1002030
:10EAC000AE490870AE4801780078401CAC4A10701E
:10EAD000282906DB002011460870A4490870A249C5
:10EAE0000870A248807838B1A0481830EDF740F897
:10EAF00010B100209D4988709F4800EB8400407849
:10EB00009D4911F8241088427DD09B4800EB840079
:10EB10004088401C984901EB84014880964800EBEE
:10EB20008400408819286FDB0020934901EB8401A1
:10EB30004880914800EB84004078002865D101208E
:10EB4000914908754FF4FA60EDF704F88E4A03C254
:10EB500000208D4948828D4901F824000021894810
:10EB600080F85E1300208149C8710120887040F64A
:10EB7000B830ECF7EFFF7D4AC2E906010020844976
:10EB800001F82400834981F8FC007B4800EB8400F5
:10EB90004078794901F8240004EBC410794901EB6D
:10EBA000C00090F87A00012815D1002081F87A0081
:10EBB000012081F8EE03084690F8260318B90221D7
:10EBC000704880F82613032004EBC4116D4A02EB51
:10EBD000C10181F861032046FCF781FA10BB04EB08
:10EBE000C410684901EBC00090F87100062823D0DA
:10EBF00000BF04EBC41001EBC00090F8710004EBFF
:10EC0000C411604A02E05CE1B1E159E002EBC101EC
:10EC100081F87000022104EBC41002EBC00080F800
:10EC2000711009E000BF022004EBC411554A02EB49
:10EC3000C10181F8700000BFF3F7E2FB002211462A
:10EC40002046FFF7D0FB002201212046FFF7CBFB37
:10EC500000BF04EBC4104B4901EBC00090F87310E7
:10EC600004EBC410474A02EBC00080F87210002188
:10EC700004EBC41002EBC00080F8731000BF04EB7B
:10EC8000C410114601EBC00090F87200012807D0B3
:10EC900004EBC41001EBC00090F87200022801D10F
:10ECA000FCF740F960213C480BF0CFFF2046F7F716
:10ECB0001BFE3AA24FF445613C48EEF762FB5AE175
:10ECC0002D4800EB8400407801287AD104EBC41071
:10ECD0002C4901EBC00090F875000028EFD02648C1
:10ECE00000EB84004078244901F8240004EBC410B0
:10ECF000244901EBC00090F87A00012811D104EBFF
:10ED0000C41001EBC00090F87100032808D1042161
:10ED100004EBC4101B4A02EBC00080F8711000E045
:10ED200000BF00BF04EBC410164901EBC00090F80F
:10ED3000731004EBC410134A02EBC00080F8721089
:10ED4000012104EBC41002EBC00080F8731000BF77
:10ED50002046F7F7C9FD16A240F666411348EEF7C4
:10ED600010FB08E1500B00204A080020704D0020E5
:10ED70008407002098070020940C0020580B0020E6
:10ED8000590B0020404E002070930020840C00207E
:10ED90008C0C0020E9460020104D00205B7375703C
:10EDA0005D206370203132760A000000C5DA020867
:10EDB0005B7375705D2063702039760A0000000077
:10EDC000FFE7FE4800EB84004078022854D104EBB2
:10EDD000C410FB4901EBC00090F875000028C0D0BA
:10EDE000F64800EB84004078F44901F8240000BFA5
:10EDF00004EBC410F24901EBC00090F8731004EB6F
:10EE0000C410EF4A02EBC00080F87210022104EB3C
:10EE1000C41002EBC00080F8731000BF04EBC410F4
:10EE2000114601EBC00090F87A0001281AD1204663
:10EE3000FCF755F9B0B900BF04EBC410E04901EB91
:10EE4000C00090F8710004EBC411DD4A02EBC1016F
:10EE500081F87000032104EBC41002EBC00080F8BD
:10EE6000711000BF2046F7F73FFDD6A240F675416E
:10EE7000D848EEF786FA7EE0D04800EB8400407870
:10EE8000CE4901F8240000BF04EBC410CC4901EBCB
:10EE9000C00090F8731004EBC410C94A02EBC00024
:10EEA00080F87210032104EBC41002EBC00080F85C
:10EEB000731000BFC8A240F67B41C648EEF761FA66
:10EEC00059E00020BD4901EB8401488004EBC410E7
:10EED000BB4901EBC00090F87A00012848D104EB4F
:10EEE000C41001EBC00090F8730038B104EBC410FB
:10EEF00001EBC00090F8F20301283CD1BA48008829
:10EF0000401CB949088008460088642833DB00208B
:10EF100004EBC411AA4A02EBC10181F8F2030320F9
:10EF200004EBC41102EBC10181F861030120114619
:10EF300081F8EE03D1F83403F1F7F0FA0020AA4982
:10EF4000088003209E49A1F8EC030846D0F8480346
:10EF500030B9A6A1A848F1F7ECFA9949C1F84803DD
:10EF60009749D1F848034FF47A71F1F7C4FA02E0F7
:10EF700000209D490880601CC4B2A0480068407A07
:10EF8000A0423FF724AD70BD70B5064606EBC61033
:10EF90008B4901EBC004202104F18D000BF033FEFE
:10EFA0001022974904F18D000BF0AEFD01218C2059
:10EFB000015594F8ED0020F00F0184F8ED1094F85D
:10EFC000ED0000F00F01C4F8ED108820216B015115
:10EFD000216BC4F82C118B48816A84200151EFF712
:10EFE000C5FE0546287884F87C0069787D200155A7
:10EFF000A9787E200155E9787F2001552979802064
:10F00000015569798120015570BD70B5002400203B
:10F01000F9F745FA00285DD004EBC410684901EB0C
:10F02000C00090F871000628F5D0774800780128D4
:10F03000F1D004EBC41001EBC00090F87300E0BB0A
:10F040002046FCF74CF8C0BB04EBC4105C4901EB54
:10F05000C00090F87100032807D004EBC41001EB46
:10F06000C00090F87100042834D100206549C978A7
:10F0700001EBC111524A02EBC10181F87A0000BFD5
:10F0800004EBC410114601EBC00090F8710004EBD2
:10F09000C41102EBC10181F87000022104EBC4101D
:10F0A00002EBC00080F8711000BF03205549C978F9
:10F0B00001EBC11102EBC10100E00CE081F861033A
:10F0C00004EBC41102EBC10101F17C004FF42B7180
:10F0D0000BF0BBFD1CE104EBC410394901EBC0008F
:10F0E00090F87300012867D148480078012863D15F
:10F0F0002046FBF7F4FF0028ECD145488078012832
:10F1000000D170BD3F48C07800EBC0102C4901EB26
:10F11000C00090F87A000128DCD038480068807F71
:10F12000012807D10020FFF72FFF01220021084608
:10F13000F7F7BBFE01203349C97801EBC111204A22
:10F1400002EBC10181F87A002D490A3991F84A0091
:10F150000CF022FF05460421FDF77AFD00BF04EB09
:10F16000C410174901EBC00090F8710004EBC41102
:10F17000134A02EBC10181F87000042104EBC410B2
:10F1800002EBC00080F8711000BFF3F729F90120ED
:10F190001C49C97801EBC111094A02EBC10181F890
:10F1A00061030020F7F79BFF194AB2F8CA10154A0D
:10F1B000D078F7F769FBABE02CE00000940C00205E
:10F1C000404E00205B7375705D2063702036760AB8
:10F1D00000000000C5DA02085B7375705D20637083
:10F1E000204552520A0000005A0B002044656C6111
:10F1F000793033546D720000D55B0108780000202F
:10F200007A4800205056002096000020490800202F
:10F21000C848002004EBC410F84901EBC00090F886
:10F220007300022874D12046FBF759FF00286FD1E4
:10F23000F348007801286BD1F2488078012800D18A
:10F240005FE704EBC410ED4901EBC00090F87100DA
:10F25000032840D0EC48C07800EBC01001EBC000A0
:10F2600090F87A00012836D0E8480068807F0128AD
:10F2700007D10020FFF788FE012200210846F7F79A
:10F2800014FE0120E049C97801EBC111DB4A02EB11
:10F29000C10181F87A00DE4991F84A000CF07CFE49
:10F2A00005460421FDF7D4FCF3F79AF80120D6496E
:10F2B000C97801EBC111D14A02EBC10181F86103A8
:10F2C0000020F7F70CFFCF4AB2F8CA10CE4AD07828
:10F2D000F7F7DAFA1CE0C9494868CE490CF070FF2C
:10F2E00016D800BF04EBC410C44901EBC00090F86D
:10F2F000710004EBC411C14A02EBC10181F8700036
:10F30000032104EBC41002EBC00080F8711000BFB1
:10F3100000BFF6E610B500210E20FBF790FE28B1E5
:10F320000120BD490870BD490870D8E000211020B7
:10F33000FBF785FE30B10220B74908700120B749BC
:10F340000870CCE000211720FBF779FE30B10320D4
:10F35000B14908700120B1490870C0E000210720C0
:10F36000FBF76DFE70B900210D20FBF768FE48B970
:10F3700000211F20FBF763FE20B900210A20FBF7C4
:10F380005EFE30B10420A44908700120A349087032
:10F39000A5E000210B20FBF752FE30B101209E4971
:10F3A000087002209D49087099E000210846FBF78B
:10F3B00046FE28B1022098490870984908708EE0EE
:10F3C00000210320FBF73BFE30B103209249087077
:10F3D00002209249087082E000210220FBF72FFEF4
:10F3E00030B104208C49087002208C49087076E006
:10F3F00000210420FBF723FE30B10120864908706C
:10F400000320864908706AE000210520FBF717FEFB
:10F4100030B10220804908700320804908705EE006
:10F4200000210620FBF70BFE28B103207A49087063
:10F430007A49087053E000211120FBF700FE30B13B
:10F4400004207549087003207449087047E00021C2
:10F450001620FBF7F4FD30B101206F49087004203D
:10F460006E4908703BE000211320FBF7E8FD30B146
:10F470000220694908700420684908702FE00021C3
:10F480001D20FBF7DCFD30B1032063490870042028
:10F490006249087023E000211520FBF7D0FD28B158
:10F4A00004205D4908705D49087018E000211420AF
:10F4B000FBF7C5FD30B105205749087001205749B9
:10F4C00008700CE000211220FBF7B9FD30B10520D7
:10F4D0005149087002205149087000E010BD00BF7A
:10F4E000FCE710B5FFF716FF4D4890F842000728DB
:10F4F00073D2DFE800F07204294EFDFCFB004FF4EC
:10F5000080714848EAF779FB4FF480514648EAF7A2
:10F5100076FB43484830ECF72BFB012813D101035D
:10F520004148EAF76AFB4FF480713E48EAF765FB11
:10F5300002203B4981F8420040F2DC50ECF70AFB24
:10F54000374AC2E912011BE24FF480513648EAF70C
:10F5500056FB4FF480713348EAF751FB304848308E
:10F56000ECF706FB012813D101032F48EAF745FB0E
:10F570004FF480712B48EAF740FB0320284981F8BB
:10F5800042004FF4FA70ECF7E5FA254AC2E912019D
:10F59000F6E123484830ECF7EBFA012872D1234812
:10F5A0000078234908702348007820B1012857D0FB
:10F5B000022854D177E001201C4908701E48D0E988
:10F5C0000030002211469A1A884107DA4FF4FA7087
:10F5D000ECF7C0FA184A03C241E0D0E11648ECF754
:10F5E000C7FA01283BD1154800780B4909788842B1
:10F5F00026DA01200F49087028E00000404E002064
:10F6000049080020C84800205056002078000020FB
:10F61000704800200000C040420A0020430A002039
:10F620007057002000080140000C0140600B0020D2
:10F630005E0B00205C0B0020680B0020440A0020B9
:10F640000220FD4908700020FC4908704FF0FF308F
:10F65000FB4A106050600146FA4A116051605EE05A
:10F660000020F9490870F648D0E900300022114620
:10F670009A1A884107DA4FF4FA70ECF76BFAF04AFD
:10F6800003C20FE06FE0EE48ECF772FA012809D1EF
:10F690000020E9490870411EEC4A11605160E94AB6
:10F6A000116051603BE00020E9490870E548D0E96D
:10F6B000002000210B46511A984106DA4FF4FA70E7
:10F6C000ECF748FADF4A03C228E0DE48ECF750FACC
:10F6D000012823D10020D8490870401EDB4A106061
:10F6E00050600146D64A1160516002E022E160E0BC
:10F6F0003AE04FF48051D748EAF77FFA4FF480712F
:10F70000D548EAF77AFA0420D44981F8420040F259
:10F71000DC50ECF71FFAD14AC2E9120100BF00BF6A
:10F72000C9480078CE49097888421CD0C64800787C
:10F7300001280ED10102C848EAF75FFA4FF4805160
:10F74000C448EAF75CFABD480078401CBB49087021
:10F7500004E04FF48051BF48EAF74FFA4FF480714C
:10F76000BD48EAF74AFA0BE14FF48051B948EAF78D
:10F7700046FA4FF48071B848EAF741FAB748483082
:10F78000ECF7F6F9012813D10103B248EAF735FA8C
:10F790004FF48071B048EAF730FA0520AF4981F89C
:10F7A00042004FF4FA70ECF7D5F9AC4AC2E9120105
:10F7B000E6E0AA484830ECF7DBF901287ED1A448FE
:10F7C0000078A8490870A848007820B1012832D0F4
:10F7D00002282FD150E001209D490870A348D0E9AC
:10F7E00000100023C91A984106DA4FF4FA70ECF7BA
:10F7F000B1F99E4A03C21DE09C48ECF7B9F9012813
:10F8000018D19B4800789B490978884203DA012087
:10F810009549087005E0022093490870002094493A
:10F8200008704FF0FF30944A106050600146934AD0
:10F830001160516059E00020854908708E48D0E978
:10F8400000100023C91A984106DA4FF4FA70ECF759
:10F8500081F9894A03C20EE08748ECF789F901284B
:10F8600009D1002080490870401E804A1060506015
:10F87000824A1060506038E00020754908707F4867
:10F88000D0E900100023C91A984106DA4FF4FA7043
:10F89000ECF760F9794A03C226E07848ECF768F99A
:10F8A000012821D1002070490870401E6F4A106065
:10F8B00050600146704A1160516000E039E04FF439
:10F8C00080516448EAF799F94FF480716248EAF789
:10F8D00094F90620614981F8420040F2DC50ECF7CF
:10F8E00039F95E4AC2E9120100BF00BF58480078EA
:10F8F0005C49097888421CD05548007801280ED10F
:10F9000001025548EAF779F94FF480515148EAF776
:10F9100076F957480078401C5549087004E04FF4C8
:10F9200080514C48EAF769F94FF480714A48EAF788
:10F9300064F925E04FF480514648EAF760F94FF446
:10F9400080714548EAF75BF944484830ECF710F914
:10F95000012813D101033F48EAF74FF94FF48071B2
:10F960003D48EAF74AF901203C4981F8420040F657
:10F97000AC50ECF7EFF8394AC2E9120100E000BFE1
:10F9800000BF10BD10B53E48ECF7F2F8012851D188
:10F990003C48C07800EBC0103B4901EBC00090F838
:10F9A000FA03012814D1394801780078401C374AFD
:10F9B000107005290FDD00203249C97801EBC11113
:10F9C000314A02EBC10181F8FA033049087002E0C4
:10F9D00000202E4908702E490978491CC9B22C4ACA
:10F9E0001170084601EBD0714910A0EB4101117074
:10F9F0001046007878B14FF480511648EAF7FFF8C6
:10FA00004FF480711448EAF7FAF86420ECF7A2F892
:10FA10001B4A03C20EE04FF480510E48EAF7EDF89E
:10FA20004FF480710C48EAF7E8F86420ECF792F89C
:10FA3000134A03C210BD00005C0B0020440A0020E2
:10FA4000780B0020880B0020600B0020680B002042
:10FA5000610B0020000C014000080140705700209D
:10FA60005E0B00205F0B00205D0B0020700B002060
:10FA7000450A0020430A0020800B0020900B002044
:10FA8000980B002050560020404E0020A10B002073
:10FA9000A00B002070B5F1F7F9FF044604EBC41089
:10FAA000F84901EBC00504EBC41001EBC00090F86D
:10FAB0007100F5490978884223D00020F34A10608C
:10FAC0005060F3490870F3490870F3490870F3492E
:10FAD0000870F3490870F34908700120F24981F871
:10FAE000420040F6B830ECF735F8EF4AC2E91201AF
:10FAF00004EBC410E34901EBC00090F87100E24947
:10FB000008707120405D072878D2DFE800F077FDAB
:10FB100078FCFBFA0400DD48ECF72AF801286CD1E8
:10FB2000DB490978491CC9B2D94A1170084601EB72
:10FB3000D0714910A0EB41011170D6480078D8B9B6
:10FB40001046007850B14FF48051D848EAF755F884
:10FB50004FF48071D648EAF752F848E04FF48051EC
:10FB6000D248EAF74AF84FF48071D148EAF745F8ED
:10FB70000120C84908703AE0C648007801281BD126
:10FB8000C348007850B14FF48051C848EAF737F8BD
:10FB90004FF48071C648EAF732F828E04FF48051FC
:10FBA000C248EAF72AF84FF48071C148EAF725F80D
:10FBB0000220B84908701AE0B548007850B14FF4F7
:10FBC0008071BB48EAF719F84FF48051B748EAF75B
:10FBD00016F80CE04FF48051B448EAF70EF84FF4F1
:10FBE0008071B348EAF709F80020AA4908704FF479
:10FBF0007A70EBF7AFFFA54A03C2B0E1AEE1002196
:10FC00000220FBF743FA48B300210420FBF73EFA39
:10FC100020BB9E48EBF7ACFF012830D19C49097806
:10FC2000491CC9B29A4A1170084601EBD0714910BB
:10FC3000A0EB410111701046007880B14FF4805163
:10FC40009A48E9F7DCFF4FF480719948E9F7D7FF4C
:10FC50004FF4FA60EBF77EFF8C4A03C20FE04FF4DB
:10FC600080519248E9F7C9FF4FF480719048E9F755
:10FC7000C4FF4FF4FA60EBF76DFF844A03C28D486E
:10FC8000C07800EBC0107F4901EBC00090F8FA0388
:10FC9000012802D1FFF776FE70BD8648C07800EBE0
:10FCA000C010784901EBC00090F87300002870D1B3
:10FCB0008049C97801EBC111724A02EBC10181F898
:10FCC000FA0300210420FBF7E1F9D8B36F48EBF702
:10FCD0004FFF012824D16E490978491CC9B26C4AEA
:10FCE0001170084601EBD0714910A0EB4101117071
:10FCF00010460078A8B14FF480516C48E9F77FFFB7
:10FD000003E0D9E0F4E00CE1EFE04FF480716848E3
:10FD1000E9F775FF4FF4FA70EBF71CFF5B4A03C27B
:10FD2000AFE04FF480516148E9F767FF4FF480710D
:10FD30005F48E9F762FF4FF4FA70EBF70BFF534AA5
:10FD400003C29EE0FFE75148EBF712FF0128E7D11D
:10FD50004F490978491CC9B24D4A1170084601EB58
:10FD6000D0714910A0EB410111701046007888B1A4
:10FD70004FF480514D48E9F740FF4FF480714C48F3
:10FD8000E9F73DFF4FF47A70EBF7E4FE3F4A03C218
:10FD900077E010E04FF480514448E9F72EFF4FF42C
:10FDA00080714348E9F729FF4FF47A60EBF7D2FE00
:10FDB000364A03C265E03548EBF7DAFE012860D128
:10FDC0003C48C07800EBC0102E4901EBC00090F811
:10FDD000FA03012802D1FFF7D5FD5DE72C49097828
:10FDE000491CC9B22A4A1170084601EBD07149106A
:10FDF000A0EB410111701046007808B34FF4805118
:10FE00002A48E9F7FCFE4FF480712948E9F7F7FE2C
:10FE10002848C07800EBC0101A4901EBC00090F8E8
:10FE2000FA03012805D16420EBF794FE174A03C2B8
:10FE300027E04FF47A70EBF78DFE144A03C220E0FE
:10FE40004FF480511948E9F7D8FE4FF480711848F3
:10FE5000E9F7D3FE1748C07800EBC010094901EB61
:10FE6000C00090F8FA03012805D16420EBF772FE78
:10FE7000064A03C205E04FF47A70EBF76BFE034AC3
:10FE800003C26CE0404E0020B20B0020A80B002003
:10FE9000B00B0020B10B0020420A0020430A0020D2
:10FEA000440A0020450A002070570020000C014041
:10FEB0000008014050560020F648C07800EBC01002
:10FEC000F54901EBC00090F8FA03012802D1FFF7D1
:10FED00059FD09E04FF48051F048E9F790FE4FF4E6
:10FEE0008071EF48E9F78BFE39E0FFF7FAFA36E068
:10FEF000E848C07800EBC010E74901EBC00090F87B
:10FF0000FA03012802D1FFF73DFD09E04FF48051CB
:10FF1000E248E9F772FE4FF48071E148E9F76FFEBD
:10FF20001DE0DC48C07800EBC010DB4901EBC000ED
:10FF300090F8FA03012802D1FFF724FD0DE0D6481E
:10FF4000B0F8580348B94FF48051D448E9F757FE48
:10FF50004FF48071D248E9F752FE00E000BF00BFC5
:10FF600000BF99E610B5FFF7D5F9CE4890F84200EA
:10FF7000072873D2DFE800F07204294EFDFCFB0075
:10FF80004FF48071C648E9F73AFE4FF48051C348F8
:10FF9000E9F733FEC3484830EBF7EAFD012813D1F7
:10FFA0000103BE48E9F72BFE4FF48071BC48E9F726
:10FFB00026FE0220BB4981F8420040F2DC50EBF7FC
:10FFC000C9FDB84AC2E9120121E24FF48051B34899
:10FFD000E9F713FE4FF48071B148E9F70EFEB1481E
:10FFE0004830EBF7C5FD012813D10103AB48E9F711
:10FFF00006FE4FF48071AA48E9F701FE0320A949E3
:020000040802F0
:1000000081F842004FF4FA70EBF7A4FDA54AC2E96B
:100010001201FCE1A3484830EBF7AAFD012871D199
:10002000A1480078A1490870A148007820B10128B2
:1000300034D0022831D153E001209B4908709D48FB
:10004000D0E90030002211469A1A884107DA4FF4AD
:10005000FA70EBF77FFD974A03C21EE0D6E19548A0
:10006000EBF786FD012818D1934800789349097869
:10007000884203DA01208E49087005E002208C498D
:10008000087000208C4908704FF0FF308C4A1060D7
:10009000506001468B4A116051605AE0002082494D
:1000A00008708748D0E90030002211469A1A88412A
:1000B00006DA4FF4FA70EBF74DFD814A03C20EE009
:1000C0007F48EBF755FD012809D1002078490870D9
:1000D000411E784A116051607A4A1160516038E0DF
:1000E0000020794908707748D0E9002000210B46AC
:1000F000511A984107DA4FF4FA70EBF72BFD714A69
:1001000003C225E04DE06F48EBF732FD01281FD117
:10011000002067490870401E664A10605060014622
:10012000674A116051604FF480515C48E9F767FD00
:100130004FF480715A48E9F762FD0420594981F86B
:10014000420040F2DC50EBF705FD564AC2E91201CD
:1001500000BF00BF5448007854490978884220D035
:1001600051480078012812D101024D4802E028E1EF
:100170003DE017E0E9F743FD4FF480514748E9F7C8
:100180003CFD4D480078401C4B49087004E04FF49A
:1001900080514248E9F733FD4FF480714048E9F758
:1001A0002EFD34E14FF480513C48E9F726FD4FF431
:1001B00080713B48E9F721FD3A484830EBF7D8FC1D
:1001C000012813D101033548E9F719FD4FF4807177
:1001D0003348E9F714FD0520324981F842004FF415
:1001E000FA70EBF7B7FC2F4AC2E912010FE12D4874
:1001F0004830EBF7BDFC012876D13348007833490D
:1002000008703348007820B1012832D002282FD15D
:100210007BE001202C4908702E48D0E90010002313
:10022000C91A984106DA4FF4FA70EBF793FC294AA1
:1002300003C21DE02748EBF79BFC012818D1264894
:10024000007826490978884203DA0120204908709D
:1002500005E002201E49087000201F4908704FF079
:10026000FF301F4A1060506001461E4A1160516005
:1002700082E00020144908701948D0E900100023DA
:10028000C91A984131DA4FF4FA70EBF763FC144A5B
:1002900003C239E050560020404E0020000C0140BF
:1002A0000008014070570020B80B0020B60B00205A
:1002B000B40B0020C00B0020440A0020420A00209A
:1002C000D00B0020E00B0020B90B0020B70B002062
:1002D000B50B0020C80B0020450A0020430A00206F
:1002E000D80B0020E80B00206AE0F648EBF740FC52
:1002F000012809D10020F4490870401EF34A10601B
:100300005060F34A1060506036E00020F1490870F8
:10031000EF48D0E900100023C91A984106DA4FF4DB
:10032000FA70EBF717FCEA4A03C224E0E848EBF75F
:100330001FFC01281FD10020E3490870401EE34A3A
:10034000106050600146DF4A116051604FF48051E7
:10035000E148E9F754FC4FF48071E048E9F74FFCBD
:100360000620DF4981F8420040F2DC50EBF7F2FB57
:10037000DB4AC2E9120100BF00BFD6480078D94964
:10038000097888421CD0D348007801280ED1010298
:10039000D248E9F732FC4FF48051CF48E9F72DFC01
:1003A000D1480078401CD049087004E04FF48051D7
:1003B000C948E9F724FC4FF48071C848E9F71FFCED
:1003C00025E04FF48051C448E9F717FC4FF48071E1
:1003D000C248E9F712FCC2484830EBF7C9FB0128D4
:1003E00013D10103BC48E9F70AFC4FF48071BB4804
:1003F000E9F705FC0120BA4981F8420040F6AC500B
:10040000EBF7A8FBB64AC2E9120100E000BF00BF4B
:1004100010BD10B5B548EBF7ABFB012851D1B4487E
:10042000C07800EBC010B34901EBC00090F8FA03AC
:10043000012814D1B04801780078401CAE4A1070F1
:1004400005290FDD0020AA49C97801EBC111A94A8D
:1004500002EBC10181F8FA03A749087002E000200D
:10046000A5490870A5490978491CC9B2A34A117069
:10047000084601EBD0714910A0EB41011170104604
:10048000007878B14FF480519348E9F7B6FB4FF408
:1004900080719248E9F7B1FB6420EBF75BFB934A6C
:1004A00003C20EE04FF480518B48E9F7A8FB4FF4EC
:1004B00080718A48E9F7A3FB6420EBF74BFB8B4A7A
:1004C00003C210BD70B5F1F7E1FA044604EBC410A5
:1004D000884901EBC0058A480078FF2802DB00202C
:1004E0008749087004EBC410824901EBC00090F802
:1004F000710084490978884224D00021824A116021
:10050000516000207E490870804908708049087059
:10051000804908708049087073490870012070494B
:1005200081F8420040F6B830EBF714FB6C4AC2E9A0
:10053000120104EBC4106F4901EBC00090F8710088
:10054000704908707120405D072878D2DFE800F01C
:1005500077E978E8E7E604006B48EBF709FB012848
:100560006CD167490978491CC9B2654A11700846BF
:1005700001EBD0714910A0EB410111706348007884
:10058000D8B91046007850B14FF480515248E9F77D
:1005900036FB4FF480715148E9F72FFB48E04FF4E8
:1005A00080514D48E9F72BFB4FF480714B48E9F738
:1005B00026FB0120554908703AE05448007801288C
:1005C0001BD14F48007850B14FF480514248E9F7B1
:1005D00014FB4FF480714148E9F70FFB28E04FF41A
:1005E00080513D48E9F70BFB4FF480713B48E9F738
:1005F00006FB0220454908701AE04148007850B1D6
:100600004FF480713548E9F7FAFA4FF480513248D7
:10061000E9F7F3FA0CE04FF480512F48E9F7EFFACD
:100620004FF480712D48E9F7EAFA00203749087045
:100630004FF47A70EBF78EFA334A03C2CEE1CCE185
:1006400000210220FAF722FDD8B300210420FAF796
:100650001DFDB0BB2C48EBF78BFA01281FD12849B0
:100660000978491CC9B2264A1170084601EBD071BD
:100670004910A0EB410111701046007880B14FF491
:1006800080511548E9F7B9FA4FF480711348E9F73A
:10069000B4FA4FF4FA60EBF75DFA1B4A03C234E197
:1006A0004FF480510C48E9F7AAFA4FF480710B48D7
:1006B000E9F7A5FA4FF4FA60EBF74CFA124A03C2D5
:1006C00023E12FE0D80B0020B50B0020C80B002041
:1006D000E80B0020B90B0020000C0140000801408D
:1006E00070570020B70B0020450A0020F00B0020B7
:1006F00050560020404E0020F90B0020F80B00203F
:10070000080C00200A0C0020000C0020090C00201E
:10071000420A0020430A0020440A0020F6E011E1CA
:100720003EE10CE1FE48C07800EBC010FD4901EB52
:10073000C00090F8730000286FD1F948C07800EB32
:10074000C01001EBC00090F8FA03012802D1FFF7B6
:1007500060FE70BD00210420FAF798FCB0B3F248A7
:10076000EBF706FA01289AD1F0490978491CC9B279
:10077000EE4A1170084601EBD0714910A0EB41011F
:1007800011701046007880B14FF48051E848E9F7C5
:1007900034FA4FF48071E748E9F72FFA4FF4FA7012
:1007A000EBF7D8F9E04A03C2AFE04FF48051E048DC
:1007B000E9F725FA4FF48071DE48E9F720FA4FF4A3
:1007C000FA70EBF7C7F9D84A03C29EE0FFE7D648B4
:1007D000EBF7CEF901281FD1D4490978491CC9B2D9
:1007E000D24A1170084601EBD0714910A0EB4101CB
:1007F00011701046007888B14FF48051CC48E9F769
:10080000FEF94FF48071CB48E9F7F7F94FF47A70AD
:10081000EBF7A0F9C44A03C277E010E04FF480512F
:10082000C348E9F7ECF94FF48071C248E9F7E7F9FA
:100830004FF47A60EBF78EF9BB4A03C265E0BA4821
:10084000EBF796F9012860D1B548C07800EBC010ED
:10085000B44901EBC00090F8FA03012802D1FFF778
:10086000D8FD76E7B1490978491CC9B2AF4A117081
:10087000084601EBD0714910A0EB41011170104600
:10088000007808B34FF48051A948E9F7B6F94FF45E
:100890008071A848E9F7B1F9A148C07800EBC01011
:1008A000A04901EBC00090F8FA03012805D16420AB
:1008B000EBF750F99C4A03C227E04FF47A70EBF74C
:1008C00049F9994A03C220E04FF480519848E9F76A
:1008D00096F94FF480719748E9F791F99048C078FC
:1008E00000EBC0108F4901EBC00090F8FA0301281B
:1008F00005D16420EBF72EF98B4A03C205E04FF4D3
:100900007A70EBF727F9884A03C267E08448C07819
:1009100000EBC010834901EBC00090F8FA030128F6
:1009200002D1FFF776FD09E04FF480518048E9F7E6
:1009300064F94FF480717F48E9F75FF94EE0FFF703
:1009400011FB4BE07648C07800EBC010754901EB15
:10095000C00090F8FA03012802D1FFF75AFDF8E62B
:100960006F48C07800EBC0106E4901EBC00090F8F2
:100970007700042809D181026D48E9F73EF94FF468
:1009800080716C48E9F739F909E04FF48051684803
:10099000E9F735F94FF480716648E9F72EF91DE063
:1009A0005F48C07800EBC0105E4901EBC00090F8D2
:1009B000FA03012802D1FFF72CFD0DE05948B0F8E9
:1009C000580348B94FF480515948E9F716F94FF4E4
:1009D00080715848E9F711F900E000BF00BF00BF7F
:1009E000B7E6014654480068407A884201DC00209E
:1009F000704701EBC1104B4A02EBC00090F8730046
:100A0000022809D101EBC11002EBC00090F871007F
:100A1000022801D10120EBE70020E9E72DE9F84F9A
:100A200006F09AFA83460024EEF7A0F9824604EB1A
:100A3000C4103C4901EBC0094049098801EB810120
:100A40004800C11700EBD16149113D4A11843D496D
:100A5000098801EB81014800C11700EBD161491100
:100A600051843949098801EB81014800C11700EB25
:100A7000D161491191843549098801EB8101480010
:100A8000C11700EBD1614911D1843149098801EBCB
:100A900081014800C11700EBD161491111852D4931
:100AA000098801EB81014800C11700EBD1614911B0
:100AB00051851C48B0F84000114688851948B0F8A7
:100AC0004200C8851748B0F8440008861548B0F8B9
:100AD000460048610846008C08801F48408988808D
:100AE0001E4800880BF058FA07461D490BF09CFA87
:100AF00006464FF084410BF005F905460BF014FA59
:100B00000F490881174800880BF046FA0746164936
:100B10000BF08AFA064615490BF0F4F8054627E073
:100B200050560020404E0020000C0020080C0020F1
:100B3000000C01400008014078000020440600201D
:100B40003057002064060020840600209404002012
:100B5000C4060020E406002048930020140500206D
:100B6000000020415405002000007A4400401C464B
:100B70000BF0DAF9FE494881FE4890F8710088814F
:100B8000FC4890F87300C8810846FB490968016178
:100B9000F848D0F82001F6498861F8480088888331
:100BA000F748B0F900000BF0DFF90746F5490BF004
:100BB0003BFA06464FF082410BF0A4F805460BF0D5
:100BC000B3F9EB49C883F048B0F900000BF0CCF959
:100BD0000746EC490BF028FA06464FF084410BF02B
:100BE00091F805460BF0A0F9E1494886E748B0F9CD
:100BF00000000BF0B9F90746E2490BF015FA06467A
:100C00004FF084410BF07EF805460BF08DF9D84982
:100C10008886D84890F87100032824D1DC48006801
:100C2000007A032810D1088C0BF0B6F900900AF076
:100C3000CFFF0746D74AD84B0AF0A0FD05460AF079
:100C400009FDCB49C88003E0C948008CC849C88069
:100C5000C748C08CC649098D0844C549498D084418
:100C6000C349488003E00020C149C8804880002073
:100C700004EB440101EBC401C84A02EBC1018870D6
:100C80009BF8000004EB440101EBC40102EBC1013D
:100C9000C870BF480068407B04EB440101EBC4010D
:100CA00002EBC1010875F4F7AFFE04EB440101EB60
:100CB000C401BA4A02EBC1018875B94890F84A00EC
:100CC00004EB440101EBC40102EBC1014875B548D6
:100CD000B0F8090004EB440101EBC40102EBC101CF
:100CE0000885AB480068C07A04EB440101EBC401FD
:100CF00002EBC10181F82A0004EB440000EBC400C0
:100D0000114601EBC000D9F8701040F80A1FD9F85D
:100D100074104160B9F87810018104EB440000EBD5
:100D2000C400114601EBC000DAF800104160BAF8C7
:100D30000410018104EB440000EBC400114601EBF8
:100D4000C0008D4901EB84010968816104EB440016
:100D500000EBC400114601EBC000934951F8241088
:100D6000C16104EB440000EBC400114601EBC0007C
:100D70008EA206CAC0E9081204EB440000EBC400CE
:100D8000864901EBC0008B4991F83D1080F82B108B
:100D900004EB440101EBC401804A02EBC10101F103
:100DA0002C002C22844909F0AFFE7D48C06C04EB76
:100DB000440101EBC401794A02EBC10108657448A2
:100DC0000068007A04EB440101EBC40102EBC101AD
:100DD00081F85400BDE8F88F70B505460E4600BF97
:100DE0006F48C07D3038642148436D49097E3039F1
:100DF00001EB810100EB41016948407E30380C185D
:100E00006848B0F8EA00062804DB6648B0F8EA0053
:100E1000202826DD284609F00DFE102805D22020C6
:100E20006049A1F8EA00002070BD0D223146284635
:100E300009F01FFE28B120205A49A1F8EA0000203D
:100E4000F2E7B4F5DF7F08D340F2B130844204D832
:100E500014205449A1F8EA0003E020205149A1F8E8
:100E6000EA0000BFE0E77FB5054654A3D3E90121BE
:100E70001868DB68CDE90213CDE9000200BF4848DD
:100E8000C07D3038642148434549097E303901EB43
:100E9000810100EB41014248407E30380C18284661
:100EA00009F0C8FD102802D2002004B070BD0D2248
:100EB0006946284609F0DDFD08B10020F5E7B4F5E4
:100EC000DF7F05D340F2B130844201D80120ECE746
:100ED0000020EAE710B5FAF73DF82D490860002038
:100EE0003A49087048702E48007A29490968C87242
:100EF0002C4890F8DA00264909684873FF224FF41D
:100F00009A71334809F077FE0020314981F83501A4
:100F100081F834010120174981F8F60340F6B83012
:100F2000C1F8E8030221134880F801142948114947
:100F3000486100208861164800684069C86014480C
:100F400000684069886016480A30FFF78CFF012866
:100F500003D114201349A1F8EA001248B0F8EA00BE
:100F6000202804DC0F48B0F8EA00062838DA33E01D
:100F700030570020404E00207C0000202C0800202C
:100F80006805002000002041840700209807002009
:100F90007800002083C0CAA145B6FB3F904D0020D9
:100FA00070480020C848002084000020312E362ED2
:100FB0003636330050560020184C0020534E313046
:100FC000303532343031323435000000940C00209A
:100FD000504500200000C0402020FD49A1F8EA0053
:100FE000FC4890F84A00FA49B1F8EA10884205DD59
:100FF000F74890F8EA00F74981F84A0010BD2DE95A
:10100000F0470446002500260027A846A946AA4620
:1010100042F6AE1540F2C5366289E188E08BF9F7F9
:10102000D2FF0746628BE18A608CF9F7CCFF8046DD
:101030006289E188E08BF9F7DCFF8146628BE18A07
:10104000608CF9F7D6FF8246791B01D40A4600E08E
:101050004A42B2F5FA7F07DCB8EB060001D402463B
:1010600000E04242642A05DDDB49CD834E84002046
:10107000BDE8F087B9EB050101D40A4600E04A4219
:10108000B2F5FA7F07DCBAEB060001D4024600E0B5
:101090004242642A04DDD049CD834E840020E7E734
:1010A0000120E5E710B5CC48FFF7A9FF10B9CBA0A8
:1010B000ECF766F810BD10B5002400BF2AE004EB81
:1010C000C410D04901EBC00090F86103032802D19D
:1010D0000020CD490855CC48005D04EBC411C94A35
:1010E00002EBC10191F86113884211D004EBC410E6
:1010F000114601EBC00090F86103C349085504EBA9
:10110000C41002EBC00090F861132046F4F731FAE6
:10111000601CC4B2BD480068407AA042CFDC10BD5C
:101120002DE9F0410024B74890F87100062805D158
:1011300002210720FAF76BFDBDE8F08102210720AC
:10114000F9F77DFF48B902210D20F9F778FF20B9A2
:1011500002211F20F9F773FFD0B1AA4890F873005D
:10116000B0B9002406E00021A9480155C01E015570
:10117000601CC4B2032CF6DB02210720FAF747FDFE
:1011800002210D20FAF743FD02211F20FAF73FFD4F
:101190009C4890F8730060B39A4890F88103032844
:1011A00004DA984890F87E03032804DB0221072024
:1011B000FAF7BDFD34E0934890F88003032804DA81
:1011C000904890F87D03032804DB02210D20FAF7F4
:1011D000AEFD25E08B4890F87F03032804DA8948A8
:1011E00090F87C0303281BDB02211F20FAF79FFDE8
:1011F00016E0002406E0002185480155C01E015577
:10120000601CC4B2032CF6DB02210720FAF7FFFCB6
:1012100002210D20FAF7FBFC02211F20FAF7F7FC50
:10122000784890F87100032835D17648B0F8580313
:10123000012830D1734890F8730002282BD17148EF
:1012400090F88103032804DA6E4890F87E0303289F
:1012500004DB02210720FAF76AFD1CE0694890F8D8
:101260008003032804DA674890F87D03032804DB31
:1012700002210D20FAF75BFD0DE0624890F87F0334
:10128000032804DA5F4890F87C03032803DB02217B
:101290001F20FAF74CFD5F4801780078401C5D4A3A
:1012A0001070322955DB0020114608704A49088D1C
:1012B0000AF072FE80465348D0F8901340460AF078
:1012C000B0FF07460AF014FE061E01DB304600E0C0
:1012D00070424149C98C00FB01F5E81705EB9050BD
:1012E00080124D49086008460068C82811D34B4851
:1012F00001780078401C494A10700A290CDB002054
:10130000114608704649087002210A20FAF70FFDBD
:1013100002E00020414908703F480068502818D278
:10132000384890F8730088B93D4801780078401C2F
:101330003B4A107003290CDB002011460870374926
:10134000087002210A20FAF762FC02E0002034490A
:10135000087002210720F9F772FE70B902210D20F2
:10136000F9F76DFE48B902211F20F9F768FE20B990
:1013700002210A20F9F763FE28B12A480088401CA0
:101380002849088010E027480088012804DB254808
:101390000088401C2349088022480088B0F5FA7F65
:1013A00002DD00201F49088000BFC5E610B50121FD
:1013B0001D48E8F708FC01283AD11C480068B0F540
:1013C000BE7F35DA19480068401C1849086037E0CC
:1013D000C848002070480020684C00205B6C6F6794
:1013E0005D206C6F61645F72756E5F706172615FCA
:1013F000646566756C7478787878787878782E2E4D
:101400002E0A0000404E00200C0C00207800002026
:10141000BF510020100C00203C0800200E0C0020C2
:101420000F0C0020120C002000080140140C0020BA
:101430000121FD48E8F7C7FB10B90020FB4908600F
:10144000FB4890F87100032843D1F8480068B0F5D4
:10145000B47F3EDDF7480088401CF6490880F64816
:101460008088F6490880F64A128D0B461B88A3EB4C
:101470000200F34A128DF34B1B88991A01D40A46D5
:1014800000E04A42002801DB034600E043429A4262
:1014900003DAEA480088EB490880E6480088B0F59E
:1014A000B47F2ADB0020E3490880E54A128DE54B32
:1014B0001B88991A01D40A4600E04A42E04BDB8CB3
:1014C00002FB03F0C21700EB92529212DE4B1A603D
:1014D00013E00020DD490860DD4908604FF400603A
:1014E000D8490880DB490880DB490880D349088057
:1014F0000020D5490860D949086010BD10B5CC4816
:1015000090F87100062804D100210A20FAF77FFB29
:1015100010BDD3480088FA2844DBC54890F804047D
:1015200003283FD1C24890F8730000283AD0C6483B
:101530000068B0F57A7F0ADDC820EAF70BFBC94ADC
:1015400003C25020EAF706FBC74A03C219E0BE48AF
:101550000068B0F5167F0ADDC820EAF7FBFAC14A39
:1015600003C20120EAF7F6FAC04A03C209E050209C
:10157000EAF7F0FABC4A03C20120EAF7EBFABB4AE9
:1015800003C2B848EAF7F4FA38B9B748EAF7F0FA0C
:1015900018B9B648EAF7ECFA98B100210A20FAF730
:1015A000C6FB0EE0C820EAF7D5FAAE4A03C25020C7
:1015B000EAF7D0FAAC4A03C20120EAF7CBFAAB4A09
:1015C00003C200BFA4E72DE9F047A9480068807B6B
:1015D00008B9BDE8F087964890F8710003287DD1DE
:1015E0009348B0F85A00B0F57A7F77DDA148EAF762
:1015F000BFFA012839D1A0480078012835D19F4988
:1016000088690AF06BF880469D4A9E4B0AF0B6F84E
:1016100006460F468648B0F8660098498969B0EBDF
:10162000010A01D4514601E0CAF1000108460AF05E
:101630003EF8044632463B460AF09EF90CD29248E8
:101640000088401C9049088008460088082806DB6E
:1016500001208E49087002E000208B49088047F283
:101660003050EAF777FA834A03C28948EAF780FAEA
:10167000012852D18048007801284ED17F49086A5C
:101680000AF02CF806467E4A7E4B0AF077F8804630
:1016900089466748C06E7949096AB0EB010A01D4EE
:1016A000514601E0CAF1000108460AF000F804467C
:1016B00042464B460AF060F902D201207549087093
:1016C0006E49086A0AF00AF806460022724B0AF0D0
:1016D00055F8804689465648C06E00E02AE06749C2
:1016E000096AB0EB010A01D4514601E0CAF10001D8
:1016F000084609F0DCFF044642464B460AF03CF936
:1017000003D200211320FAF712FB6448EAF722FA09
:101710005F4A03C20020584908705E4800780128DB
:1017200039D15A480078012835D100211320FAF721
:10173000FEFA30E0002054490880544908705549A9
:1017400008705648EAF706FA514A03C247F2305089
:10175000EAF700FA474A03C2354890F87300B8B96F
:1017600001204549087000211320F9F768FC90B169
:101770004B4801880088401C494A108032290ADD04
:1017800000201146088000211320FAF740FA02E0F9
:1017900000204349088000BF1BE710B5414800788E
:1017A000012804D0224890F87100062804D10021B5
:1017B0001220FAF72CFA10BD1D4890F8DA0310F049
:1017C000010F10D038480088401C3749088008466F
:1017D0000088B0F5967F6DDB002008800021122084
:1017E000FAF7A5FA66E0124890F8DA0310F0010F54
:1017F00060D100202C49088000211220F9F71FFC3D
:1018000088B10B4890F8730068B9284801880088AF
:10181000401C264A108032294CDB002011460880EB
:101820000021122044E045E000080140140C002093
:10183000404E0020640A002048930020580A0020EF
:10184000684C0020520A00205C0A0020480A002050
:101850004C0A0020540A0020560A0020600A00208A
:1018600054050020280C0020180C0020200C00201B
:1018700078000020400C0020480C0020104D002073
:101880009A9999999999C93F320C0020490C0020E6
:10189000380C00204A0C00200000E03FE0930400D8
:1018A000300C0020960000204C0C00204E0C002034
:1018B000FAF7ADF900BF7EE710B5FE4800780128C1
:1018C00004D0FD4890F87100062804D100211420AE
:1018D000FAF79DF910BD00211420F9F7B0FBA8B16B
:1018E000F54890F8DA03C0F3400040B1F348EAF756
:1018F0003FF900B300211420FAF789F91BE04FF4F7
:101900007A70EAF727F9ED4A03C214E0EA4890F842
:10191000DA03C0F3400040B9E848EAF729F950B1CA
:1019200000211420FAF703FA05E042F21070EAF7FA
:1019300011F9E24A03C200BFCCE72DE9F05F0024B1
:10194000A24600BF0027A046A146DA480078012839
:1019500001D1BDE8F09FDA4890F8FC00012800D0E2
:10196000F7E70020F6F79BFD00B1F2E7D24890F8C8
:10197000F903012800D1ECE7EDF7F8F9814699F871
:101980000000122800D1E4E74846EDF7FDF80026F4
:101990000546CB48401CEDF7F7F80746E81B76F103
:1019A000000058DBB5EB0708C648EAF7E1F8002865
:1019B00051D04FF47A70EAF7CDF8C24A03C200243E
:1019C00020E004EB8401BE480C3008440068404528
:1019D00016D8601C00EB8001B9480C300844006840
:1019E00040450DD904EB8401B5480C30084490F80B
:1019F00004A050460AF0D0FA83460421FBF728F9E8
:101A0000601CC4B2AE48C07A401EA042D9DC04EBD0
:101A10008401AB480C3008440068404513D8A848FE
:101A2000D0F8070040450ED904EB8401A4480C30DF
:101A3000084490F804A050460AF0AEFA8346042108
:101A4000FBF706F907E09E48D0F80700404502D2B0
:101A50000020F5F744FB00BF7BE770B500250126A9
:101A600099480078401C9849087008460078312849
:101A700020DD002008709548D0F8E000D0B1EDF7E7
:101A800075F90446E0784FF4616148432179C1EB70
:101A9000011100EB8100617945188C48D0F8E00015
:101AA000B5FBF0F100FB115626B9012601210020FB
:101AB000F4F7BCFC70BD10B500BF8448B0F8E4007A
:101AC000322100FB01F47C4890F87700022812D103
:101AD0007F480068401C7E49086008460068A042B4
:101AE00015D3002008600120734981F8F503002018
:101AF000F3F7BBFF0BE00020754908606E4890F8D3
:101B00007700062803D000206B4981F8F50310BD4B
:101B100010B5694890F87100062808D002211020FD
:101B2000F9F78DFA18B96B480078012806D1F9F752
:101B300007FA02210E20FAF76AF810BD5E4890F805
:101B40007100032808D1F9F7FBF940F6B830EAF73D
:101B500001F8614AC2E904015F48007A012822D1F4
:101B6000F9F7F3F940F6B830E9F7F4FF5A4AC2E959
:101B70000601514890F8730010B1F9F7E1F90BE054
:101B800055481030E9F7F4FF012805D1F9F7D8F9E5
:101B900002210E20FAF7CBF84F480068B0F57A7FA3
:101BA00001D9F9F7CDF902210E20F9F748FA0028FA
:101BB00059D04A4A128891B2484AD28990B2FBF76A
:101BC0003DF847490880454AD28891B2434A9289F4
:101BD00090B2FBF733F84349088008460088424931
:101BE00008804048008841490880334890F87300D5
:101BF000C8BBF9F7A5F940F6B830E9F7ABFF364AAC
:101C0000C2E90401F9F7A1F940F6B830E9F7A2FFFB
:101C1000314AC2E90601334800881E2815DD3248E2
:101C200000881E2811DD314800881E280DDD2C4853
:101C300000881E2809DD2E480088302805DD2D4843
:101C40000078401C2B49087002E0002029490870E8
:101C500028480078322806DD002026490870022135
:101C60000E20F9F7D4FF00BF67E710B5124890F8CF
:101C70007100062808D002211020F9F7E0F918B900
:101C800014480078012800D110BD1348007A0128BB
:101C900066D1124AD28891B2104A928990B2FAF76C
:101CA000CDFF10490880084600880F4908800D487C
:101CB000008821E096000020404E0020500C0020BB
:101CC000E9460020580C0020600C0020C848002085
:101CD000640C002048080020204500204893002084
:101CE0004608002040080020420800204408002048
:101CF00024060020680C0020FE490880FE4A128855
:101D000091B2FD4AD28990B2FAF798FFFB49088058
:101D1000FB480088B0F5A07F08DAFA480088A028C0
:101D20001FDBF8480088B0F5F07F1ADCF64890F821
:101D30007300A8B90121F548E7F745FF80B9F448D9
:101D400000881E282FDBF34800881E282BDBE9487B
:101D500000881E2827DBF0480068401CEE49086018
:101D600021E00121E948E7F72EFFE0B9E8480088C3
:101D70001E2818DBE74800881E2814DBDD48008891
:101D80001E2810DBE5480068007B38B9DB48008876
:101D90001E2803DAE2480088302804DBDE480068A9
:101DA000401CDD49086000BF6EE7D74890F871001D
:101DB000062807D1DB4800686FF010010840D949B8
:101DC00008607047D04890F8DA03C0F34000A8B923
:101DD000D5480088401CD449088008460088B0F5E2
:101DE000FA7F07DD00200880CE48006810210843F4
:101DF000CC4908600020CD4908801AE0C24890F81C
:101E0000DA03C0F34000A0B1C8480088401CC749AD
:101E1000088008460088322808DD00200880C14874
:101E200000686FF010010840BE4908600020BE49FC
:101E3000088000BFC5E710B5B34890F871000628C8
:101E400004D0B14890F87100052800D110BDAE480B
:101E500090F8FD03012816D1AB4890F87A0090B9AC
:101E60000020F9F73CF970B900BFA74890F871005D
:101E7000A54981F870000521A34880F8711000BFC2
:101E80000020F3F7F2FD00BFE0E710B586B01421A3
:101E900001A808F0DAFE00249B4800690190A449DB
:101EA00091F84A000AF078F8029097488068039009
:101EB0009548C0680490944840680590052101A8A1
:101EC000EBF7ABF8019C904890F8730060B10020EC
:101ED000F9F705F940B98C4890F87A00012803D148
:101EE00021460020FBF7F1FF874890F87A0018B1EF
:101EF0000020F9F7F4F818B100210846FBF7E5FFD8
:101F0000814890F87A0001281AD17F4890F8730030
:101F1000022815D17C48B0F85803012810D17A481E
:101F200090F8710003280BD000BF774890F871003B
:101F3000754981F870000321734880F8711000BF63
:101F400006B010BD10B5704890F87100062800D199
:101F500010BDECF790F901280CD176480078401CB0
:101F60007449087008460078042802DD00200870D3
:101F700004E0EDE700206F490870E9E7624890F857
:101F8000020420B9F6F706FE00206A49087000BF77
:101F9000DEE710B568490888C11700EBD1614B2214
:101FA000B2EB611F03DA00206449086004E0634873
:101FB0000068401C61490860604800682D2812D9FB
:101FC0000B21514880F826135D48007858B901204C
:101FD0005B4908704C4890F87A00012803D103212E
:101FE0000020E9F7EAFC10BD474890F8710000B9FD
:101FF0007047454890F8030480B952480068401C77
:102000005049086008460068B0F5FA7F09DD0020F5
:10201000086001213C4880F8031402E0002049498F
:10202000086000BFE4E72DE9F047374890F87100F9
:10203000062808D13B4800686FF020010840394964
:102040000860BDE8F0874048008809F0A5FF3F49D7
:1020500008603F49088909F09FFF04463B48016832
:10206000204609F0ADFF04D3274890F871000328FB
:1020700007D02C4800686FF020010840294908600B
:10208000DFE73248006809F0A3FD06460022314B25
:1020900009F058F9044609F06FF82C490860244902
:1020A00091F84A0009F01AFB804600222A4B09F0F9
:1020B00095F804460D462548006809F089FD064656
:1020C00022462B4609F058FC4DD824480088401C75
:1020D0002249088008460088B0F5FA7F07DD002015
:1020E000088010480068202108430E49086000203D
:1020F0001B4937E044080020489300204608002090
:1021000014050020E4050020404E00200008014096
:1021100040080020420800202045002078000020D0
:1021200024060020840000206C0C00206A0C002093
:10213000704800206E0C0020D4040020700C002099
:10214000740C0020780C002094040020800C0020E7
:10215000F44C0020000040400000E03F7E0C0020D6
:102160007C0C0020087000210520F8F78FFF50B389
:10217000A84991F84A0009F0B1FA06460022A64B98
:1021800009F03CFC04460D46A448006809F020FD17
:10219000804622462B4609F0B5FA14D8A0480078AC
:1021A000401C9F49087008460078192808DD002067
:1021B00008709C4800686FF0200108409949086049
:1021C00000209949088000BF3BE708B510219148DD
:1021D0002A3008F018FD95490968486808F02AFC7B
:1021E0000546924800682A4641688A482A3008F025
:1021F0008BFC01208E490870FBF766F900208D49A1
:1022000081F8D80300F02AFD8A4890F8DA0320F01C
:102210000200801C874981F8DA034FF47A70A1F834
:10222000D40300218348A0F8DE13834890F8E80027
:102230008049A1F8D403002081F8FE03084690F8F5
:10224000E00318B9012081F8600303E00020794918
:1022500081F86003DCE04FF6FF70E9F75BFB0446B2
:10226000ECF705F80020F6F71AF918B1FCF74AF96F
:10227000FCF78AF90020022204EA02010040002350
:1022800059405840014307D0F8F71FF9FEF748FFBF
:10229000FFF7E3FBFFF70FFC0020012204EA020135
:1022A00000400023594058400143D3D0F7F7E3FDE5
:1022B0005E480068807F012803D0FAF745FCFAF7F2
:1022C0008CF8F9F7D9FFF9F798FFFAF7DCF8FAF785
:1022D00015FBFAF754FB55480068807F012803D1AD
:1022E000FFF730FEFFF79FFEFAF7BAFBFFF710FC8F
:1022F000FEF7E1FE00F07EFAFFF74FFAFFF7DCFA97
:10230000F8F79AF9FCF7E1F9FCF78BFAF9F7B2FE66
:10231000FEF784FBFFF711FBFFF78DFD454890F8B2
:102320006003012815D145480588E91705EBD161FF
:10233000481109F019FE8046414840880A2190FB67
:10234000F1F7384609F010FE06464146FAF7DAFD85
:102350001FE0384890F8DA03C0F34000C8B13548B0
:10236000B0F8DE03642190FBF1F085B23448408878
:102370000A2190FBF1F7384609F0F6FD06462D4993
:10238000B1F8D40309F008FE80462A463146FAF730
:102390008FFC26480068807F022802D1FDF77AFB77
:1023A00006E022480068007F022801D1FEF78AF883
:1023B000244802882448018824480088F8F703FE4E
:1023C0000546C11700EBD161481109F0CDFD8146EA
:1023D0001B4800880A2190FBF1F01FFA80F81C4886
:1023E000B0F900701B48B0F9006012488068F2171D
:1023F00006EB5272D110FA1707EB52720090D01010
:102400004B464246FAF738FEFFF7EEFDEEF7E3F8EB
:1024100021E70000704800200000E03F800C002011
:102420007C0C0020840000207E0C0020780000201E
:102430008C000020404E0020C8480020B40400203A
:1024400030570020E4060020C4060020A406002027
:102450007C0500206805002010B590B04022694638
:102460000320EEF76BFA04461CB1A1B2684607F0F0
:10247000F5F810B010BD00B58DB04FF4E130099003
:102480000020ADF82800ADF82A00ADF82C00ADF81A
:102490002E000C20ADF83000434808904FF4006047
:1024A0000790424806904FF40060059001463F486F
:1024B00008F0A9FB4FF400613B4808F0A4FB4FF47F
:1024C00083713B4808F09FFBDDE90501CDE903017D
:1024D000DDE90701CDE901010C980090032009A96D
:1024E0000EC9EEF78EFB08B90DB000BD31A25F2119
:1024F0003748EAF746FF00BFF6E710B50024354835
:102500004078012813D13448E9F732FBA8B1002004
:10251000304948703148B0F8CA102046F4F7B4F991
:102520004FF4FA60E9F716FB2B4A03C205E04FF4BB
:10253000FA60E9F70FFB284A03C210BD00F007FF5D
:1025400001F0F2FFFFF797FF07F082FA2BE04FF65A
:10255000FF70E9F7DFF904460021012304EA0300D4
:10256000094000235840594008431CD0FFF774FF2E
:1025700000F0E0FE01F04AFEFFF7BFFF18480068D8
:10258000007F022807D101201649087001F0BFFF23
:10259000EDF7BFFE07E01348007810B901F0B7FF70
:1025A00001E0EDF7B6FED2E78E9400208E9C00206D
:1025B000889300205B636F6D6D5D20424C455F55D5
:1025C00041525420696E6974206F6B0A000000004C
:1025D00045DB020897000020A80C0020C848002016
:1025E00078000020080E002010B50024FE48B0F945
:1025F0001200FE4909680844FC490860FA48B0F92D
:102600000A00FB4909680844F9490860F94800686C
:10261000401CF8490860F8480088B0F5FA6F08DDFA
:10262000F548008800EB80004000F44991FBF0F091
:1026300001E04FF4B47084B2EE480068A04206D9BD
:102640000020EC490860EA490860E9F750FC10BD39
:102650002DE9F0410024E448B0F90400E849096894
:102660000844E7490860E7480068401CE5490860FD
:1026700008460068B0F5B47F16D30846006809F034
:102680008BFC0646DE48006809F086FC07463146AA
:1026900009F038FB054609F047FCDB4908800020BB
:1026A000D7490860D7490860D8480068401CD74916
:1026B0000860D1480088B0F5FA6F08DDCE48008880
:1026C00000EB80004000D24991FBF0F000E0C82010
:1026D00084B2D0480068008868B9CE480068408855
:1026E00048B9C1488088CB4909684880BE4880887D
:1026F000C84909680880BC488088C649096848807C
:10270000C44909684988C34A12681288881A01D4E2
:10271000014600E04142BF4A1268D180BE480188AC
:102720000088401CBC4A10802D2908D10020114689
:102730000880B84800684088B64909680880B548EC
:102740000068C088482806DDB24800688088401CC0
:10275000B04909688880AD480068A04220D9AD48DA
:1027600000688088192811DB0021AC4880F87F13AD
:1027700080F87C1380F8801380F87D1380F8811333
:1027800080F87E13032180F8041403E00421A34899
:1027900080F8041400209F49096888809B490860DC
:1027A000BDE8F08110B59E4890F82900072818D0A0
:1027B0009B4890F82900032804D0994890F82900F4
:1027C00004280ED19748E9F7D3F9012811D18021C7
:1027D0009548E7F712FA0A20E9F7BCF9914A03C2D3
:1027E00007E000218F4A1160516080218E48E7F791
:1027F00006FA10BD70B58A4890F8290000B970BD7E
:102800008748E9F7B5F9012801D1EAF702FA8448C7
:1028100090F8290008287CD2DFE800F07B042F64C0
:10282000867B7BE2814890F8541081A0EAF7A8FCEF
:102830007E4890F8540070B98648007801280AD183
:102840000020844908704FF480418348E7F7D7F9A6
:1028500082A0EAF795FC72481030E9F789F901285F
:102860000AD102206E4981F829004FF47A70E9F705
:1028700071F96B4AC2E90401B3E100256848C069F7
:1028800067498969098808446549C8610846008C18
:10289000401C088401F11000E9F76AF9012820D1F1
:1028A00081036D48E7F7A9F971A0EAF769FC5C4874
:1028B000C0695B49098CB0FBF1F085B271480585B0
:1028C000018D71A0EAF75CFC0320554981F82900CD
:1028D000744805804FF47A70E9F73CF9504AC2E930
:1028E00004017EE14E48C06B4D49896B098808445C
:1028F0004B49C8630846B0F84000401CA1F84000AE
:1029000001F11000E9F734F901280CD10420444901
:1029100000E05BE181F829004FF47A70E9F71AF9D9
:102920003F4AC2E904015CE13D481030E9F720F973
:10293000012856D15C49B1F90000002801DB0146AD
:1029400000E0414209B2584A11801046B0F9001027
:10295000564802780078401C544B1870544840F890
:10296000221018460078042802DD0020194608705D
:102970002B48C08C401C2A49C8844E4801884EA070
:10298000EAF7FEFB2648C08C04282ADD00202449F3
:102990008860002409E022488068454951F82410E5
:1029A00008441F498860601CC4B2052CF3DB1C4836
:1029B0008068052190FBF1F019498860084681681C
:1029C00042A0EAF7DDFB1648806896280ADC144826
:1029D0008068322806DB2B48008D40F2077181E0C9
:1029E000BFE0AAE086E0000048930020C80C002069
:1029F000BC0C0020C00C00202C080020E2EE1201CC
:102A0000B00C0020B40C0020B80C0020C40C002036
:102A100080969800D40C0020DA0C0020404E002054
:102A200070570020E00C002000100140704800208A
:102A30005B746573745D6265666F726520616C6C52
:102A400020757064617465466C6167653D25640A34
:102A500000000000D90C0020000C01405B626C6596
:102A60005D20626C652072657365740A0000000069
:102A70005B626C655D20626C6520726573657420B5
:102A80006F6B0A00684C00205B746573745D75772A
:102A90004C65616B437572724F66667365743D2554
:102AA000640A0000460A0020F8060020E80C002016
:102AB00090A40020540500205B746573745D206C45
:102AC00065616B437572723D25640A005B746573C2
:102AD000745D2073656C66746573746C65616B3DC1
:102AE00025640A00884205DB5E48008D40F6F80147
:102AF000884223DD5C48C08C0A2831DD0221112088
:102B0000F9F715F90120584981F8290057A0EAF78B
:102B100037FB002054490884C8618884C8845C4815
:102B200000210160017100205A4908704FF4FA60D9
:102B3000E9F710F84C4AC2E9040111E00221112022
:102B4000F9F765F80720484981F8290040F6C410D4
:102B5000E9F700F8444AC2E904014FA0EAF710FB84
:102B60003FE041481030E9F703F870B300205349C3
:102B700081F85400F8F7B3FAA0B900BF504890F8B4
:102B800071004F4981F8700002214D4880F87110A2
:102B900000BF00BF90F8791480F87814022180F803
:102BA000791409E000BF0220454981F8700000BF98
:102BB00000BF81F8700000BF012042490871002069
:102BC000294981F82900F2F750FF00BF002405E0F1
:102BD00000212046FAF75BFD601CC4B2022CF7DB33
:102BE00000BF00BF00BF0AE610B537481E49886124
:102BF0003649886000201C490884C8618884C884DC
:102C0000C820E8F7A7FF184AC2E904013048E8F7EE
:102C1000A1FF154A03C20120134981F82900284861
:102C200090F8710081F828000621254880F871107D
:102C300080F8791420212748E6F7DFFF00210846B5
:102C4000FAF725FD00210120FAF721FD00201D499A
:102C5000087148710A461061506110BD10B5FFF748
:102C6000C3FF10BD684C0020705700205B74657373
:102C7000745D20737465702073656C66746573741D
:102C80005F746573745F6572725F726561700A006C
:102C900090A40020E80C00205B746573745D2073C1
:102CA0007465702073656C66746573745F746573A6
:102CB000745F66696E6973680A00000070480020DE
:102CC000404E0020704D0020B80C00207093002072
:102CD000C0270900000C014010B5FE488088172865
:102CE00003D0FC48808818280AD14FF48071FA4834
:102CF000E6F785FF4FF48051F848E6F77EFF09E0DC
:102D00004FF48071F448E6F778FF4FF48051F348B0
:102D1000E6F775FFF248007940F00100F0490871CC
:102D200010BD10B5EF480068007F022804D1C10231
:102D3000EA48E6F764FF04E04FF48051E748E6F71D
:102D40005CFFE748007920F00100E549087110BDFB
:102D500010B5E4480068007F022809D1C102DF48AD
:102D6000E6F74DFF4FF48071DB48E6F746FF09E0D8
:102D70004FF48051D948E6F740FF4FF48071D648B0
:102D8000E6F73DFFD648007940F00200D4490871CB
:102D900010BD10B5D3480068007F022804D1C101DE
:102DA000CD48E6F72CFF04E04FF48071CA48E6F7FF
:102DB00024FFCB48007920F00200C949087110BDFA
:102DC00010B5C8480068007F022809D1C102C34875
:102DD000E6F713FF4FF48071BF48E6F70EFF09E0F6
:102DE0004FF48051BD48E6F70AFF4FF48071BA48AE
:102DF000E6F705FFBA48007940F00400B8490871C9
:102E000010BD10B5B7480068007F022809D1C10283
:102E1000B248E6F7F4FE4FF48071AF48E6F7EFFEF4
:102E200009E04FF48051AD48E6F7E7FE4FF48071BA
:102E3000A948E6F7E2FEAA48007920F00400A84974
:102E4000087110BD10B54FF48051A448E6F7D7FEC5
:102E5000A34890F8240040F00101A14880F8241014
:102E600010BD10B54FF480519C48E6F7C6FE9C4853
:102E700090F8240020F00101994880F8241010BD3A
:102E800010B54FF480719448E6F7B9FE944890F875
:102E9000240040F00201924880F8241010BD10B5C3
:102EA0004FF480718C48E6F7A8FE8D4890F8240016
:102EB00020F002018A4880F8241010BD10B54FF4AC
:102EC00080518648E6F79BFE4FF480718248E6F712
:102ED00096FE834890F8240040F00401804880F872
:102EE000241010BD10B54FF480517C48E6F785FEE4
:102EF0004FF480717848E6F780FE794890F8240016
:102F000020F00401764880F8241010BD08B54FF475
:102F10008070ADF8000010208DF8030003208DF8BC
:102F2000020069466C48E6F7BDFD4FF48050ADF8ED
:102F3000000010208DF8030003208DF80200694680
:102F40006648E6F7AFFDFFF7ECFEFFF722FFFFF75D
:102F500088FFFFF7A4FF08BD70B50024DCE06048DF
:102F600000EB441504EBC4105F4901EBC00090F87E
:102F70007100032868D10846B0F858030128F9D138
:102F8000084690F873000228F4D15848C07800EB46
:102F9000C01001EBC00090F8FA030028EAD15448B1
:102FA00030F81400401C524921F81400084630F84B
:102FB0001400352802DB002021F814004D48005D84
:102FC000012804D10A204C4921F8140003E00A200A
:102FD000494921F81400464830F8140098BB474886
:102FE00030F81400401C454921F81400084630F818
:102FF0001400414931F81410884239DB3D48005D26
:1030000018BB3F4830F81400401C3D4921F814001B
:10301000084630F81400342826DB342021F8140048
:10302000384830F81400401C364921F8140008468E
:1030300030F814000A2817DB002021F814000120C2
:103040002C49085510E013E032E02D4830F8140008
:10305000401E2B4921F81400084630F814001428AB
:1030600002DC0020234908550020244921F81400DF
:103070001F4830F81400224931F81410884207D153
:103080001F4830F81400342802D02869804741E0F6
:103090001B4830F81400342802D16869804739E0B1
:1030A000134830F81400342834D16869804731E07F
:1030B0000020104908550E4921F81400122010492B
:1030C00021F8140000200F4921F814000A200A49B1
:1030D0001AE000007048002000080140000C014088
:1030E000F00C002078000020404E002050560020B8
:1030F000320D0020300D00203A0D0020360D00204A
:103100003E0D0020420D002021F8140000207149DE
:1031100021F81400601CC4B2022CFFF620AF70BD71
:1031200070B500260025BDE06B4800EB451405EBAB
:10313000C5106A4901EBC00090F871006849495D0B
:10314000884211D005EBC510644901EBC00090F82E
:103150007100634948550126FFF7E3FDFFF719FEAB
:10316000FFF77FFEFFF79BFE05EBC5105B4901EB08
:10317000C00090F87100072877D2DFE800F07804EB
:103180003B0F2D387700207910F0010F05D16069D1
:103190008047E0698047A068804780E04F48B0F8EA
:1031A0005803C0B94F480068007F022809D1C10206
:1031B0004D48E6F722FD4FF480714C48E6F71DFDBF
:1031C00009E04FF480514848E6F719FD4FF480714B
:1031D0004648E6F714FD62E0207910F0020F05D1B1
:1031E000E0698047E06880472069804757E0A06930
:1031F000804754E005EBC510384901EBC00090F85A
:103200007300B8B1322020800EB100206080608849
:10321000401C608060882188884225DB0020608017
:10322000207910F0040F02D0E06980471CE0A0690B
:10323000804719E0C82020800EB10020608060889F
:10324000401C60806088218888420DDB00206080FF
:10325000207910F0020F03D06069804704E004E099
:10326000206980479620608019E000BF00BF1EB132
:10327000C8202080002060806088401C60806088BA
:10328000218888420ADB00206080207910F0020F3C
:1032900002D06069804701E02069804700BF00BF1D
:1032A000681CC5B20F480068407AA8423FF73CAF9F
:1032B00070BD10B50E48006828B90EA10F48EDF793
:1032C00038F90B4908600A2109480068EDF713F93D
:1032D00010BD0000360D0020F00C0020404E0020F4
:1032E000460D002078000020000C0140000801403D
:1032F000EC0C00206C6564546D72000021310208F2
:10330000002010E0194901EB00110978184A1268F1
:10331000927B914205D1154901EB0011154A1160CC
:103320007047411CC8B20228ECD30021114A116039
:1033300000BFF5E710B50F48006838B10D480068C8
:10334000C06818B10B490968C868804710BD10B53E
:10335000FFF7D6FF0748006838B1064800684068A4
:1033600018B1044909684868804710BD58DB020855
:1033700078000020480D00202DE9F04391B08046F0
:103380000F4691460025E3E0C5EBC500FE49085C09
:10339000B8427DD1002468222146641C01A8425411
:1033A0000D2F42D10024FE222146641C4254682283
:1033B0002146641C4254AA222146641C42542146E0
:1033C000641C42542146641C42542146641C4254ED
:1033D0002146641C42542046611CCCB201A90A5407
:1033E00068222046611CCCB201A90A54132220464F
:1033F000611CCCB201A90A5400222046611CCCB247
:1034000001A90A54DF222046611CCCB201A90A544A
:1034100016222046611CCCB201A90A542246012082
:10342000EDF7C9F911B0BDE8F08300260EE008EB16
:103430004800D64901EB4000C6F10501425C204638
:10344000611CCCB201A90A54701CC6B2062EEEDB78
:1034500068222046611CCCB201A90A54C5EBC50004
:10346000C949084442782046611CCCB201A90A54DB
:10347000C5EBC500C44908448078001DC2B220468F
:10348000611CCCB201A90A54C5EBC500BE4900E0DD
:103490005CE00844C0783330C2B22046611CCCB234
:1034A00001A90A54C5EBC500B74908440079333077
:1034B000C2B22046611CCCB201A90A54C5EBC500BA
:1034C000B149084440793330C2B22046611CCCB2C5
:1034D00001A90A54C5EBC500AB49084480793330D3
:1034E000C2B22046611CCCB201A90A5400260AE0EF
:1034F00019F806003330C2B22046611CCCB201A9D3
:103500000A54701CC6B2C5EBC5009F4908448078B8
:10351000B042EDDC002001A90855002608E001A812
:10352000005D01A9895D084401A90855701CC6B257
:10353000A642F4DB601CC4B216222046611CCCB249
:1035400001A90A5422460120EDF735F9681CC5B2DD
:103550000D2DFFF419AF00BF64E7F0B50346144624
:103560000E2000BF0D5CED1E05F00F060D5C333D17
:10357000C5F3031505EB850506EB4502451C4D5DBE
:10358000ED1E05F00F06451C4D5D333DC5F30315DB
:1035900005EB850506EB450505EBC50606EB0515B0
:1035A00002EB8502851C4D5DED1E05F00F06851CA6
:1035B0004D5D333DC5F3031505EB850506EB45056C
:1035C00040F27126754302EB0512C51C4D5DED1EE0
:1035D00005F00F06C51C4D5D333DC5F3031505EB26
:1035E000850506EB450543F60956754302EB851242
:1035F00002EB82056E0003EBC315654F07EBC505B3
:103600002E63F0BD00BF00BF00BF704770B513460A
:103610008C7BE41E04F00F058C7B333CC4F3031455
:1036200004EB840405EB4402CC7BE41E04F00F059C
:10363000CC7B333CC4F3031404EB840405EB440457
:1036400004EBC40505EB041402EB840200EBC01488
:103650004F4E06EBC404A4F84A2070BD70B5134663
:103660008C7BE41E04F00F058C7B333CC4F3031405
:1036700004EB840405EB4402CC7BE41E04F00F054C
:10368000CC7B333CC4F3031404EB840405EB440407
:1036900004EBC40505EB041402EB840200EBC01438
:1036A0003B4E06EBC404A4F84C2070BD70B5134625
:1036B0008C7BE41E04F00F058C7B333CC4F30314B5
:1036C00004EB840405EB4402CC7BE41E04F00F05FC
:1036D000CC7B333CC4F3031404EB840405EB4404B7
:1036E00004EBC40505EB041402EB840200EBC014E8
:1036F000274E06EBC404A4F84E2070BD70B51346E7
:103700008C7BE41E04F00F058C7B333CC4F3031464
:1037100004EB840405EB4402CC7BE41E04F00F05AB
:10372000CC7B333CC4F3031404EB840405EB440466
:1037300004EBC40505EB041402EB840200EBC01497
:10374000134E06EBC404A4F8502070BD70B51346A8
:103750008C7BE41E04F00F058C7B333CC4F3031414
:1037600004EB840405EB4402CC7BE41E04F00F055B
:10377000CC7B333CC4F3031404EB840405EB440416
:1037800004EBC40506E0000078DB02085D0D0020B4
:10379000404E002005EB041402EB840200EBC01441
:1037A000F94E06EBC404A28670BD70B513468C7B3F
:1037B000E41E04F00F058C7B333CC4F3031404EBCC
:1037C000840405EB4402CC7BE41E04F00F05CC7BA3
:1037D000333CC4F3031404EB840405EB440404EB0E
:1037E000C40505EB041402EB840200EBC014E64EA2
:1037F00006EBC404E28670BD70B513468C7BE41EF4
:1038000004F00F058C7B333CC4F3031404EB8404F5
:1038100005EB4402CC7BE41E04F00F05CC7B333C6B
:10382000C4F3031404EB840405EB440404EBC40563
:1038300005EB041402EB840200EBC014D24E06EB3D
:10384000C404228770BD70B503468C7BE41E04F06F
:103850000F058C7B333CC4F3031404EB840405EBA9
:1038600044040A2594FBF5F0CC7BE41E04F00F051C
:10387000CC7B333CC4F3031404EB840405EB440415
:1038800004EB840400EB44000C7CE41E04F00F0500
:103890000C7C04F07F04333CC4F3031404EB840475
:1038A00005EB440404EB4405C5EBC41400EBC40071
:1038B00003EBC314B44E06EBC404608770BD70B54F
:1038C00003468C7BE41E04F00F058C7B333CC4F371
:1038D000031404EB840405EB44040A2594FBF5F07F
:1038E000CC7BE41E04F00F05CC7B333CC4F3031403
:1038F00004EB840405EB440404EB840400EB440073
:103900000C7CE41E04F00F050C7C04F07F04333CB7
:10391000C4F3031404EB840405EB440404EB4405F2
:10392000C5EBC41400EBC40003EBC314964E06EBC6
:10393000C404A08770BD70B503468C7BE41E04F000
:103940000F058C7B333CC4F3031404EB840405EBB8
:1039500044040A2594FBF5F0CC7BE41E04F00F052B
:10396000CC7B333CC4F3031404EB840405EB440424
:1039700004EB840400EB44000C7CE41E04F00F050F
:103980000C7C04F07F04333CC4F3031404EB840484
:1039900005EB440404EB4405C5EBC41400EBC40080
:1039A00003EBC314784E06EBC404E08770BD2DE929
:1039B000F0410022754801680120ECF7BFFF07467F
:1039C000002F7DD00025DAE070480068415D704826
:1039D00082788078401C6E4B9870D81C8154C01E31
:1039E0008078401ED91C085C682811D1C81E007858
:1039F00070B90120C91E08700020487088706821C5
:103A0000184682788078401C9870D81C8154B3E0A6
:103A10005F48807808280CD15D488078401E5C495A
:103A2000C91C085C682804D00020C91E0870887072
:103A3000A3E0574880780A280CD15548007801281F
:103A400008D153488078401E5149C91C085C0C308D
:103A5000C91E48704E4840784D49897888427CD1CB
:103A60004B488078401E4A49C91C085C162874D10E
:103A70000026002406E04648C01C005D3044C6B263
:103A8000601C84B242488078801EA042F3DC002192
:103A90001620F8F7BCF8F2B23D488078801E3C4909
:103AA000C91C085C82424DD1C81E407B3338C91EF8
:103AB000897B333900EB01213548C07B333800E086
:103AC00060E001EB00413248007C333801EB0068D4
:103AD00000203049087001202B4981F82C002C4827
:103AE000407A2D4908702A48007A48702848C079E1
:103AF000887027488079C870254840790871244823
:103B000000794871012025490870002416E02448F6
:103B100050F8340040450FD1214800EBC400406804
:103B200048B11B4882781E4800EBC4001849C91CE4
:103B300043680020984703E0601C84B20C2CE6D355
:103B400007E00AE0334617A240F2D5111B48E9F717
:103B500018FC00200E49087088700D4880782028D5
:103B60000ADB00200A498870087015A24FF4F07132
:103B70001248E9F706FC00E000BF681C85B2BD42B0
:103B8000FFF622AFBDE8F081404E0020580D002026
:103B9000E4A400206A0D00205D0D00205C0D0020D3
:103BA0006C0D00205B646C745D2072637620637220
:103BB00063206572722D25780A000000D3DB0208AD
:103BC0005B646C745D20726376206D6F7265207427
:103BD00068616E203230302C20657272210A00003C
:103BE00010B59748006818B195480068EAF7B0FF2B
:103BF0009448006818B193480068EAF7A9FF924812
:103C0000006818B190480068EAF7A2FF0120EDF7BC
:103C100055F88E480068ECF781FC012010BD00B516
:103C20008DB04FF4166009904FF48050ADF8280025
:103C30000020ADF82A004FF48060ADF82C00002081
:103C4000ADF82E000C20ADF830007D4800680890DB
:103C5000802007907E48069040200590DDE9050110
:103C6000CDE90301DDE90701CDE901010C980090E0
:103C7000012009A90EC9ECF7C4FF10B900200DB04E
:103C800000BD0120FBE710B57248007828B900227A
:103C90000D211046FFF770FB10BD002407E0002245
:103CA0006D4801782046FFF767FB601CC4B26B4883
:103CB0000068407AA042F2DC67480078401C664900
:103CC0000870084600780C2801DD00200870634861
:103CD0000068007A01280DD15F480078062802D1DB
:103CE00009205D4908705C4800780A2802D10C2040
:103CF0005949087000BFCFE710B5002400BF1EE08F
:103D00005748005D401C564908550846005D782814
:103D100013DB0020085504EBC411524A02EBC10129
:103D200081F82C0021461620F8F701F823464EA210
:103D300040F239215448E9F724FB601CC4B24748DB
:103D40000068407AA042DBDC10BD10B5FFF7D4FF5D
:103D5000FFF799FF10BD10B58020EAF7F3FE39494F
:103D600008600846006838B948A24FF412714E48FE
:103D7000E9F707FB002010BD4FF48070EAF7E2FE80
:103D80002F4908600846006870B92E480068EAF7B5
:103D9000DFFE00202B49086044A24FF41471424812
:103DA000E9F7EFFA0020E6E74FF48070EAF7CAFE81
:103DB0002549086008460068A0B921480068EAF76C
:103DC000C7FE20480068EAF7C3FE00201C490860CF
:103DD0001C4908603CA240F25A213348E9F7D1FA65
:103DE0000020C8E7FFF71BFFC8B915480068EAF7CD
:103DF000AFFE14480068EAF7ABFE13480068EAF724
:103E0000A7FE00200E49086008600F49086036A22E
:103E100040F265212448E9F7B4FA0020ABE70B48EB
:103E2000006828B936A13848ECF783FB07490860D9
:103E30004FF4FA7105480068ECF75DFB01209AE742
:103E4000540D0020500D0020580D00204C0D002076
:103E5000A4A400205C0D0020690D00207800002043
:103E60006A0D0020404E00205B646C745D4D45542B
:103E700045525B25645D20686164206E6F74206428
:103E800065742121210A0A00E8DB02085B646C7476
:103E90005D206D616C6C6F63207278206275666660
:103EA000206572720A000000F9DB02085B646C7422
:103EB0005D206D616C6C6F6320747820627566663E
:103EC000206572720A0000005B646C745D206D6195
:103ED0006C6C6F6320546D705074722062756666EE
:103EE000206572720A0000005B646C745D20696E6C
:103EF0006974207561727435206572720A00000061
:103F0000646C74546D7200004B3D02082DE9F84F4B
:103F10000020FE4981F82C00FD480068007A012845
:103F20002AD1FC48008808F037F80746FA4908F01B
:103F30007BF806464FF0844107F0E4FE054607F0A3
:103F4000F3FF81B2F1488186F448008808F024F834
:103F50008046F14908F068F807464FF0844107F0C1
:103F6000D1FE0646EC4908F05FF8054607F0DCFF95
:103F700081B2E64841877DE0E648008808F00CF809
:103F80000746E54908F050F806464FF0844107F02F
:103F9000B9FE054607F0C8FF81B2DC488186E048DB
:103FA000008807F0F9FF0746DB4908F03DF80646B0
:103FB0004FF0844107F0A6FE054607F0B5FF81B239
:103FC000D248C186D748008807F0E6FF0746D249A5
:103FD00008F02AF806464FF0844107F093FE0546A4
:103FE00007F0A2FF81B2C9480187CC48008807F0DA
:103FF000D3FF8046C84908F017F807464FF08441C0
:1040000007F080FE0646C44908F00EF8054607F0A2
:104010008BFF81B2BD484187C048008807F0BCFFD4
:104020008046BD4908F000F807464FF0844107F08C
:1040300069FE0646B84907F0F7FF054607F074FF2A
:1040400081B2B2488187B548008807F0A5FF804655
:10405000B14907F0E9FF07464FF0844107F052FEEF
:104060000646AD4907F0E0FF054607F05DFF81B267
:10407000A648C187A6480068007A012825D1A3492F
:10408000488F07F089FF8046A74907F03BFE0646A8
:104090009E49888E07F080FF80469F4907F032FED8
:1040A0000746314607F0C0FF054607F03DFF9F4930
:1040B00008609F480068096808449D4908609D4859
:1040C0000068401C9B49086058E09049C88F07F081
:1040D00063FF8246944907F015FE80468B49088F9E
:1040E00007F05AFF82468C4907F00CFE8146414694
:1040F00007F09AFF06468549888F07F04DFF8A49E9
:10410000009007F0FFFD82468049C88E07F044FF0B
:104110008149009007F0F6FD8346514607F084FF81
:1041200080467A49488F07F037FF7F49009007F0B3
:10413000E9FD82467549888E07F02EFF764900908A
:1041400007F0E0FD8346514607F06EFF8146414689
:1041500007F06AFD0746314607F066FD054607F0A1
:10416000E3FE7549086072480068096808447049B0
:10417000086070480068401C6E4908606F48E7F7A7
:10418000F7FC08B9BDE8F88F694800686949096813
:10419000B0FBF1F04FF4B471B0FBF1F46448006887
:1041A00064490968B0FBF1F0C4EB041101EB410173
:1041B000A0EBC10062490968084461490860002019
:1041C0005B4908605B4908605D480068B0F5B47FF2
:1041D00006D3641C5A480068A0F5B47058490860BA
:1041E0004A4890F87100032804D14848006B01192F
:1041F0004648016342F21070E7F7ACFC4F4A03C235
:1042000000BFBFE701207047012070472DE9F04152
:104210003E4890F87A00012876D13C4890F8710029
:104220000328F9D13B48008807F0B6FE07463A4913
:1042300007F0FAFE06464FF0844107F063FD05469D
:1042400007F072FE3149A1F854003548008807F0A4
:10425000A3FE0746304907F0E7FE06464FF08441CB
:1042600007F050FD054607F05FFE81B22748A0F831
:1042700056102C48008807F08FFE0746264907F0A5
:10428000D3FE06464FF0844107F03CFD054607F09B
:104290004BFE81B21D48A0F858102048008807F056
:1042A0007BFE80461C4907F0BFFE07464FF0844165
:1042B00007F028FD0646184907F0B6FE054607F048
:1042C00033FE81B21148A0F85A101E48008807F04A
:1042D00063FE8046104907F0A7FE07464FF0844171
:1042E00007F010FD06460C4907F09EFE054607F054
:1042F0001BFE81B20548A0F85C101348008807F047
:104300004BFE8046044921E0C1E00000404E002001
:104310007800002044060020000020419404002082
:1043200064060020840600200000C842DC0700204C
:10433000D00D0020D40D0020BC070020E00D00208F
:10434000D80D0020C4060020E406002007F06CFE13
:1043500007464FF0844107F0D5FC0646544907F064
:1043600063FE054607F0E0FD81B25248A0F85E10FA
:104370000146B1F85A0007F00FFE80464E4907F09B
:10438000C1FC06464B49B1F8540007F005FE8046D3
:10439000474907F0B7FC0746314607F045FE05469A
:1043A00007F0C2FD454908604249B1F85A0007F0DC
:1043B000F3FD8046404907F0A5FC06463D49B1F8AB
:1043C000540007F0E9FD8046394907F09BFC074699
:1043D000314607F029FE054607F0A6FD81B23548B3
:1043E000A0F866103648D0E90030002211469A1A2B
:1043F000884102DA002031490860324800682F49BC
:10440000096808442F4908602F480068401C2E495D
:1044100008602E48E7F7ACFB08B9BDE8F0812948F1
:10442000006829490968B0FBF1F04FF4B471B0FBA2
:10443000F1F42448006824490968B0FBF1F0C4EBAA
:10444000041101EB4101A0EBC100214909680844B6
:104450001F49086000201C4908601A4908601C4870
:104460000068B0F5B47F06D3641C19480068A0F555
:10447000B470174908600F48C06E01190D48C16635
:1044800042F21070E7F766FB104A03C20DE00948DC
:1044900090F87100022803D0064890F87A0020B9FD
:1044A00000210448C166A0F8661000BFB5E700000F
:1044B00000002041404E00200000C842BC07002000
:1044C000C0070020E80D0020EC0D0020F80D0020B2
:1044D000F00D0020002013E01C490968C97B00EBA7
:1044E00040021B4B13F82220914207D100EB400100
:1044F0001A4602EB8101174A11607047411CC8B28D
:104500000028E9D00021134A116000BFF5E710B57B
:104510001048006838B10F480068806818B10D492C
:1045200009688868804710BD10B5FFF7D3FF0948B8
:10453000006800B910BD07480068406818B1054917
:1045400009684868804700BFF4E700007800002051
:10455000B4F00208000E002070B5EAF707FC04462C
:1045600020791D2801DD012100E00021E07801EB28
:104570004005FE4830F81500FD49088070BD10B5B3
:1045800002460B460020002103E0545C60404C1CB6
:10459000A1B29942F9DB10BD2DE9F041B2B0074656
:1045A0008846002600250DE005EB4500F14911F88D
:1045B0001000B84204D105EB450001EB400603E0D2
:1045C000681CC5B20C2DEFD300BF16B932B0BDE8E0
:1045D000F081002402222146641C0DF8012070881D
:1045E000020A2146641C0DF80120B2782146641CA1
:1045F0000DF8012032792146641C0DF801207279F2
:104600002146641C0DF80120002508E018F805205B
:104610002046611CCCB20DF80020681CC5B2708821
:10462000801EA842F2DC03222046611CCCB20DF8A9
:10463000002021466846FFF7A2FF2146621CD4B243
:104640000DF80100CC480068007F022805D1224601
:1046500069460420ECF7AFF804E0224669460020E2
:10466000ECF7A9F800BFB1E7C44908807047F8B576
:104670000446002500260120C14981F83D0020683C
:104680000090C04880780A2807DB0A20BD4988705E
:104690000420BB4981F83D00F8BDBA488678002562
:1046A00014E0B849C91C01EB85000422694606F0F4
:1046B00071F920B10120B24981F83D0004E00220E7
:1046C000AF4981F83D0005E0681CC5B2AD4880786F
:1046D000A842E6DC00BFAA4890F83D00012808D1B6
:1046E000A848C01C00EB860021680160701CA54929
:1046F000887000BFD0E72DE9F84305460024002765
:10470000FF26A046286800909E488078002801DC9B
:10471000BDE8F8839B48877800240EE09949C91CBE
:1047200001EB84000422694606F034F918B92646E4
:104730004FF0010805E0601CC4B292488078A042A6
:10474000ECDC00BFB8F1010F25D18E48C01C00EB96
:10475000860000210160344616E08A488078401EB9
:10476000A04206D18748C01C00EB840000210160F4
:1047700008E08448C01C00EB8402611C00EB81004F
:1047800000681060601CC4B27E488078A042E4DCFF
:10479000781E7C49887000BFBAE710B52C21794893
:1047A00006F031FAFF207749088010BD70B5064643
:1047B0000C460020744908740A2C01DC042C03DA2E
:1047C000042472A0E8F7DCFC002504E0705D6E496B
:1047D0004855681CC5B2A542F8DB6B48047470BD2F
:1047E0000146002005E00B5C674A11321354421C5D
:1047F000D0B20428F7DB70470146002005E00B5CCF
:10480000614A15321354421CD0B20428F7DB7047BA
:1048100010B5012410226249624806F0BBF844B288
:104820000CB9012010BD0020FCE710B50446102291
:1048300021465C4806F068F910BD70B50546202198
:104840004F48C01D06F0DFF9002405E0295D4C4803
:10485000C01D0155601CC4B2082CF7DB70BD0021DF
:104860000EE04948405C484A1132525C5040464A8A
:104870001532525C904201D000207047481CC1B2F2
:104880000429EEDB0120F8E770B5064606EBC610FA
:10489000454901EBC004202104F18D0006F0B3F975
:1048A0003948027C41A304F18D013548C01DE8F769
:1048B00083FB01218C20015594F8ED0020F00F01BD
:1048C00084F8ED1094F8ED0000F00F01C4F8ED103D
:1048D0008820216B0151216BC4F82C112848816A72
:1048E00084200151EAF742FA0546287884F87C00D2
:1048F00069787D200155A9787E200155E9787F20CF
:10490000015529798020015569798120015570BDB3
:1049100010B500210120FFF73FFE10BD7FB5064610
:104920000C46002529466D1C0DF8016022782946A9
:104930006D1C0DF80120627829466D1C0DF80120D0
:10494000A27829466D1C0DF80120E27829466D1CDD
:104950000DF80120227929466D1C0DF8012062799D
:1049600029466D1C0DF80120694621E0064800200B
:104970000A0E0020200E0020780000201C0E0020CF
:1049800050560020184C00205CA800207569646C0B
:10499000656E206D617820657272200A000000004B
:1049A0007A48002075A80020404E002025580000BD
:1049B0000220FFF7F1FD7FBD7FB504460D460026BE
:1049C0003146761C0DF801403146761C0DF8015039
:1049D00069460420FFF7E0FD7FBD70B504460D4633
:1049E0002078592806D1FFF793FF0120FE4981F86E
:1049F000FA0302E00120FFF737FE70BD38B5054627
:104A000000200090002404E0285D0DF80400601CE4
:104A1000C4B2042CF8DB00240AE0F44800EB840163
:104A2000684606F065F908B1012038BD601CC4B2C3
:104A3000EE48C01E8078A042EFDC0020F5E770B59C
:104A4000054600240BE0E94901EB840004222946D5
:104A500005F0A0FF08B9012070BD601CC4B2E34896
:104A6000C01E8078A042EEDC0020F5E770B5EDF7BF
:104A70000DF80446DC4890F87100062800D170BD9E
:104A8000DB488078012800D1F9E7DA48C07800EBEC
:104A9000C010D54901EBC00090F87100022809D080
:104AA000D448C07800EBC01001EBC00090F8710052
:104AB000042871D1CF48C07800EBC010CA4901EB7F
:104AC000C00090F87300002847D1CA48C01DFFF706
:104AD000B6FF00B9D3E72046FFF7D6FEC648E7F792
:104AE00047F8012838D1C04890F8E40378BB00208B
:104AF000BD4981F8F7030121BB4880F8001402206A
:104B0000B94981F8E403EDF79AFCB948B0F8E4003C
:104B1000B549A1F8E2030846D0F8440330B9B7A17B
:104B2000B948EBF706FDB049C1F84403AE49D1F8E6
:104B300044034FF47A71EBF7DEFC0020F0F795FFA9
:104B400041F27070E7F706F8AB4A03C204E0FFE7F2
:104B50000020A54981F8E40391E7A648C01DFFF7AE
:104B60006EFF00287ED001209F4981F8D803A74915
:104B700088710020C87108720FE09B4890F8790096
:104B8000012800D10AE0F9F7FFFCA048C07920B164
:104B900000209E49C87101E092E0EEE700BF924814
:104BA00090F85E0301287DD100209849887198A073
:104BB000E8F7E6FA994890F84A00062804DB974897
:104BC00090F84A00202803DD2020944981F84A000B
:104BD000924991F84A0007F0DFF98349486004EBF5
:104BE000C41001EBC00090F8730000286BD0204681
:104BF000F6F775FA002866D104EBC4107A4901EB88
:104C0000C00090F87300022815D100BF04EBC41057
:104C100001EBC00090F8710004EBC411724A02EB82
:104C2000C10181F87000032104EBC41002EBC00045
:104C300080F8711018E000BF04EBC4106A4901EB62
:104C4000C00090F8710004EBC411674A02EBC10187
:104C500081F87000042104EBC41002EBC00080F85E
:104C6000711000E029E000BFEAF780F805466148CE
:104C700029680163A98881862046FFF705FE012087
:104C800004EBC411584A02EBC10181F87A0004EB2D
:104C9000C41102EBC10181F861033C212046F1F708
:104CA000F3FD00E005E0EDF79BFB0020F2F717FABB
:104CB00009E05BA0E8F764FA05E0EDF73FFE02E0EB
:104CC0000120FFF7D1FC00BFD9E610B588B0ECF7A2
:104CD000DDFE04462021684605F0B7FFAFF234330D
:104CE000082269464348C01DE8F766F904EBC41082
:104CF0003D4901EBC00090F87100032818D004EB87
:104D0000C41001EBC00090F87100042807D004EB38
:104D1000C41001EBC00090F87100012861D104EBD0
:104D2000C410314901EBC00090F87A000128F5D198
:104D300004EBC4102C4A02EBC00000F18D010822E4
:104D4000684605F027FE00284CD1EDF733FD06211B
:104D50002848C07800EBC010234A02EBC00080F85E
:104D6000261335A240F2BA213948E8F70AFB01219F
:104D70002048C07800EBC0101B4A02EBC00080F84E
:104D8000161301201B49C97801EBC11102EBC101C7
:104D900081F87B0000BF1748C07800EBC0101146B7
:104DA00001EBC00090F871001249C97801EBC11104
:104DB00002EBC10181F8700004210E48C07800EBBD
:104DC000C01002EBC00080F8711000BF0020114637
:104DD00081F87A00F6F783F928B100BF0548C0785A
:104DE00038E0BEE0B8E04FE0404E00201B4C002011
:104DF000C848002050560020A80E00205363616E62
:104E000074546D7200000000B36D0108704D0020F5
:104E10004C6F636B67756E5F6F6B0A0070480020A4
:104E20006F66666C696E654C6F636B67756E5F6607
:104E300061696C0A000000005B6D315D6F66666C35
:104E4000696E2073746F70206368617267650A0011
:104E5000CCF0020800EBC010F84901EBC00090F85C
:104E60007100F749C97801EBC111F44A02EBC101A5
:104E700081F870000121F248C07800EBC01002EB0D
:104E8000C00080F8711000BFED49C87800221146BB
:104E9000F9F7A9FAEA49C87800220121F9F7A3FA3B
:104EA0004FF4FA60E6F756FEE64A03C213E04FF607
:104EB000FF70E6F72FFDE248C07800EBC010DF4935
:104EC00001EBC00090F85E0300B905E0DD48E6F7AD
:104ED0004FFE00B100E0EAE700BFD948C07800EB20
:104EE000C010D64901EBC00090F85E03012808D13C
:104EF000084690F8790020B9D148C1781D20F6F70E
:104F000016FFCE49D1F83403EBF708FBEDF74DFA65
:104F10000320CB49C97801EBC111C84A02EBC1019A
:104F200081F861031146A1F8EC030846D0F8480364
:104F300030B9C5A1C748EBF7FCFAC049C1F848032E
:104F4000BE49D1F848034FF47A71EBF7D4FA0F2039
:104F5000FFF78AFB08B010BD0120FFF785FBEDF7D6
:104F6000EDFC00BFF6E72DE9FC4107460E46ECF7E5
:104F70008DFD04463346B8A240F24F31BD48CDE91D
:104F80000076E8F7FEF9FF222021AD48C01D05F0AC
:104F900032FEB948027C0146A948C01D05F0B4FDA7
:104FA0002021A748BF3005F02EFEB348027CAFF2A7
:104FB0000463A349BF31A1F1B800E7F7FDFF00206A
:104FC000F3F76DFA08B1BDE8FC8104EBC4109B490E
:104FD00001EBC00090F87100042832D104EBC4103A
:104FE00001EBC00090F87A0001282AD0A34880780D
:104FF000012800D1E7E7A248E6F7BAFD01281FD152
:1050000000208E4981F8F7032046FFF73DFC01217F
:105010008A4880F8001400228949BF312046F1F700
:10502000E1FE41F27070E6F795FD954A03C243F642
:105030009820E6F78FFD934A03C201209249087039
:10504000C1E704EBC4107D4901EBC00090F871008A
:1050500002287DD189488078012800D1B3E704EB8C
:10506000C410764901EBC00090F82700012805D153
:10507000EDF7E7FC0320FFF7F7FAA4E704EBC41011
:105080006E4901EBC00090F8730008BB2046FFF7A3
:10509000FBFB7E48E6F76CFD012818D1002067492C
:1050A00081F8F7030121654880F8001404EBC4106F
:1050B000624A02EBC00000F18D0100222046F1F7A8
:1050C00091FE41F27070E6F745FD704A03C27AE73F
:1050D000EDF770FB6A48E6F74BFD01283DD1E9F793
:1050E00045FE05462878564981F8300069785448CD
:1050F00080F83110A97880F83210E97880F8331000
:10510000297980F83410697980F8351060A240F26E
:105110009B315848E8F735F92046FFF7B5FB0120E9
:10512000594908700020454981F8F7030121434897
:1051300080F8001404EBC410404A02EBC00000F1F8
:105140008D0100222046F1F74DFE41F2707000E023
:105150000AE0E6F7FFFC4A4A03C243F69820E6F766
:10516000F9FC484A03C2AAE004EBC410334901EB3E
:10517000C00090F8710005285ED104EBC4100A4607
:1051800002EBC00000F1AD0120222D48BF3005F038
:1051900001FC002851D1E9F7E9FD054628782849A6
:1051A00081F830006978264880F83110A97880F8B5
:1051B0003210E97880F83310297980F83410697951
:1051C00080F8351032A240F2B1312A48E8F7D9F818
:1051D0002046FFF759FB01202B4908702848E6F7C5
:1051E000C7FC012809D10020144981F8F70341F2D6
:1051F0007070E6F7AFFC224A03C22048B0F8E40022
:105200000E49A1F8E203022081F8E403EDF717F953
:105210000A48D0F8440338B9AFF220412248EBF7EE
:1052200088F90649C1F844030449D1F844034FF40E
:105230007A71EBF760F942E03EE037E0404E002043
:1052400050560020B00E002044656C617930335414
:105250006D720000D55B01080A5B6D315D206175E0
:1052600074685F6B6579412D3E25643A2025680A94
:1052700000000000E2F002085CA80020C8480020FE
:10528000D80E0020C80E0020C00E0020D00E002036
:105290005B6D315D6F6E6C696E207374617274202A
:1052A0006368617267650A00B36D01080120FFF74A
:1052B000DBF9EDF743FB02E00120FFF7D5F9FA48EF
:1052C0008088902803D0F8488088A7280BD1F74819
:1052D00090F8D803012806D1F548E6F749FC0128E3
:1052E00001D1FFF7F2FCF14890F8D803012800D172
:1052F00069E6F0480078012807D1ED48E6F738FC68
:10530000012802D10020EB49087004EBC410E749E2
:1053100001EBC00090F87100032818D004EBC41012
:1053200001EBC00090F87100042807D004EBC41012
:1053300001EBC00090F8710001287DD104EBC4108E
:10534000DA4901EBC00090F87A000128F5D1FF227C
:105350002021D94805F04FFCD848027C0146D648A8
:1053600005F0D2FB2021D448B83005F04CFCD348DE
:10537000027CAFF6C813D049B831CF48E7F71CFE1E
:10538000CC4800780028D8D1EDF714FAF0F73CFBB0
:10539000022804D0CA480068C07A042820D1C8482E
:1053A0000068007B01281BD1C6A240F2F231CB4835
:1053B000E7F7E7FF0121BD4880F800140022BE494D
:1053C000B8312046F1F70EFD0120BB49C91FC9784D
:1053D00001EBC111B54A02EBC10181F87B00FDE090
:1053E0002021B548B83005F00EFCB348C01FC07A84
:1053F000FF2808D1AFF64C230422AF49B831AE489C
:10540000E7F7DAFD07E0AFF65C230822AA49B831D6
:10541000A948E7F7D1FD04EBC410A44A02EBC00091
:1054200000F18D010822A448B83005F0B3FA002835
:1054300078D1AFF2FC5200E0D1E040F20341A7483E
:10544000E7F79FFF01219C48C01FC07800EBC01008
:10545000964A02EBC00080F8161301209649C91F36
:10546000C97801EBC11102EBC10181F87B0000BFDB
:105470009148C01FC07800EBC010114601EBC0007E
:1054800090F871008C49C91FC97801EBC11102EB7A
:10549000C10181F8700004218748C01FC07800EB6B
:1054A000C01002EBC00080F8711000BF0020114650
:1054B00081F87A00F5F713FEF8B100BF7E48C01FEF
:1054C000C07800EBC010794901EBC00090F8710082
:1054D0007949C91FC97801EBC111744A02EBC101B6
:1054E00081F8700001217448C01FC07800EBC01023
:1054F00002EBC00080F8711000BF6F49C91FC87867
:1055000000221146F8F76FFF6B49C91FC8780022C7
:105510000121F8F768FF4FF4FA60E6F71BFB704AC9
:1055200003C215E055E04FF6FF70E6F7F3F9624865
:10553000C01FC07800EBC0105C4901EBC00090F8C0
:105540005E0300B905E06648E6F712FB00B100E033
:10555000E9E700BF5848C01FC07800EBC0105349AE
:1055600001EBC00090F85E03012809D1084690F8CD
:10557000790028B95048C01FC1781D20F6F7D7FB25
:105580004A49D1F83403EAF7C9FFECF70EFF0320CC
:105590004949C91FC97801EBC111444A02EBC10155
:1055A00081F861031146A1F8EC030846D0F84803DE
:1055B00038B9AFF26C314B48EAF7BBFF3B49C1F851
:1055C00048033A49D1F848034FF47A71EAF793FF58
:1055D00004E00120FFF748F8EDF7B0F9F3E400BF6D
:1055E000F1E42DE9FC4104460D460026ECF74EFAA5
:1055F00007462B463CA240F20E314148CDE900451A
:10560000E7F7BFFE207859284DD1E67B3146601C74
:10561000FFF7CCF82A480068C07A18B92946204616
:10562000FFF7A1FC26480068C07A032804D1354959
:105630000720FFF773F982E021480068C07A01284B
:105640007DD11D48C01F90F83C00012813D11A4895
:10565000C01F90F83C00012801D12BA000E02BA036
:1056600003462CA240F221312548E7F78AFE0320A9
:10567000FEF7FAFF63E01048C01F10490968C0F840
:10568000071007EBC710094901EBC00090F87A003A
:10569000012849D0FFF7EAF943F69820E6F75AFACD
:1056A000204A03C24BE047E070480020404E0020F3
:1056B000C80E0020C00E0020575600205CA8002015
:1056C000780000205B6D315D6F6E6C696E207374C5
:1056D0006F70206368617267650A0000E2F002087B
:1056E000E00E0020D55B01080A5B6D315D20676527
:1056F000745F736E2D3E25643A2025680A00000011
:10570000D8F00208C6F00208616464006E6F726D22
:10571000616C00005B6D315D636172646D6F64206C
:1057200025730A00B80E0020F948E6F721FA01288F
:1057300005D1FFF7CAFA02E00120FEF795FFBDE8A8
:10574000FC812DE9FC4106460F46ECF79FF9044623
:105750003B46F0A240F25F41F548CDE90067E7F72C
:1057600010FEB07859287DD1307806287BD170782A
:10577000002879D1F01CFFF73FF8F01DFFF730F853
:1057800006F10B00FFF759F8FFF769F800286CD015
:10579000E8A240F26E41E648E7F7F3FDEA48006808
:1057A000C07A012804D0E8480068C07A032803D1F1
:1057B000EDF700F8BDE8FC8104EBC410E34901EB10
:1057C000C00090F8710004280BD104EBC41001EB69
:1057D000C00090F87A00012803D00320FEF744FFB0
:1057E000E8E704EBC410D94901EBC00090F8710060
:1057F000022875D104EBC41001EBC00090F827001B
:10580000012805D1EDF71DF90320FEF72DFFD1E7A3
:1058100004EBC410CD4901EBC00090F8730028B927
:10582000ECF7F6FD0320FEF71FFFC3E7F0F7ECF8F7
:10583000022802D0EDF7A7F955E00F20FEF714FF7C
:10584000ECF7B8FFE9F792FA05462878C04981F8E5
:1058500030006978BE4880F83110A97880F832109D
:10586000E97803E0FEE3DEE1D9E1CCE180F8331032
:10587000297980F83410697980F83510AFF2F05248
:1058800040F29B41AA48E7F77CFD2046FEF7FCFF6B
:105890000120B0490870B048E6F76AF9012817D12D
:1058A000AEA0E7F76DFC0020A84981F8F70304EBF0
:1058B000C4100A4602EBC00000F18D010022204610
:1058C000F1F790FA41F27070E6F744F9A24A03C288
:1058D00043F69820E6F73EF9A34A03C203E0FFE748
:1058E0000120FEF7C1FE9B480078012807D19E48A1
:1058F000E6F73EF9012802D100209649087004EB32
:10590000C410924901EBC00090F87100032818D030
:1059100004EBC41001EBC00090F87100042807D01C
:1059200004EBC41001EBC00090F8710001287CD199
:1059300004EBC410854901EBC00090F87A000128FF
:10594000F5D120218248BF3005F05DF98048C07A4A
:10595000FF2809D1AFF6AC7304227D49BF31A1F114
:10596000B800E7F729FB08E0AFF6C07308227849D2
:10597000BF31A1F1B800E7F71FFB04EBC410734A75
:1059800002EBC00000F18D0120227148BF3005F00C
:1059900001F800287DD16F4800780028C7D1ECF7C6
:1059A00009FF06216A48C07800EBC010674A02EB85
:1059B000C00080F82613F0F727F802280AD16248C1
:1059C0000068007B012805D1012211462046F1F72D
:1059D0006CFA0EE1AFF6A03240F2D2415448E7F73C
:1059E000D0FC01215A48C07800EBC010574A02EBA6
:1059F000C00080F8161301205549C97801EBC11188
:105A000002EBC10181F87B0000BF5148C07800EB78
:105A1000C010114601EBC00090F871004C49C978E4
:105A200001EBC11102EBC10100E02CE281F8700032
:105A300004214748C07800EBC01002EBC00080F89A
:105A4000711000BF0020114681F87A00F5F747FB7E
:105A5000E0B100BF3E48C07800EBC0103B4901EB0D
:105A6000C00090F871003A49C97801EBC111374A7A
:105A700002EBC10181F8700001213548C07800EBCC
:105A8000C01002EBC00080F8711000BF40F6B830C3
:105A900000E0B2E0E6F75EF8334A03C214E04FF6E6
:105AA000FF70E5F737FF2A48C07800EBC0102749A0
:105AB00001EBC00090F87300012800D105E02A48EE
:105AC000E6F756F800B100E0E9E700BF2049C878E2
:105AD00000221146F8F787FC1D49C87800220121F1
:105AE000F8F781FC4FF4FA60E6F734F81E4A03C277
:105AF00042E04FF6FF70E5F70DFF1548C07800EB68
:105B0000C010124901EBC00090F85E0370BB34E096
:105B1000B80E00200A5B6D315D20626C6F636B5FB5
:105B2000726561642D3E25643A2025680A000000F4
:105B3000EFF002085B6D315D206372632063617278
:105B4000644E6F206F6B0A0078000020404E0020EA
:105B500050560020F80E0020F00E002073656E6491
:105B6000203035206F6B0A00E80E0020FFE7F74871
:105B7000E5F7FEFF00B100E0BBE700BFF448C078E6
:105B800000EBC010F34901EBC00090F85E03012860
:105B900008D1084690F8790020B9ED48C1781D2059
:105BA000F6F7C5F8EB49D1F83403EAF7B7FCECF7A0
:105BB000FCFB0320E649C97801EBC111E54A02EB81
:105BC000C10181F861031146A1F8EC030846D0F841
:105BD000480338B9AFF69011DF48EAF7AAFCDD496F
:105BE000C1F84803DB49D1F848034FF47A71EAF76A
:105BF00082FC0F20FEF738FDDCE50120FEF734FDC6
:105C0000ECF79CFEEDE2D5A240F22251D948E7F72D
:105C1000B8FB0120FEF728FDECF790FEE1E2012041
:105C2000FEF722FDDDE2307807287CD1D24880786B
:105C3000012800D1BEE57078002875D1CFA24FF4BD
:105C4000A661CC48E7F79DFBF01CFEF7EEFDFEF7E2
:105C5000DFFD002869D0BE48C07800EBC010BD4908
:105C600001EBC00090F87A0000287CD1B848C078D9
:105C700000EBC01001EBC00090F87100022873D156
:105C8000B348C07800EBC01001EBC00090F873007F
:105C900040B90120FEF7E8FCECF7BAFB052001F063
:105CA00058F987E543F69820E5F754FFB94A03C24F
:105CB0000120A84981F8D803B7A240F24351AD486A
:105CC000E7F75FFB012200212046F8F78CFB4FF439
:105CD000FA60E5F73FFF9D4A03C212E04FF6FF70FE
:105CE000E5F718FE04EBC4109A4901EBC00090F8E8
:105CF0005E03012800D105E09448E5F739FF00B1C3
:105D000000E0EBE700BF04EBC410924901EBC000D8
:105D100090F85E0301287DD1012211462046F8F754
:105D200062FBA44802E055E250E249E290F84A00E2
:105D300006280CDB9F4991F84A0006F02DF98046B1
:105D40009D4800684169404606F03AFA07D29A49F0
:105D50000968486906F0E8F8964981F84A009549CB
:105D600091F84A0001E041E1ECE006F015F904EB9E
:105D7000C411784A02EBC101486004EBC41011461B
:105D800001EBC00090F8730000287CD02046F5F7A6
:105D9000A6F9002877D104EBC4106E4901EBC000CE
:105DA00090F87300022815D100BF04EBC41001EB7A
:105DB000C00090F8710004EBC411664A02EBC10107
:105DC00081F87000032104EBC41002EBC00080F8DE
:105DD000711016E000BF04EBC4105E4901EBC00077
:105DE00090F8710004EBC4115A4A02EBC10181F82A
:105DF0007000042104EBC41002EBC00080F87110A5
:105E000000BFE8F7B3FF05462878514981F8300014
:105E1000697800E038E04E4880F83110A97880F8C1
:105E20003210E97880F83310297980F834106979D4
:105E300080F83510AFF6A83240F271514D48E7F7BF
:105E4000A0FA2046FEF720FD012004EBC411414AD0
:105E500002EBC10181F87A0004EBC41102EBC1012D
:105E600081F861030020F1F73AF94348B0F8CA100D
:105E70002046F0F709FD51A240F27C513D48E7F77A
:105E800080FAECF7ADFAACE151A240F28451394806
:105E9000E7F777FA02211D20F5F749FF01221146A5
:105EA0002046F8F7A0FA4FF4FA70E5F753FE274AB8
:105EB00003C208E04FF6FF70E5F72CFD2348E5F735
:105EC00057FE00B100E0F5E700BF00221146204672
:105ED000F8F789FA002201212046F8F784FA4FF4F6
:105EE000FA60E5F737FE194A03C213E04FF6FF7078
:105EF000E5F710FD1648C07800EBC010154901EB1E
:105F0000C00090F85E0300B905E01048E5F730FEE8
:105F100000B100E0EAE700BF0D48C07800EBC01018
:105F20000C4901EBC00090F85E030128ABD1084694
:105F300090F879000028A6D10548C1781D20F5F712
:105F4000F6FE4EE10120FEF78FFB4AE1E80E00204D
:105F500050560020404E0020D55B01085B6D315D3E
:105F60002063726320636172644E6F206572720AEF
:105F700000000000EFF00208C84800205B6D315DB2
:105F800020626C6F636B203720676574736E206FBF
:105F90006B0A0000000F00205B6D315D6F66666C60
:105FA000696E207374617274206368617267650A38
:105FB0000000000070480020780000205B6D315D1B
:105FC000206368617267696E67206F6B0A0000006A
:105FD0005B636F6D6D5D206F66666C696E206662D7
:105FE000206C6F636B206661696C0A00FD48E5F701
:105FF000BFFD012800D00AE4FB4A4FF4B661FB481C
:10600000E7F7BFF90121FA48C07800EBC010F94A60
:1060100002EBC00080F816130120F549C97801EBA6
:10602000C11102EBC10181F87B0000BFF048C078CC
:1060300000EBC010114601EBC00090F87100EC4974
:10604000C97801EBC11102EBC10181F87000042194
:10605000E748C07800EBC01002EBC00080F8711078
:1060600000BF00E0BAE00020114681F87A00F5F7A1
:1060700036F8E0B100BFDE48C07800EBC010DD4963
:1060800001EBC00090F87100D949C97801EBC1114A
:10609000D84A02EBC10181F870000121D448C078D0
:1060A00000EBC01002EBC00080F8711000BF4FF48D
:1060B0004860E5F74FFDD04A03C214E04FF6FF7089
:1060C000E5F728FCCA48C07800EBC010C94901EBCD
:1060D000C00090F87300012800D105E0C648E5F73C
:1060E00047FD00B100E0E9E700BFC149C8780022E0
:1060F0001146F8F778F9BE49C87800220121F8F76F
:1061000072F94FF4FA60E5F725FDBB4A03C213E0CC
:106110004FF6FF70E5F7FEFBB548C07800EBC01006
:10612000B44901EBC00090F85E0300B905E0B24845
:10613000E5F71EFD00B100E0EAE700BFAC48C0781B
:1061400000EBC010AB4901EBC00090F85E030128E2
:1061500008D1084690F8790020B9A548C1781D20DB
:10616000F5F7E5FDA349D1F83403EAF7D7F9A3A27F
:1061700040F2E1519D48E7F704F9ECF716F90320E6
:106180009B49C97801EBC1119A4A02EBC10181F820
:1061900061031146A1F8EC030846D0F8480338B96A
:1061A000AFF65C719948EAF7C4F99249C1F848031F
:1061B0009049D1F848034FF47A71EAF79CF910E05E
:1061C000ECF7B9FD0320FEF74FFA0AE00120FEF7D5
:1061D0004BFA06E00120FEF747FA02E00120FEF745
:1061E00043FA00BF08E57CB504460D462B4688A25D
:1061F00040F20D618B48CDE90045E7F7C2F8A07881
:1062000059287CD188480068C07A012878D1207844
:10621000022876D160780028FBD17548C07800EB61
:10622000C010744901EBC00090F87A00002869D1D1
:106230006F488078002866D16D49C878FEF724FB46
:1062400001206B49C97801EBC1116A4A02EBC10117
:1062500081F861036649C87801220021F8F7C3F884
:106260004FF4FA60E5F776FC704A03C214E04FF68B
:10627000FF70E5F74FFB5E48C07800EBC0105D494A
:1062800001EBC00090F85E03012800D105E06748EB
:10629000E5F76EFC00B100E0E9E700BF5448C078C4
:1062A00000EBC010534901EBC00090F85E030128D9
:1062B0006DD14F49C87801221146F8F794F84C483F
:1062C000C07800EBC0104B4901EBC00090F87300A0
:1062D000002815D04649C878F4F701FF002895D169
:1062E0004348C07800EBC010424901EBC00090F871
:1062F0007300022821D100BF3D48C07804E00AE2C3
:10630000E9E004E2EFE0E7E000EBC01001EBC000E1
:1063100090F871003649C97801EBC111354A02EB9A
:10632000C10181F8700003213148C07800EBC01032
:1063300002EBC00080F871101CE000BF2C48C07850
:1063400000EBC0102B4901EBC00090F87100284908
:10635000C97801EBC111274A02EBC10181F8700035
:1063600004212348C07800EBC01002EBC00080F885
:10637000711000BF01201E49C97801EBC1111D4AEF
:1063800002EBC10181F87A00ECF72AF8C6E128A2F5
:1063900040F243612348E6F7F4FF01201449C9782D
:1063A00001EBC111134A02EBC10181F87A0003200D
:1063B0000F49C97801EBC11102EBC10181F86103FA
:1063C00002211D20F5F7B3FC0949C87801221146C6
:1063D000F8F709F84FF4FA70E5F7BCFB134A03C26B
:1063E00039E00000000F0020384E0208EFF00208EC
:1063F00050560020404E0020E80E00205B6D315DBD
:106400002073746F70206F6B0A000000D55B010869
:106410005B6D315D77726974652D3E25643A202588
:10642000680A0000FDF0020878000020080F002034
:106430005B6D315D206662206C6F636B2066616905
:106440006C0A00004FF6FF70E5F764FAFC48E5F7C8
:106450008FFB00B100E0F5E700BFFA49C8780022E1
:106460001146F7F7C0FFF749C87800220121F7F776
:10647000BAFF4FF4FA60E5F76DFBF14A03C213E08F
:106480004FF6FF70E5F746FAEE48C07800EBC01013
:10649000ED4901EBC00090F85E0300B905E0E84863
:1064A000E5F766FB00B100E0EAE700BFE548C07829
:1064B00000EBC010E44901EBC00090F85E03012836
:1064C00009D1084690F879000028F9D1DD48C17853
:1064D0001D20F5F72CFC21E10020DA498870052009
:1064E000FEF7C2F81AE1D748C07800EBC010D649D1
:1064F00001EBC00090F87A0001286ED10121D1484B
:10650000C07800EBC010D04A02EBC00080F8161330
:106510000120CC49C97801EBC11102EBC10181F81E
:106520007B0000BFC748C07800EBC010114601EBEC
:10653000C00090F87100C349C97801EBC11102EBAA
:10654000C10181F870000421BE48C07800EBC01082
:1065500002EBC00080F8711000BF0020114681F8E6
:106560007A00F4F7BCFDE0B100BFB648C07800EB9C
:10657000C010B54901EBC00090F87100B149C9786D
:1065800001EBC111B04A02EBC10181F87000012199
:10659000AC48C07800EBC01002EBC00080F871106E
:1065A00000BF4FF44860E5F7D5FAA54A03C215E0ED
:1065B0004FF6FF70E5F7AEF9A248C07800EBC010C7
:1065C000A14901EBC00090F87300012800D106E05A
:1065D0009B48E5F7CDFA08B101E078E0E8E700BFB5
:1065E0009849C87800221146F7F7FDFE9549C8780A
:1065F00000220121F7F7F7FE4FF4FA60E5F7AAFA57
:106600008F4A03C213E04FF6FF70E5F783F98D4818
:10661000C07800EBC0108C4901EBC00090F85E031D
:1066200000B905E08648E5F7A3FA00B100E0EAE723
:1066300000BF8448C07800EBC010834901EBC00064
:1066400090F85E03012808D1084690F8790020B937
:106650007C48C1781D20F5F76AFB0020EFF705FAAA
:106660007949D1F83403E9F759FF03207549C9780E
:1066700001EBC111744A02EBC10181F86103714859
:10668000C07800EBC010114601EBC000D0F88400C8
:106690006C49C97801EBC11102EBC101C1F82803B3
:1066A0006848C07800EBC010114601EBC000D0F87C
:1066B00024016449C97801EBC11102EBC101C1F8A1
:1066C0002C03EBF7AAFF032000F043FC1BE00121A1
:1066D0005C48C07800EBC0105B4A02EBC00080F859
:1066E000161303205749C97801EBC11102EBC10110
:1066F00081F861030020114681F87A00EBF7B3FFBF
:10670000032000F026FC0F20FDF7AEFF06E0052079
:10671000FDF7AAFF02E00520FDF7A6FF7CBD7CB5D2
:1067200005460C46234649A240F2C2614E48CDE9D7
:106730000054E6F726FE7CBD7CB505460C46234694
:106740004AA24FF4D9614F48CDE90054E6F719FE4B
:1067500001204D4908707CBD00224B4B1A707047D8
:1067600010B59AB0044649480068007F022801D15C
:106770001AB010BD642101A804F067FA0024434850
:106780000068407AA04200DCF2E7EFF755FA0020FB
:1067900004EB440101EBC4013D4A02EBC1018870E6
:1067A00004EB440000EBC400114601EBC00090F87C
:1067B0002A0004EB440101EBC40102EBC10181F8A2
:1067C0002A0004EB440000EBC40002EBC001582295
:1067D00001A804F0DEF901A90B20FDF7DDFE00BFE2
:1067E000C6E710B58EB0044628480068007F02282E
:1067F00001D10EB010BD144890F87A0001280AD0DB
:10680000114890F87100032805D00F4890F87100E6
:10681000042800D0EDE7342101A804F016FA002482
:1068200004EB44001B4A02EB0011302201A804F0E3
:10683000B0F901A90A20FDF7AFFE00BFD9E70000BB
:10684000080F002050560020404E00200A5B6D319A
:106850005D206D315F6D6F646966795F70772D3E85
:1068600025643A2025680A000CF102080A5B6D31A4
:106870005D206D315F6164642D3E25643A2025689A
:106880000A00000019F10208080E0020780000201C
:10689000904D0020104D00202DE9F041044688461F
:1068A0000027002500F058FB06462778FE480068C0
:1068B000007F022801D1BDE8F0810A2F71D2DFE804
:1068C00007F00506162034385758677179E02079AB
:1068D0000006E17800EB0140A17800EB012061782F
:1068E0000844F249C8640120E6F7B1F969E060782C
:1068F000A17800EB0120ED4908810120E6F7A7F916
:106900005FE06078E94981F84A00084690F84A005B
:10691000E6214843E4490968097A4843E349A1F874
:1069200052000120E6F793F94BE00120E6F78FF9DA
:1069300047E06078A17800EB012081B2DC48A0F844
:10694000091000250EE0DA48B0F80910093000EB14
:10695000450001800021D648693000EB45000180E8
:10696000681CC5B2302DEEDB0120E6F770F928E097
:1069700027E06078CF4981F83C00A07881F83D009D
:10698000CD4880780A2802DCE078CB49887018E08E
:1069900060783178884201D1002000E03078307092
:1069A0000FE00DE06078C24981F8DA00084690F8FF
:1069B000DA00BD49096848730120E6F748F900E0AC
:1069C00000BF00BF00BF76E770B505460E46002445
:1069D00026E004EB4400B94911F81000E978884238
:1069E0001CD104EB4400B54901EB40004078297903
:1069F000884213D104EB4400B04901EB4000D0F8C9
:106A0000020050B1F01F81B204EB4400AB4B03EB2A
:106A10004000D0F80220681D904703E0601CC4B21B
:106A20000A2CD6D300BF70BD10B50024A44890F83E
:106A30007100062803D0A24890F8710000B910BD7B
:106A4000A0480078401C9F4908700846007801283B
:106A500002D002280BD103E02046FFF781FE0AE0B6
:106A60000020984908702046FFF7BBFE03E0002095
:106A70009449087000BF00BF00BFE0E770B500F0A8
:106A80006BFA0546002400BF14E004EBC4108C49E7
:106A900001EBC00090F87A00012809D104EBC41082
:106AA00001EBC00090F8730010B90320FDF7DCFD86
:106AB000601CC4B27C480068407AA042E5DC824891
:106AC000E5F756F8012835D180480078401C7F4909
:106AD0000870087800EBD0714910B0EB41011CD070
:106AE0007B48008870B17A480088401E7849088049
:106AF0000846008830B90020764908800021084601
:106B0000FDF74AFD73480088022808DB0020714920
:106B100008800120FDF7A8FD01E0FFF785FF6D4823
:106B20000088401C6B4908804FF4FA70E5F712F8B2
:106B3000654A03C2624890F8710067490978884243
:106B400001D1287838B15E4890F871006249087028
:106B50000020FFF705FE5D480078FF2802D10020E5
:106B60005A49087070BD70B54F480068007F022810
:106B700007D10022594801680420E9F7DFFE0546E5
:106B800006E00022554801681046E9F7D7FE0546A1
:106B9000002D7DD00024F9E050480068015D504888
:106BA000006882884E4800688088401C4C4B1B68F7
:106BB00098804B480068801D8154494800680078DF
:106BC000F8B946480068005D02281AD100204449FF
:106BD000096888804249096848800120404909685D
:106BE000087002213E48006882883D48006880881D
:106BF000401C3B4B1B68988039480068801D8154BD
:106C0000ABE03748006880790228F9D13448006841
:106C100000780128F4D1324800688088032824D104
:106C20002F480068017A2E480068C07901EB0020E7
:106C3000B0F5807F0EDD2A480068017A2848006898
:106C4000C07901EB002327A240F2DF712C48E6F760
:106C500098FB0AE022480068017A21480068C07960
:106C600001EB00201E49096848801D4800688188A2
:106C70001B4800684088401D81426ED1184800685A
:106C80008088801E16490968891D085C032800E079
:106C90007FE062D1124800688088401E81B21048AF
:106CA0000068801D2EE00000780000207048002061
:106CB000C848002050560020184C0020680E0020C4
:106CC000404E0020100F0020180F0020210F002040
:106CD0001C0E00201E0E0020200F0020140E00208D
:106CE000180E00205B6D315D206D31506B672D3EBD
:106CF00072784C656E20657272213A2564200A0014
:106D000020F10208FDF73BFC734909688988491E98
:106D1000714A1268921D515C88420ED16E4800681B
:106D200081886D480068801DFFF74EFE4FF4FA60C1
:106D3000E4F710FF694A03C208E00120FDF794FC64
:106D400067A240F2F1716A48E6F71BFB0020624936
:106D5000096808706049096888805F480068808811
:106D6000802810DB00205C49096888805A4909683E
:106D700008700120FDF778FC5EA240F2FD715C48CE
:106D8000E6F7FFFA00E000BF601C84B2AC42FFF6F9
:106D900003AF514800680078B0B15048E4F7E8FE0E
:106DA00090B100204C49096888804B4909680870F7
:106DB0004FF4FA60E4F7CEFE484A03C252A240F60E
:106DC0000E014B48E6F7DDFAFFF758FE70BD10B52F
:106DD0008EB04FF4E1300A900020ADF82C00ADF8F1
:106DE0002E00ADF83000ADF832000C20ADF83400C4
:106DF0004948006809904FF480700890474800683F
:106E000007908020069046480068007F022801D144
:106E1000042400E00024DDE90601CDE90301DDE9F9
:106E20000801CDE901010D98009020460AA90EC97C
:106E3000E9F7E7FE10B900200EB010BD0120FBE716
:106E400010B58020E7F77EFE3449086008460068E8
:106E500000B910BD4FF48070E7F774FE2E4908604A
:106E60000846006820B92D480068E7F771FEF0E792
:106E70008020E7F767FE2B4908600846006840B9A4
:106E800026480068E7F764FE23480068E7F760FEDD
:106E9000DFE78620E7F756FE0F49086008460068DE
:106EA00060B91E480068E7F753FE1B480068E7F723
:106EB0004FFE1C480068E7F74BFECAE7FFF787FF65
:106EC0000120FDF7D1FB18A240F655011C48E6F75A
:106ED00058FA00BFBDE70000180E0020280F002060
:106EE0005B6D315D2063726320657272210A000060
:106EF00020F102085B6D315D207278206D6F657244
:106F000020657272210A00006D3120527820746968
:106F10006D656F75740D0A00100E00200C0E0020B8
:106F200078000020140E00205B6D315D206D312053
:106F30006361726420696E69742E2E2E0A0000004F
:106F400030F102084448007808B900207047012059
:106F5000FCE74149087070473F4870472DE9F04110
:106F600005460E46304603F065FDC7B2002403E037
:106F7000305D2855601CC4B2BC42F9DB00202855A6
:106F8000BDE8F0817047002000BF04E00021334AD3
:106F90001154411C88B2FF28F8DD0021304A1170DD
:106FA00070472DE9F0410746884615460026002423
:106FB0005A222146641C2B484254A5222146641CB7
:106FC0004254681CC2B22146641C264842542146E1
:106FD000641C475400BF08E018F806202046611CD6
:106FE0008CB220490A54701C86B2AE42F4DB0020F9
:106FF0001D4908704C7022461A490420E9F7DBFB52
:10700000BDE8F08110B50020184908801848407884
:10701000FF2802DB00201649487015498879FFF7E0
:10702000B1FFFFF7B0FF10BD70471048008842F273
:107030001071884204D20D480088401C0B4908801A
:1070400070470A48008842F21071884201D301203B
:1070500070470020FCE7000088A8002088AE0020D0
:107060004C0F002088AF00204A0F00204E0F002058
:1070700088B0002030B50546039C002030BD2DE9C6
:10708000F0470746884614469946089E002514B9DD
:10709000681EBDE8F0870020F54908802078D8B93F
:1070A00000210846EFF7C2F92378F2A23121F9480E
:1070B000E6F767F900210520EEF7A9FC002504E0BA
:1070C0002846EEF7D2FC681CC5B2012DF8DB002182
:1070D0000846F0F731FF05E02378EFA23C21ED48A8
:1070E000E6F74FF90020D4E72DE9F04106460F46B8
:1070F00014469846069D1CB94FF0FF30BDE8F0815C
:1071000020780309EBA24421F348E6F73AF9207806
:107110000121B1EB101F03D10220F049087102E0F8
:107120000120EE4908710020E8E72DE9F04385B021
:1071300007468846154699460C9E25B94FF0FF3004
:1071400005B0BDE8F0832B78E5A24F21EB48E6F7C8
:1071500018F90020EA490880287801283FD16C1CE2
:1071600060792179E278A378CDE90132CDE9031085
:10717000607800902378E3A25421E048E6F701F913
:107180000220D6490871207863281ADA207812285C
:1071900017DD60780D2814DAA078202811DAE0785D
:1071A0003D280EDA20793D280BDA60793D2808DA8F
:1071B00020680390A088ADF81000DDE90301E7F72F
:1071C000C8FDDA480078022808D00220D7490870A4
:1071D0000020EEF74AFC0120EEF747FC0AE0012010
:1071E000BE4948710871D1480078012802D00120B9
:1071F000CE4908700020A3E72DE9F84304460D4668
:1072000016461F46DDF820803B463246294620467A
:10721000CDF80080F0F7D4FE0020BDE8F8832DE91A
:10722000F84304460D4616461F46DDF820803B46CF
:10723000324629462046CDF80080F1F736F8002086
:10724000BDE8F8832DE9F84304460D4616461F466F
:10725000DDF820803B46324629462046CDF80080A6
:10726000F1F74DF90020BDE8F8832DE9F843044615
:107270000D4616461F46DDF820803B46324629461D
:107280002046CDF80080F1F78AFB0020BDE8F883A6
:107290002DE9F84306460F4614469846DDF820903F
:1072A00094F8400000F00F05022D09DB2B46A0A248
:1072B0008321A648E6F765F84FF0FF30BDE8F88374
:1072C00094F82000000901D1A1A000E0A5A0034688
:1072D000A9A286219D48E6F754F84346224639463E
:1072E0003046CDF80090F1F7F6FB0020E6E72DE9F7
:1072F000F84304460D4616461F46DDF820803B46FF
:10730000324629462046CDF80080F1F701FC0020E6
:10731000BDE8F8832DE9F84304460D4616461F469E
:10732000DDF820803B46324629462046CDF80080D5
:10733000F1F70DFC0020BDE8F8832DE9F843044681
:107340000D4616461F46DDF820803B46324629464C
:107350002046CDF80080F2F727FA0020BDE8F88338
:107360002DE9F84304460D4616461F46DDF82080F9
:107370003B46324629462046CDF80080F2F7E4FA33
:107380000020BDE8F8832DE9F04105460C4616467D
:107390001F4604202080228829467A4803F0B4FB47
:1073A0002088388022882946304603F0ADFB012032
:1073B000BDE8F0812DE9F04105460C4616461F4612
:1073C0000120208028786F49E03981F8E600208884
:1073D000388022882946304603F096FB0120BDE81C
:1073E000F08110B50446012008806648E03890F826
:1073F000E60010700120188010BD2DE9F041044610
:107400000D4616461F46012028805E48E03890F859
:10741000E60028B92078012802D10020BDE8F081DB
:1074200020785849E03981F8E700288838802A8890
:107430002146304603F068FB0120EFE710B5044613
:10744000012008804F48E03890F8E70010700120D4
:10745000188010BD2DE9F04105460C4616461F4622
:1074600001202080287808B101208EE08CE0000007
:10747000DC030020636861726765722073796E2097
:1074800061636B203A2025642073756363656564CE
:107490000A0000009CF5020863686172676572204B
:1074A00073796E2061636B203A20256420666175D4
:1074B0006C740A006368617267657220737461742A
:1074C0007573207270742061636B206E6574776FC2
:1074D000726B3A25640A0000B4F5020831040020FA
:1074E000636861726765722068622061636B206EF9
:1074F0006574776F726B3A25640A0000CBF5020859
:10750000DE03002063686172676572206862207321
:10751000657474696D653A25642D25642D25642094
:1075200025643A25643A25640A000000500F0020C3
:10753000636D64413967756E5F69642069732065A6
:1075400072726F723A25642100000000DEF50208B5
:1075500075706C6F6164206C6F6720737563657301
:10756000730A000075706C6F6164206C6F67206631
:1075700061696C0A00000000636D6441392D2D259E
:10758000730A0000A84900200020FE4981F8F40396
:107590002088388022882946304603F0B5FA012039
:1075A000BDE8F08110B5044601200880F54890F848
:1075B000F40310700120188010BD2DE9F04105463C
:1075C0000C4616461F4601202080287808B101206D
:1075D00000E00020EB4981F8F803208838802288F9
:1075E0002946304603F090FA0120BDE8F08110B53D
:1075F000044601200880E34890F8F8031070012049
:10760000188010BD2DE9F04105460C4616461F4670
:1076100001202080287808B1012000E00020D9490D
:1076200081F8F6032088388022882946304603F006
:107630006BFA0120BDE8F08110B5044601200880F6
:10764000D04890F8F60310700120188010BD2DE985
:10765000F04105460C4616461F460420208022882D
:107660002946C94803F050FA2088388022882946E4
:10767000304603F049FA0120BDE8F0812DE9F041E0
:1076800007460C4615461E46042020802288BE4927
:10769000284603F039FA042030800120BDE8F0814B
:1076A0002DE9F04105460C4616461F460220208073
:1076B00022882946B448083003F026FAB14890F8E9
:1076C000F0130220EEF7A3F920883880228829469B
:1076D000304603F019FA0120BDE8F0812DE9F041B0
:1076E00007460C4615461E46022020802288A649E1
:1076F0000831284603F008FA022030800120BDE856
:10770000F0812DE9F04105460C4616461F46022041
:107710002080228829469D4803F0F6F99B48E438EA
:10772000B0F8E4000A2804DA0A209849E439A1F8FC
:10773000E4002088388022882946304603F0E4F9A6
:107740000120BDE8F0812DE9F04107460C461546C1
:107750001E460220208022888C49284603F0D4F956
:10776000022030800120BDE8F0812DE9F04105467E
:107770000C4616461F460120208028788349E439AC
:1077800081F8DA002088388022882946304603F0C4
:10779000BBF90120BDE8F08110B50446012010BD01
:1077A0002DE9F0478146884615461F460024754E50
:1077B0002C367749B1F90000002801DB014600E0D2
:1077C000414209B2724A118020227249284603F0D0
:1077D0009BF904F12000C4B26A4890F87120204659
:1077E000611CCCB22A546C4890F820202046611CC1
:1077F000CCB22A546848008C020A2046611CCCB2E4
:107800002A5400222046611CCCB22A542046611C16
:10781000CCB22A542046611CCCB22A542046611CAA
:10782000CCB22A545C4890F826202046611CCCB289
:107830002A545948C08C020A2046611CCCB22A54F2
:1078400000222046611CCCB22A542046611CCCB2D6
:107850002A542046611CCCB22A542046611CCCB26A
:107860002A544D4890F82C202046611CCCB22A5452
:107870004948808D020A2046611CCCB22A544648F1
:1078800090F82C202046611CCCB22A544248808DAE
:10789000020A2046611CCCB22A543E480A380279BA
:1078A0002046611CCCB22A543C4890F82220204645
:1078B000611CCCB22A543948408C020A2046611C13
:1078C000CCB22A5400222046611CCCB22A54204655
:1078D000611CCCB22A542046611CCCB22A542046EA
:1078E000611CCCB22A542D48827F2046611CCCB248
:1078F0002A542A48C08B020A2046611CCCB22A5462
:1079000000222046611CCCB22A542046611CCCB215
:107910002A542046611CCCB22A542046611CCCB2A9
:107920002A541F4802782046611CCCB22A541C48B5
:107930000088020A2046611CCCB22A54184882787A
:107940002046611CCCB22A5415484088020A2046C1
:10795000611CCCB22A541349B1F90010642201FB16
:1079600002F0C11700EBD161C1F347132146621C3D
:10797000D4B26B540B49B1F90010642201FB02F040
:10798000C11711E0404E002028520020AC490020D1
:107990000C0700207A48002030570020684C002057
:1079A0007C0000208407002000EBD1614911C1F365
:1079B00007232146621CD4B26B54FC48027820464F
:1079C000611CCCB22A54F9480088C0F30722214632
:1079D000601CC4B26A54F64802792046611CCCB2DD
:1079E0002A54F3488088020A2046611CCCB22A54EB
:1079F00000222046611CCCB22A542046611CCCB225
:107A00002A542046611CCCB22A542046611CCCB2B8
:107A10002A54E84890F828202146601CC4B26A54D1
:107A2000E448008D020A2046611CCCB22A54E24987
:107A3000D1F8900304F05CFAC2B22046611CCCB2CB
:107A40002A54DD49D1F8900304F052FAC0F307201C
:107A50002146621CD4B26854D849B1F9001001EB38
:107A600081014800C11700EB5171C1F3C7032146E2
:107A7000621CD4B26B54D149B1F9001001EB810101
:107A80004800C11700EB5171C910C1F3072122460C
:107A9000631CDCB2A954CA49B1F9001001EB8101A1
:107AA0004800C11700EB5171C1F3C7032146621CA6
:107AB000D4B26B54C249B1F9001001EB8101480006
:107AC000C11700EB5171C910C1F307212246631C95
:107AD000DCB2A954B849D1F8540304F025FA80B2B5
:107AE0004FF47A7148433C2190FBF1F0C2B220463A
:107AF000611CCCB22A54B049D1F8540304F014FAF2
:107B000080B24FF47A7148433C2190FBF1F0C0F30E
:107B100007202146621CD4B26854A74890F8302050
:107B20002046611CCCB22A54A348008EC0F3072221
:107B30002046611CCCB22A549F48006BC0F3074218
:107B40002046611CCCB22A549B48006B000E214693
:107B5000621CD4B268549949B1F9001001EB81015B
:107B60004800C11700EB5171C1F3C7032146621CE5
:107B7000D4B26B549149B1F9001001EB8101480076
:107B8000C11700EB5171C910C1F307212246631CD4
:107B9000DCB2A9548B4802782046611CCCB22A542E
:107BA00088480088C0F307212246641CA95404F1C8
:107BB0000E00C4B2327A2046611CCCB22A543089FD
:107BC000020A2046611CCCB22A54B27A2046611CBB
:107BD000CCB22A547089020A2046611CCCB22A54C5
:107BE000327B2046611CCCB22A54B089020A20465E
:107BF000611CCCB22A54F0890A2190FBF1F0C2B288
:107C00002046611CCCB22A54F0890A2190FBF1F085
:107C1000C0F307202146621CD4B26854308A0A217E
:107C200090FBF1F0C2B22046611CCCB22A54308ADB
:107C30000A2190FBF1F0C0F307202146621CD4B268
:107C40006854708A0A2190FBF1F0C2B22046611C90
:107C5000CCB22A54708A0A2190FBF1F0C0F30720BD
:107C60002146621CD4B268545749098801EB81014E
:107C70004800C11700EBD161C1F347132146621CD4
:107C8000D4B26B545049098801EB81014800C117F7
:107C900000EBD1614911090A2246631CDCB2A954E8
:107CA0004A4802782046611CCCB22A5447480088D2
:107CB000020A2046611CCCB22A543C803888A8F8BD
:107CC00000000120BDE8F0872DE9F04104460D4693
:107CD00016461F464FF00008012028802078012812
:107CE00003D18046EDF7F0FD15E02078022805D19C
:107CF0004FF001080120EDF7BDFD0CE020780328CE
:107D000007D14FF00108EDF7DFFD0120EDF7B2FDDF
:107D100001E04FF00008288838802A882146304644
:107D200002F0F2FE4046BDE8F0812DE9F041054643
:107D30000C4616461F462648007801280CD10A201A
:107D4000244981F85500084690F855101A4880F8E3
:107D5000E0130120EBF7E0FF2020208020211D48C8
:107D60000A3002F050FF228829461A480A3002F0F1
:107D7000CBFE228817490A31304602F0C5FE208822
:107D800038800120BDE8F0812DE9F04107468846A2
:107D900014461D46202632460E490A31204602F07E
:107DA000B3FE2E800120BDE8F08100000C0700200A
:107DB00030570020684C0020404E00207C050020F9
:107DC0006805002084000020B40400205405002031
:107DD0009600002070480020F0B587B005460C469C
:107DE00016461F46062020802288294605A802F054
:107DF0008BFE22882946304602F086FE9DF8190047
:107E00009DF818109DF817209DF81630CDE9013225
:107E1000CDE903109DF8150000909DF81430AFF6E1
:107E20001C1240F20621F848E5F7ABFA9DF8140061
:107E3000632820DA9DF8140012281CDD9DF8150037
:107E40000D2818DA9DF81600202814DA9DF817007E
:107E50003D2810DA9DF818003D280CDA9DF819002D
:107E60003D2808DADDE90501E6F773FF2088388050
:107E7000012007B0F0BD0020FBE72DE9F0410746E7
:107E8000884614461D4606202880E6F76FFF064602
:107E900030682060B088A0800120BDE8F0812DE925
:107EA000F04104460D4616461F4602202880D7485A
:107EB00080782178884208D1D54890F8FB03617812
:107EC000884202D10020BDE8F081D14890F8FB0340
:107ED0006178884204D06078CD4981F8FB0302E0E4
:107EE0002078CA498870288838802A8821463046F8
:107EF00002F00AFE0120E6E710B5044601200880E2
:107F0000C248807810700120188010BD2DE9F04122
:107F100005460C4616461F46012020802878BB499E
:107F2000C8702088388022882946304602F0ECFD4F
:107F30000120BDE8F08110B50446B448C078107047
:107F40000120188010BD2DE9F04105460C4616466B
:107F50001F46012020802878AC490871208838808D
:107F600022882946304602F0CFFD0120BDE8F0818D
:107F700010B50446A548007910700120188010BD86
:107F80002DE9F04105460C4616461F46A1480089DA
:107F900010B10020BDE8F081C4202080228829464D
:107FA0009A48401D02F0B0FD20883880228829467A
:107FB000304602F0A9FD0120ECE72DE9F04106462C
:107FC0000F4615461C46C420208022888F49491D33
:107FD000284602F099FD0120BDE8F0812DE9F0412D
:107FE00005460C4616461F46022020802288294658
:107FF0008648CA3002F088FD2088388022882946C9
:10800000304602F081FD0120BDE8F0812DE9F0410C
:1080100006460F4615461C460220208022887B49D2
:10802000CA31284602F070FD0120BDE8F0812DE93B
:10803000F04105460C4616461F4602202080228845
:1080400029467248CC3002F05FFD208838802288B3
:108050002946304602F058FD0120BDE8F0812DE9A7
:10806000F04106460F4615461C4602202080228815
:108070006649CC31284602F047FD0120BDE8F08179
:108080002DE9F04105460C4616461F46012020808A
:10809000228829465D48CE3002F036FD208838809F
:1080A00022882946304602F02FFD0120BDE8F081EC
:1080B00010B50446554890F8CE0010700120188085
:1080C00010BD2DE9F04105460C4616461F4604201A
:1080D0002080228829464D48D03002F015FD2088A6
:1080E000388022882946304602F00EFD0120BDE886
:1080F000F0812DE9F04106460F4615461C46042046
:10810000208022884149D031284602F0FDFC012020
:10811000BDE8F0812DE9F04705460C4616461F469E
:1081200004202080228829463848D23002F0ECFC16
:108130003648B0F8D2000A2190FBF1F9484603F026
:1081400013FF80460121F4F783FD3048B0F8D200D8
:108150000A2190FBF1F9484603F006FF8046022110
:10816000F4F776FD2088388022882946304602F0D0
:10817000CBFC0120BDE8F087F0B504460D46002198
:1081800004201880234890F84A0000EB800040004B
:108190001E4EA6F8D200304690F8D2700E46491C0A
:1081A0009755B0F8D200070A0E46491C975500278C
:1081B0000E46491C9755002050540120F0BD2DE972
:1081C000F04105460C4616461F46062020802288B0
:1081D00029460E48D43002F097FC20883880228847
:1081E0002946304602F090FC0120BDE8F08130B510
:1081F00004460648D43005681560808890800620C3
:108200001880012030BD0000F5F50208C8480020A4
:10821000404E0020704800202DE9F04105460C46F4
:1082200016461F4601202080FE4890F87A0001285B
:1082300002D10020BDE8F0812878FB49088108467A
:10824000008918B90020F74981F8FE03208838809A
:1082500022882946304602F057FC0520E4F7F7FC57
:108260000120E7E730B50546EF48047A0120088091
:108270001470188030BD2DE9F04105460C461646B5
:108280001F464FF000080120208028780A2804D1DA
:108290004FF001080120EDF7EDFA208838802288A0
:1082A0002946304602F030FC4046BDE8F0812DE919
:1082B000F04105460C4616461F464FF000080120C7
:1082C00020802878012803D10121D64880F80214A3
:1082D0002088388022882946304602F015FC404626
:1082E000BDE8F0812DE9F04105460C4690461E465A
:1082F0002F780120208020883080092F7DD2DFE870
:1083000007F0D94F5305105769D9A200C7A240F210
:108310002331CB48E5F735F800210220EDF777FB54
:10832000CBE0C04890F87A00012835D100210846FA
:10833000F5F7CBFD00210846F5F7A9F90421B94866
:1083400080F871100120B74981F8EE03002081F810
:108350007A000C21B34880F826130120B14981F836
:10836000F303032081F86103A1F8EC030846D0F879
:10837000480330B9B3A1B648E8F7DBF8A949C1F81A
:108380004803A849D1F848034FF47A71E8F7B3F8E5
:108390000520E4F75CFC02E00520E4F758FC8CE0E3
:1083A0000120AC49C87088E00020AA49C87084E068
:1083B00045F2A050A849088001209B4981F854004B
:1083C000A6A240F24B319E48E4F7DBFF0320E4F71E
:1083D0003EFC72E0934890F87A0001282FD10421E6
:1083E000904880F8711000208E4981F87A000120B1
:1083F00081F8EE030C218B4800E05BE080F8261347
:108400000120884981F8F303032081F86103A1F872
:10841000EC030846D0F8480330B98AA18C48E8F745
:1084200088F88049C1F848037E49D1F848034FF4E1
:108430007A71E8F760F80520E4F709FC02E005200E
:10844000E4F705FC39E0774890F87A0001282DD14F
:108450000421744880F871100020724981F87A0074
:10846000012081F8EE030B216E4880F826130120CD
:108470006C4981F8F303032081F86103A1F8EC0350
:108480000846D0F8480330B96EA17148E8F751F8B2
:108490006449C1F848036349D1F848034FF47A713D
:1084A000E8F729F80520E4F7D2FB02E00520E4F71D
:1084B000CEFB02E00020BDE8F08100BF0120FAE71A
:1084C00030B504460D460121564890F871001070F1
:1084D0001980012030BD30B504460D4606216B4899
:1084E00090F8200010706948008C000A507000203D
:1084F0009070D070107150711980012030BD30B56E
:1085000004460D460621614890F8260010705F4829
:10851000C08C000A507000209070D07010715071A3
:108520001980012030BD30B504460D46042157485E
:1085300090F82C0010705548808D000A5070002073
:108540009070D0701980012030BD30B504460D46C2
:1085500001213548007910701980012030BD30B5F7
:1085600004460120088020782F4DA88048480078D4
:1085700001280BD128468088F52803D0284680881A
:10858000F22803D10520434D85F8DA0008881880C9
:10859000012030BD2DE9F04105460E4617469846AC
:1085A00000243B480078012878D101220021204690
:1085B000F5F719FF4FF4FA60E3F7CCFA364A03C235
:1085C00012E04FF6FF70E3F7A5F904EBC41015496C
:1085D00001EBC00090F85E03012800D105E02E48B1
:1085E000E3F7C6FA00B100E0EBE700BF04EBC4100C
:1085F0000C4901EBC00090F85E03012875D10122FF
:1086000011462046F5F7EFFE04EBC410054901EBD7
:10861000C00090F87300002840D02046F2F75FFDBC
:1086200000283CE0404E00207048002072656C6FCE
:1086300067696E2061667465722032730A000000FB
:1086400005F6020844656C61793033546D720000A0
:10865000D55B010831040020FCFF00205245534542
:10866000545F545950455F474F544F5F424F4F54EA
:108670004C4F414445522C2064656C6179207265F1
:10868000626F6F742E2E2E0A0000000030570020FB
:1086900096000020C8480020580F00204DE078D1F7
:1086A000FD49096848690421F4F7D2FA04EBC410C3
:1086B000FA4901EBC00090F87300022816D100BF00
:1086C00004EBC41001EBC00090F8710004EBC4117E
:1086D000F24A02EBC10181F87000032104EBC410DF
:1086E00002EBC00080F8711017E027E000BF04EB38
:1086F000C410EA4901EBC00090F8710004EBC4110A
:10870000E64A02EBC10181F87000042104EBC410B9
:1087100002EBC00080F8711000BF012004EBC4110F
:10872000DE4A02EBC10181F87A0004EBC41102EBCE
:10873000C10181F86103E9F753FE2AE0D8A240F2B3
:10874000F931DD48E4F71DFE02211D20F3F7EFFAB1
:10875000012211462046F5F746FE4FF4FA70E3F782
:10876000F9F9D64A03C208E04FF6FF70E3F7D2F8F2
:10877000D248E3F7FDF900B100E0F5E700BF0022C1
:1087800011462046F5F72FFE002201212046F5F77D
:108790002AFE0120BDE8F0812DE9F04105460E4694
:1087A00017469846002400BF04EBC410BB4901EBF8
:1087B000C00090F8710004EBC411B84A02EBC1018B
:1087C00081F87000042104EBC41002EBC00080F8B3
:1087D000711000BF0020114681F87A00F2F77FFC8B
:1087E000B0B100BF04EBC410AC4901EBC00090F87D
:1087F000710004EBC411A94A02EBC10181F87000B9
:10880000012104EBC41002EBC00080F8711000BF1E
:10881000032004EBC411A14A02EBC10181F86103FA
:10882000002211462046F5F7DEFD002201212046F8
:10883000F5F7D9FD0120BDE8F08130B504460D46BD
:108840000221964890F8D40300EB80004006000E09
:1088500010709248B0F8D40300EB8000C0F3D7103A
:1088600050701980012030BD70B504460D460220BD
:1088700028802078667800EB062081B2B1F57A7FF7
:1088800001DC3C2912DAB1F57A7F01DD4FF47A710F
:108890003C2900DA3C210A2091FBF0F07F4EA6F83B
:1088A000D403208810802888188009E00A2091FBD2
:1088B000F0F07A4EA6F8D40320881080288818801B
:1088C000012070BD2DE9F04105460C4616461F46B5
:1088D0000220208071482968C0F8DA13A988A0F81E
:1088E000DE13408F0A2190FBF1F07549C8866B4872
:1088F000808F0A2190FBF1F0714908876748C08F8B
:108900000A2190FBF1F06E494887228829463046BB
:1089100002F0FAF8208838800120BDE8F0812DE9C6
:10892000F04104460E4617469846042030805B48C6
:1089300090F87A00012802D10020BDE8F081564964
:10894000096848690321F4F783F92178534880F8CE
:10895000E013617880F8E11390F8E003594981F859
:108960005500A078E17800EB012085B24B4890F8E3
:10897000E00320B90120494981F8600303E00020A9
:10898000464981F86003B5F57A7F01DC3C2D13DAA6
:10899000B5F57A7F01DD4FF47A753C2D00DA3C2580
:1089A0000A2095FBF0F03D49A1F8D4032068386017
:1089B0003088A8F800000AE00A2095FBF0F037495B
:1089C000A1F8D403206838603088A8F80000334844
:1089D00090F8D4033C4981F8E8000520E4F737F922
:1089E0000120AAE730B504460D460621374890F825
:1089F000220010703548408C000A507000209070A2
:108A0000D070107150711980012030BDF0B504464E
:108A1000062008802078677800EB072086B2A6F54C
:108A20004070C53801D4074600E04742BDB2642D0E
:108A300001DB0020F0BD2078677800EB0720234F92
:108A4000788420681060A0889080088818800120B1
:108A5000F0E730B504460D4606211C48807F1070B3
:108A60001A48C08B000A507000209070D0701071AE
:108A700050711980012030BDF0B5044606200880F1
:108A80002078677800EB072086B2A6F52450AE3830
:108A90001ED407461DE0000078000020404E002054
:108AA0005B636F6D6D5D206662206C6F636B20662B
:108AB00061696C0A0000000017F60208580F0020D8
:108AC0003057002070480020C8480020684C002023
:108AD0004742BDB2B5F5FA7F01DB0020F0BD20783A
:108AE000677800EB0720F94FF88320681060A088B2
:108AF0009080062018800120F0E730B50446012060
:108B000008802078552803D10120F14D287005E018
:108B10002078AA2802D10020ED4D2870207810700E
:108B200008881880012030BD30B504460D46042168
:108B3000E84800781070E7480088000A5070E5485F
:108B400080789070E3484088000AD0701980012036
:108B500030BDF0B504460D460221DF4EB6F9006087
:108B6000642706FB07F0C61700EBD666C6F3471668
:108B70001670D94EB6F9006006FB07F0C61700EB79
:108B8000D6667611360A567019800120F0BDF0B510
:108B900004460D460221D14EB6F90000002801DB43
:108BA000064600E0464236B2CC4F3E80384600785A
:108BB000107038460088000A507019800120F0BDFE
:108BC00010B50446012010BD30B504460D460621FF
:108BD000C34800791070C2488088000A5070002095
:108BE0009070D070107150711980012030BD2DE946
:108BF000F04104460D4616461F460020EEF76FFA78
:108C00000120BDE8F0812DE9F04104460D461646ED
:108C10001F460E202880E0780006A17800EB014076
:108C2000617800EB012021780844AE49C1F80200C8
:108C3000E0790006A17900EB0140617900EB0120A9
:108C400021790844A749C1F80600207A8872207B60
:108C50000006E17A00EB0140A17A00EB0120617A85
:108C60000844A049C1F80B00607BC873288838808D
:108C70002A882146304601F047FF0120BDE8F081F7
:108C800070B504460D4601212078974E86F868009D
:108C9000304690F86800022802DD002086F868005F
:108CA0001980012070BD2DE9F04FB7B082468B4688
:108CB00017469846002400250026C82105A801F083
:108CC000C4FF1421684601F0C0FF884880788DF801
:108CD0001400641C00BF23E01421684601F0B5FFB6
:108CE00000260FE0684601F0A5FE694600EB010989
:108CF0007E48C01C00EB8500825D7DA1484601F0E6
:108D0000EBFB761C042EEDD3684601F093FE814602
:108D100005A908194A46694601F0F6FE14346D1C8F
:108D200072488078A842D7DC224605A9384601F06F
:108D3000EBFEA8F80040012037B0BDE8F08F2DE928
:108D4000F04F87B006460F4691469A464FF000080E
:108D5000142102A801F079FF002001900090002466
:108D600000251520388096F80080B8F1020F49D010
:108D70001422711C02A801F0C7FE00BF3CE04FF0B6
:108D8000000B02A9085D01F089FB28B102A8005D73
:108D9000303800F0FF0B14E002A9085D01F093FBEE
:108DA00028B102A8005D373800F0FF0B09E002A9E6
:108DB000085D01F07FFB20B102A8005D573800F08C
:108DC000FF0B204604EBD0714910B4EB410107D1F1
:108DD0001DF8050040EA0B10C0B20DF8050007E0D1
:108DE0000BF00F001DF8051008430DF805006D1C71
:108DF000042D00D905E0641C02A801F01BFEA0426E
:108E0000BDD800BFB8F1010F05D16846FBF72FFCB4
:108E1000012001900FE0B8F1000F05D16846FBF783
:108E20006AFC0120019006E0B8F1020F03D1FBF7C4
:108E3000B4FC012001903888AAF800003A88314635
:108E4000484601F061FE019807B0BDE8F08F2DE9BA
:108E5000F04105460C4616461F4601202080228818
:108E600005F11F01244801F04FFE20883880228838
:108E700005F11F01304601F047FE0120BDE8F081F9
:108E800010B504464E2018801B48EA3890F8EA00D6
:108E9000D077012010BD2DE9FC4706460F469046CD
:108EA0001D46DDE90AA9B8F1000F06D02DB1BAF1CF
:108EB000000F02D0B9F1000F02D10020BDE8FC87FD
:108EC00000202880A9F80000002448E0684C002019
:108ED000960000207C000020840700200C07002062
:108EE000305700204045002004480020184C002046
:108EF0002530325800000000B249002004EB440045
:108F0000FE4911F82000B04227D104EB440001EBE8
:108F100080004078B84220D104EB440001EB80008F
:108F200080683346F6A240F27961CDE90070FC48D2
:108F3000E4F727FA04EB4400F04901EB80004068B5
:108F400058B104EB440001EB80004B4652462946E1
:108F5000D0F804C04046E047B0E7601CC4B2402CE3
:108F6000CCD30120AAE72DE9FE4F81460E461746D5
:108F70001C46DDF830A0EB480068C0B94FF48060B3
:108F8000E5F7E0FDE74908600846006848B9E6A251
:108F900040F2B271ED48E4F7F4F94FF0FF30BDE86C
:108FA000FE8F4FF48061DF48006801F02CFE17B19E
:108FB000DC48006840B9E6A240F2BA71E348E4F741
:108FC000E0F94FF0FF30EAE704F10800B0F5806FF8
:108FD00008D9E7A240F2C171DC48E4F7D2F94FF0BA
:108FE000FF30DCE7BAF1000F0AD1EC480078CD4938
:108FF00009684871E9480078401CE849087003E0B6
:10900000C848006880F805A0FA20C64909680870B9
:109010000320C44909684870C2480068A0F802905B
:10902000C04800680671BF480068C48004F10800A9
:1090300085B222463946BB480068083001F064FD1D
:109040002946B8480068E3F7AEFF8046B548006897
:10905000083000F804804FEA1822B248006808304F
:10906000611C4254A81C85B22A46AE480168032000
:10907000E7F7A1FBAB480068CDE900503346C8A232
:1090800040F2DE71B1480295E4F77BF9002086E7F3
:109090002DE9F04F8DB01446DDF858B0201D079033
:1090A000C54806901CB901200DB0BDE8F08F2078AE
:1090B000C0F3C006657820784FEA1018A0780C90AD
:1090C000207800F007094FF0000A05EB0800C0B255
:1090D0000B900C982B46B9A240F29461CDE901693E
:1090E000CDF800800390C248E4F74BF900270A97B7
:1090F0000020089009904FF47E71AF48001F01F0E6
:10910000A4FDAD48001F007869F30100AA49091FBA
:1091100008700846007866F38200087008460078F8
:1091200068F30710087008464570007820F00800C2
:109130000870AA463FE00C98CDE901A6CDE903905E
:109140000B982B46AB4A40F2A3610090A848E4F785
:1091500018F908A906983844CDE900010A9907983A
:10916000421809AB31465046FFF795FE0590059829
:1091700050B1BDF824100A98084480B20A90BDF896
:109180002000384487B212E08B48001F007820F09E
:10919000080008308849091F08700020488004230F
:1091A0000A460A21CDF800B0FFF7DDFE7CE70AF1A0
:1091B000010000F0FF0A0B988245BCDB7E48001FCF
:1091C0004780407803280DD104237B4A121F0A21CF
:1091D0000020CDF800B0FFF7C6FE0020ECF745FCFC
:1091E000012061E7381D83B2734A121F0A21002053
:1091F000CDF800B0FFF7B7FE56E72DE9FC4706466D
:109200000F4690461D46DDE90AA9B8F1000F06D0C9
:109210002DB1BAF1000F02D0B9F1000F02D1002038
:10922000BDE8FC8700202880A9F80000002430E079
:1092300004EB4400704911F82000B04227D104EB40
:10924000440001EB80004078B84220D104EB440098
:1092500001EB80008068334629A24FF4DD61CDE93F
:1092600000706648E4F78DF804EB4400624901EBB6
:109270008000406858B104EB440001EB80004B468D
:1092800052462946D0F804C04046E047C8E7601C73
:10929000C4B20E2CCCD30120C2E72DE9F04F8DB023
:1092A0001446201D0890444807901CB901200DB0B9
:1092B000BDE8F08F207800F00106657820784FEA4D
:1092C000101894F802B02078C0F381094FF0000A1A
:1092D00005EB0800C0B20C902B4638A240F2047196
:1092E0004748CDE9029BCDE90086E4F74AF800271C
:1092F0000B97002009900A9084E0000040F10208DA
:109300006374726C5F636D643A2564207365745492
:109310007970653A2564205B25735D210A000000A1
:1093200027F60208640F00205B707269766174652D
:109330005D206D616C6C6F63206D73675F73656E2C
:1093400064206572726F720A000000008FF60208D6
:109350005B707269766174655D206D616C6C6F63C2
:10936000207061796C6F6164206572726F720A009F
:109370005B707269766174655D20505249565F4337
:109380004F4D4D5F504B475F4844525F53495A45DC
:109390002B6C656E206572726F720A00680F002078
:1093A000547828636D645F2578206C656E3A256477
:1093B00029203A2025680A00A8B5002063666720A6
:1093C0006374726C2020616464723A25642073694E
:1093D0007A653A2564207365743A25642067756E52
:1093E0005F69643A2564206C656E3A25640A000062
:1093F00038F60208C4F6020840F402084DF60208E6
:109400005FF602084FF47E71FE4801F01EFCFD4835
:10941000007869F38300FB4908700846007866F31A
:10942000000008700846007868F3071008700846C6
:109430004570007820F002000870AA463DE0CDE9B2
:10944000039BCDE901A60C982B46EF4A40F213711D
:109450000090EE48E3F795FF09A907983844CDE955
:1094600000010B99089842180AAB31465046FFF7A5
:10947000C4FE0690069850B1BDF828100B98084419
:1094800080B20B90BDF82400384487B211E0DD486B
:10949000007820F00200801CDA4908700020488023
:1094A000169804230A460C2100900020FFF75BFD6C
:1094B000FDE60AF1010000F0FF0A0C988245BEDBD0
:1094C000D048478016980090381D83B2CD4A0C21B1
:1094D0000020FFF748FDEAE62DE9F84306460F466F
:1094E00014469846089DCA4890F87A00012814D17D
:1094F0004FF47E71C34801F0A8FB2088C149088061
:10950000E08848800120888006230A460B2100203D
:109510000095FFF728FDBDE8F883E08805282BD1EA
:1095200045F2A050BB4908800120BB4981F8540096
:1095300000BFB74890F87100B54981F870000A2162
:10954000B34880F8711000BF0020FDF709F9B3A2FD
:1095500040F24171BC48E3F714FFAE480388BBA258
:1095600040F24271B848E3F70CFFF420E3F799FBAF
:109570000220E3F781FB13E04FF47E71A14801F074
:1095800064FB20889F490880E0884880012088800B
:1095900006230A460B2100200095FFF7E4FCBAE7FA
:1095A0000020B8E710B504463CB100230A224FF46E
:1095B00000612046E3F7D2F910BD0020FCE710B5AA
:1095C00004462046E3F708FA10BDF8B506460C46F7
:1095D000154601202B462246002100903046E3F735
:1095E00091FAF8BD2DE9F04106460C4615460027D4
:1095F0003046E3F7F1F910B90020BDE8F0812B46C1
:10960000224600213046E3F731FA071E01DD3846D5
:10961000F3E70020F1E72DE9F04106460C46154638
:1096200000273046E3F7D8F910B90020BDE8F081F3
:109630002B46224600213046E3F718FA071E04DDC8
:109640003046E3F7D1F93846F0E70020EEE710B5F1
:1096500004462046E3F7C8F9002010BD2DE9FF417C
:1096600005460E4600240027002003907C48006831
:1096700000283FD10C20E5F765FA794908600846D3
:10968000006838B977A240F2F1717F48E3F779FEBC
:10969000BDE8FF814FF48060E5F754FA704909682E
:1096A00008606F480068006868B96D480068E5F7B1
:1096B0004FFA00206A49086074A240F2F9717248BA
:1096C000E3F75FFEE4E76649096808684FF48061E4
:1096D00001F099FA002062490968887160490968B7
:1096E00008815F49096888804FF47A70E2F732FA9E
:1096F000714A03C200240BE1295D59480068828841
:10970000574800688088401C554B1B689880544817
:1097100000680068815452480068807948BB50480E
:10972000006800680078FA2804D000204C490968D5
:109730008880EBE04A4800688088022819DB4848A6
:10974000006800684078032804D000204449096874
:109750008880DBE001204249096888710020404987
:10976000096808814FF47A70E2F7F4F9524A03C2AB
:10977000CCE03B4800688088B0F5806F07DB0020B4
:10978000374909688880364909688871BEE03448DD
:1097900000688088082807D1314800680068C088C0
:1097A0002F4909680881B1E02D48006881882C485C
:1097B000006800890A30814222D3294A12689288BF
:1097C000921E91B2264A12681068E3F7ECFB074636
:1097D000234800680068224909688988084430F8ED
:1097E000020C0390BDF80C00874275D1E1F7D0FF61
:1097F0001B48006882881A48006801682F485FE0AB
:1098000083E069E0A4B50020C4F602085FF6020810
:10981000404E0020FCFF002070480020555044417D
:1098200054455F434D445F5253545F544F5F424F22
:109830004F542C2064656C6179207265626F6F747F
:109840002E2E2E0A0000000078F60208557365726D
:109850005F5570646174653A2564202E2E2E0A00CF
:10986000780F00205B707269766174655D206D61B0
:109870006C6C6F63206D73675F72656376206572D1
:10988000726F720A00000000A0F602085B70726935
:10989000766174655D206D616C6C6F63206D7367BC
:1098A0005F726563762D3E72785F706B67206572BC
:1098B000726F720A00000000700F00209CB9002037
:1098C000FFF783FEE1F76DFF002064490968888097
:1098D00062490968887118E0BDF80C105F4800689B
:1098E0008088CDE9017100905C48006800680379C8
:1098F0005BA240F655016648E3F743FD0020574957
:109900000968888055490968887100BF601C84B265
:10991000B442FFF6F1AE514800688079B0B15D48BD
:10992000E2F726F990B100204C49096888804B493C
:10993000096888714FF47A70E2F70CF9554A03C24E
:1099400055A240F668015248E3F71BFD00BF9FE6B1
:10995000FEB557480068B0B94FF48060E5F7F2F8FB
:10996000534908600846006838B9AFF2081240F65B
:1099700077015048E3F705FDFEBD4FF480614C4888
:10998000006801F040F94C48FFF719FE00285DDD42
:10999000E1F7FEFE4FF48062454801684648FFF754
:1099A0003AFE0546E1F7FDFE002D0DDD404800685A
:1099B000CDE900503E480295006803793FA240F689
:1099C0008F013C48E3F7DDFC002D3FDD00243AE049
:1099D00004EB44003F4911F8200035490968097932
:1099E00088422ED104EB44003A4901EB80008068A4
:1099F00000902F480068037937A240F69C012D485B
:109A0000E3F7BFFC04EB4400324901EB80004068FF
:109A1000B0B1274800684079254A00901268D38881
:109A2000234A12681179224A1268508804EB4402D2
:109A3000284F07EB820256681D4A12680832B04769
:109A400003E0601C84B20F2CC2D300BF00BF93E7B9
:109A500010B51948FFF7A6FD10BD0000780F0020D3
:109A6000527828636D645F2578206C656E3A2564B2
:109A7000293A204352435F4552524F5220636F753B
:109A80006E743A255820726561643A25580A0000C0
:109A9000A0F60208700F00207072697665636F6D22
:109AA0002052782074696D656F75740D0A0000008E
:109AB0007C0F0020B0F602089CB900205278286381
:109AC0006D645F2578206C656E3A256429203A2004
:109AD00025680A00E8F40208636D645F2578205B5E
:109AE00025735D210A000000FB48007800B970472B
:109AF0000120F949887000BFF9E7F748007800B9FC
:109B000070470020F4498870486000BFF8E7F248C9
:109B100080787047F0484078401EEF490831085C73
:109B200070472DE9F0410746EB48007810B9002056
:109B3000BDE8F081E9480068E6F7F0FCE6484078C7
:109B400030B9E7A25F21ED48E3F71BFC0020EFE707
:109B50004FF00008012509E0DF480830405DB842B9
:109B600002D14FF0010805E0681CC5B2DA48407820
:109B7000A842F1DC00BFB8F1000F0ED1D648083082
:109B8000435DDFA26D21DD48E3F7FBFB6421D34891
:109B90000068E6F7B0FC0020CAE7C5EBC501CE4877
:109BA000103000EB8100C6683EB1C5EBC502CA4962
:109BB000103101EB82014868B047C5EBC501C648CA
:109BC000103000EB8100406880B1C5EBC502C2498E
:109BD000103101EB82014868E4F7BAFF0021C5EBC0
:109BE000C502BD48103000EB820041600021BA4838
:109BF00008304155401C4155C01C40F82510C5EBAC
:109C0000C502001D00F82210C5EBC50200EB820062
:109C10004170C5EBC502B048103000EB8200816096
:109C2000C5EBC502AC48103000EB8200C160C5EB4B
:109C3000C502A948103000EB82000161C5EBC502E6
:109C4000A548103000EB82004161C5EBC502A24877
:109C5000103000EB820081612C4684E09E48083081
:109C6000611C415C0155001D611C50F8211040F839
:109C70002410C01E611C415C0155601CC0EBC0017A
:109C80009548103010F82110C4EBC40200F82210DF
:109C9000601CC0EBC0019048103000EB810041789F
:109CA000C4EBC4028C48103000EB82004170601C91
:109CB000C0EBC0018848103000EB8100C4EBC40247
:109CC00041688548103000EB82004160601CC0EBA9
:109CD000C0018148103000EB8100C4EBC4028168F0
:109CE0007D48103000EB82008160601CC0EBC00139
:109CF0007948103000EB8100C4EBC402C16876489B
:109D0000103000EB8200C160601CC0EBC0017248E3
:109D1000103000EB8100C4EBC40201696E481030C2
:109D200000EB82000161601CC0EBC0016A4810308A
:109D300000EB8100C4EBC40241696748103000EBBE
:109D400082004161601CC0EBC0016348103000EB31
:109D50008100C4EBC40281695F48103000EB8200CF
:109D60008161601CC4B25C484078A0423FF776AF86
:109D700059484078401E5849487064215748006847
:109D8000E6F7B9FB0020544948600120D0E670B5E1
:109D90000020634908765048437862A2A9216848A8
:109DA000E3F7EFFA4D480068E6F7B8FB4A48407819
:109DB00000287AD048484078401EC4B2464808304F
:109DC000005D172804D044480830005D182805D1EC
:109DD00000205C4981F83C0081F83D0000213E48AC
:109DE00008300155401C0155C01C40F82410C4EB3C
:109DF000C401001D00EB8100C5683DB1C4EBC40285
:109E00003549103101EB82014868A847C4EBC40111
:109E10003148103000EB8100406880B1C4EBC402CF
:109E20002D49103101EB82014868E4F791FE0021D1
:109E3000C4EBC4022848103000EB820041600021CE
:109E4000C4EBC4022448103000F82210C4EBC40252
:109E500000EB82004170C4EBC4021F48103000EBDD
:109E600082008160C4EBC4021B48103000EB82000A
:109E7000C160C4EBC4021848103000EB82000161DD
:109E8000C4EBC4021448103000EB82004161C4EB03
:109E9000C4021148103000EB820081610E48407806
:109EA000401E0D49487006E0FFE764210B4800683A
:109EB000E6F721FB70BD08484078401EC4B2064852
:109EC000866A16B101464869B047642103480068B4
:109ED000E6F711FB00BFEDE7B8B90020800F0020C6
:109EE0005B77696E5D2064656C206572723A206EE6
:109EF000756C6C20737461636B0A000010F70208C4
:109F00005B77696E5D2064656C206572723A206EC5
:109F10006F2075695F69643D3D25640A000000009B
:109F200040A800205B77696E5D20646973702070C3
:109F3000726520706167652D2D25640A00000000A0
:109F40001CF70208505600200146D848007808B98E
:109F500000207047D5484078884207DBC1EBC1023A
:109F6000D248103000EB82004068F2E70020F0E7B2
:109F7000CE484078401EC0B270470146002070476E
:109F80002DE9F05F0446894692469B46C8A24FF4ED
:109F90008171CE48E3F7F5F9C448007840B9CCA206
:109FA00040F20511C948E3F7ECF9FF20BDE8F09F46
:109FB000BE484078012807DBD2A24FF48571C34820
:109FC000E3F7DFF9FF20F1E7B8484078F0B1002768
:109FD00017E0B6484078401EC11BB4480930405CC9
:109FE000012800D111E0B1484078401EC11BAF48A4
:109FF0000830405C2178884201D1FF20D6E7781CE8
:10A00000C7B2AA484078B842E3DC00BFC74800683E
:10A01000E6F784FAA548407860B1A4484078401E2D
:10A02000C6B2A2480930805D20B9A0490831885DD8
:10A03000FFF777FD6088002812DD6088E4F782FD75
:10A040005FEA00080ED1BAA240F229119F48E3F757
:10A0500098F96421B5480068E6F74DFAFF20A5E7B6
:10A060004FF0000891484078401C904948700846DD
:10A070004078401EC6B2C6EBC6018C48103000EBDB
:10A080008105C5F804806068A860A068E860E068A1
:10A090002861206968616069A8612078287060780B
:10A0A00068706421A1480068E6F725FA00207F491E
:10A0B00048604FF47A7009FB00F0642190FBF1F1E5
:10A0C0007A480C3040F826102178001F81556178BD
:10A0D000401C815509384078401EC0B266E710B573
:10A0E000002427E0C4EBC4017048103000EB81006D
:10A0F0004068A0B100216D480C3040F82410C4EB3A
:10A10000C402011D01EB82014868E4F721FD002132
:10A11000C4EBC4026548103000EB820041600021AE
:10A12000624808300155401C0155C01C40F82410FD
:10A13000601CC4B25D484078A042D3DA00205B497D
:10A1400048707A480068E6F7E9F910BD70B500205C
:10A15000564908700846007800B970BD53484078E9
:10A16000002857D051484068401C50494860084674
:10A170004078401EC4B201F10800005D172805D1E7
:10A18000744890F83D0008B1002048604748083006
:10A19000005D71490978884213D044480830005D59
:10A1A0001A2806D041480830005D1B2801D0E6F788
:10A1B0003FFFE8F76CF83D480830005D66490870DD
:10A1C000CBE73A4841680C3050F82400814210D95E
:10A1D00000203649486001F10900005D10B9FFF721
:10A1E000D6FDBAE731480830005D1B2801D1FFF7E2
:10A1F000CEFDC4EBC4012D48103000EB8100456951
:10A2000085B1C4EBC4022949103101EB82014868D1
:10A21000A84707E051A24FF4C9715948E3F7B1F8D4
:10A22000FFF75DFF00BF98E770B506463046E8F7D8
:10A23000A3FD00B970BD00201C4948600846407865
:10A24000401EC4B2012C10DAC4EBC4011748103010
:10A2500000EB8100056945B1C4EBC402134910311C
:10A2600001EB820148683146A84700BFE2E710B51C
:10A270002C210E4800F0E9FC01200C490870002058
:10A280004870FFF72CFF10BD10B53E48E1F770FC99
:10A29000012806D1FFF75AFF6420E1F75BFC394A39
:10A2A00003C210BD0148407870470000B8B90020D3
:10A2B0005B77696E5D206372656174652077696E96
:10A2C000646F7720212121200A00000032F7020864
:10A2D0005B77696E5D2077696E646F772068616473
:10A2E000206E6F7420696E69742C206372656174CE
:10A2F000652077696E646F77206661696C20200A3B
:10A30000000000005B77696E5D2077696E206164F4
:10A3100064206661696C2C2070616765206E756DC4
:10A32000206C6172676520200A000000800F002009
:10A330005B77696E5D2077696E646F772063726505
:10A34000617465206D616C6C6F6320657272200AA8
:10A350000000000050560020840F00205B77696EDB
:10A360005D2057494E204552523A20746D72206646
:10A37000756E632072657365742077696E0A0000DC
:10A380003EF70208880F002053EA020C00F06980B3
:10A390002DE9F04B4FF00006002B1FBFB3FA83F5F9
:10A3A00003FA05F424FA05F65E4012BF1643B2FA2A
:10A3B00082F502FA05F4C5F120051EBF22FA05FC5C
:10A3C00044EA0C04203556EA044C4FEA144418BF02
:10A3D000641C4FF000084FF00009904271EB030C31
:10A3E00039D3002919BFB1FA81F701FA07F6B0FA9B
:10A3F00080F700FA07F6C7F120071EBF20FA07FC16
:10A4000046EA0C062037B6FBF4FCA7EB0507103F25
:10A4100007F01F0BCBF120060CFA0BFB2CFA06F60B
:10A4200044BFB3460026202FA4BF5E464FF0000B6A
:10A430005BEA060C08BF4FF0010B19EB0B09ABFBF5
:10A44000027C48EB0608C01B06FB02CC0BFB03CCCE
:10A4500071EB0C01C1E70B46024641464846BDE898
:10A46000F08B13B54FF000004FF00001AFF3008008
:10A47000BDE81C407047B2F120030AD5C2F12003A9
:10A4800001FA02F120FA03F300FA02F041EA0301B3
:10A49000704700FA03F14FF00000704710B5044612
:10A4A00000F03CFD0068005D202801D0002010BDB8
:10A4B000012010BD10B5044600F030FD0068005DBD
:10A4C00000F0080010BD10B5044600F027FD00683C
:10A4D000005D00F0100010BD0FB41CB5074B06AABC
:10A4E0007B4469460090059800F081FD0020694694
:10A4F00000F090FD1CBC5DF814FB0000310B000067
:10A500000FB41CB50C0007AA009001D02044401ED7
:10A51000074B7B4469460190069800F068FD002CCB
:10A5200003D06946002000F075FD1CBC5DF814FBEB
:10A53000090B000070B5044685690068C10601D5A5
:10A54000302600E02026C00708D070BDD4E90121E4
:10A5500030469047206A00F1010020626D1EF5D55B
:10A5600070BD70B5044685690078C00708D170BD1C
:10A57000D4E9012120209047206A00F101002062E7
:10A580006D1EF5D570BD09684A0501D540B270470A
:10A59000C905FCD500B2704709684A0501D5C0B2AB
:10A5A0007047C905FCD580B2704770B50C460546AA
:10A5B000012A05D02878800600D5EA69002302E048
:10A5C000012305E05B1C934202D2E05C0028F9D134
:10A5D000A869E618C01AA861286A184428622846A3
:10A5E000FFF7A8FF04E0D5E9012114F8010B90471B
:10A5F000B442F8D32846FFF7B4FF70BD2DE9F0410F
:10A600000646002410687529314616A511D0FFF7BB
:10A61000BAFF002803DAC0F1000013A507E0316893
:10A620008A0701D511A502E0490704D510A5012428
:10A6300001E0FFF7B1FF00210A2306F1240707E03C
:10A64000B0FBF3F203FB1200303078541046491C83
:10A650000028F5D123462A463046BDE8F04100F0F7
:10A6600065BC0000000000002D0000002B00000071
:10A67000200000002DE9FF5F15468A460446DFF8FA
:10A68000AC80F8440027D8E900103E46CDE9001020
:10A6900011E03AF816106A4602A800F0F4FC411CDA
:10A6A00007D02178890603D5E269391891420ED87E
:10A6B000074406F101062078800602D5E069B84219
:10A6C00005DDAE42E5DB3AF816000028E1D1A069CD
:10A6D000C01BA0612046FFF72DFFD8E90010CDE98F
:10A6E0000010002016E03AF818106A4602A800F0A0
:10A6F000CAFC8146401C0BD000250DF1080B05E07B
:10A70000D4E901211BF8050090476D1C4D45F7D396
:10A7100008F10100B0428046E5DB206A384420623F
:10A720002046FFF71EFFBDE8FF9F0000CA50000053
:10A7300070B5044621461068FFF72EFF002104F192
:10A74000240508E000F0070202F130026A5401F12A
:10A7500001014FEAD0000028F4D10346206808A286
:10A76000050708D500F02000084304D0E069012364
:10A7700004A2401EE0612046BDE8704000F0D6BB58
:10A780000000000030000000F0B40D46018809050B
:10A7900002D51C4C7C4402E01A4C7C440E3400214F
:10A7A00000F1240307E002F00F064FEA1212A65D43
:10A7B0005E5401F10101002AF5D113460278120717
:10A7C00004D5702D06D009B1113402232246F0BC05
:10A7D00000F0ACBB10340123F8E770B504460D4619
:10A7E00021461068FFF7D8FE024629462046BDE8FC
:10A7F0007040C9E70368126843F020030360082330
:10A80000C361C1E7C04F00002DE9F05F89460446EF
:10A810004FF0000ADFF878B1FB44C0F820A02046D2
:10A82000E1688847002875D0252806D0D4E90121A1
:10A830009047206A401C2062F1E700265F462046D0
:10A84000E16888472028054608DB312D06D207EB52
:10A85000050010F8200C08B10643F0E7B00701D559
:10A8600026F00406C4F81CA00027C4F818A02A2D5E
:10A8700009D0284600F063FC38B304EB8708303D6C
:10A88000C8F8185019E059F8041B204604EB870259
:10A890009161E1688847012F054618D1E0690028D9
:10A8A00020DA26F020061DE0D8F8180000EB800022
:10A8B00005EB40003038C8F818002046E1688847AA
:10A8C000054600F03CFC0028EED1012F0AD02E2DC9
:10A8D00008D12046E16888477F1C0546022F46F0D4
:10A8E0002006C4DBA069002803DA404246F00106D6
:10A8F000A061F00701D026F010066C2D0BD0682D5A
:10A9000009D04C2D39D06A2D35D0742D35D07A2D03
:10A9100033D016E038E0E1682F4620468847B84239
:10A92000054609D16C2F26D04FF48060E1680643BC
:10A9300020468847054604E06C2F1AD04FF48070FB
:10A9400006430DB3A5F14100192802D8203546F47D
:10A9500000664A462946204626604E46DDF750FCF2
:10A9600080B101280BD0F61D26F0070000F1080980
:10A9700055E74020E4E78020D8E70020D6E706F13D
:10A9800004094CE7284651E7206ABDE8F09F000023
:10A99000644F000040EA010310B59B070FD1042A61
:10A9A0000DD310C808C9121F9C42F8D020BA19BA9A
:10A9B000884201D9012010BD4FF0FF3010BD1AB1FF
:10A9C000D30703D0521C07E0002010BD10F8013B54
:10A9D00011F8014B1B1B07D110F8013B11F8014B7B
:10A9E0001B1B01D1921EF1D1184610BD40EA010394
:10A9F000024630B59B0710D14FF0013400E008C289
:10AA000008C91D1B9D4315EAC41FF8D013F0FF01B0
:10AA100002F8011B0DD01B0AF8E711F8013B002BCF
:10AA200002F8013B05D011F8013B002B02F8013B75
:10AA3000F3D130BD10B5431C02E010F8011B71B119
:10AA40008107FAD14FF0013202C88C1A8C4314EA04
:10AA5000C211F9D0C01A0A0603D0C01E10BDC01A18
:10AA600010BD0A0401D0801E10BD0902FCD0401E9A
:10AA700010BD40EA010370B59B072ED14FF001369F
:10AA8000042A2AD308C810C9121F9D1B9D4315EA2A
:10AA9000C61517D0D8B2E1B2401A50EA056110D1FC
:10AAA00098B2A1B2401A50EA05410AD123F07F4082
:10AAB00024F07F41401A50EA052102D1180EA0EB84
:10AAC000146070BDA342DBD018BA21BA884201D904
:10AAD000012070BD4FF0FF3070BD0AB9002070BD7D
:10AAE00010F8013B11F8014B63B1A3420AD1521E89
:10AAF00008D010F8013B11F8014B1BB1A34201D162
:10AB0000521EEDD1181B70BD032A40F2308010F0A8
:10AB1000030C00F0158011F8013BBCF1020F6244F8
:10AB200098BF11F801CB00F8013B38BF11F8013B89
:10AB3000A2F1040298BF00F801CB38BF00F8013B36
:10AB400011F0030300F02580083AC0F0088051F8A6
:10AB5000043B083A51F804CBA0E80810F5E7121DB1
:10AB60005CBF51F8043B40F8043BAFF30080D207D0
:10AB700024BF11F8013B11F801CB48BF11F8012B9C
:10AB800024BF00F8013B00F801CB48BF00F8012BBF
:10AB9000704710B5203AC0F00B80B1E81850203A49
:10ABA000A0E81850B1E81850A0E81850BFF4F5AF6D
:10ABB0005FEA027C24BFB1E81850A0E8185044BFF7
:10ABC00018C918C0BDE810405FEA827C24BF51F864
:10ABD000043B40F8043B08BF7047D20728BF31F858
:10ABE000023B48BF11F8012B28BF20F8023B48BFA9
:10ABF00000F8012B704702F0FF0343EA032242EA08
:10AC0000024200F002B84FF000020429C0F01280A6
:10AC100010F0030C00F01B80CCF1040CBCF1020F0F
:10AC200018BF00F8012BA8BF20F8022BA1EB0C01E4
:10AC300000F00DB85FEAC17C24BF00F8012B00F8DA
:10AC4000012B48BF00F8012B70474FF0000200B500
:10AC5000134694469646203922BFA0E80C50A0E83F
:10AC60000C50B1F12001BFF4F7AF090728BFA0E8ED
:10AC70000C5048BF0CC05DF804EB890028BF40F8B9
:10AC8000042B08BF704748BF20F8022B11F0804FFB
:10AC900018BF00F8012B704710B5044610F0030FE1
:10ACA00008BF11F0030F40F015804FF0013E121F56
:10ACB000C0F20E8051F8043BA3EB0E0C2CEA030CFF
:10ACC0001CEACE1C08BF40F8043BF0D0A1F10401FF
:10ACD00002F10402521E08DB11F8013B002B00F8C0
:10ACE000013BF7D11146FFF78EFF204610BD000053
:10ACF0004FF0013C50F8042B51F8043B9A4221D10B
:10AD0000A2EB0C03934313EACC1317D150F8042B96
:10AD100051F8043B9A4215D1A2EB0C03934313EA7A
:10AD2000CC130BD150F8042B51F8043B9A4209D1B3
:10AD3000A2EB0C03934313EACC13DBD04FF00000DB
:10AD4000704700BFD01A01BAB1FA81F101F01801C1
:10AD500022FA01F0CB40C1F12001DBB2C0B2C01A2F
:10AD60002CFA01F3D11A914311EAC311E6D17047CD
:10AD700030B503681C1404EB21459BB289B2194419
:10AD800095FBF2F402FB145301EB034191FBF2F348
:10AD900002FB131101E05B1E11440029FBDB016083
:10ADA00003EB044030BD2DE9F04704464FF0FF3A75
:10ADB00086B00068029060680390A0680490E06824
:10ADC0000190206900906569B5F1804F7EDCB5F196
:10ADD000404F7BDB3C22002102A8FFF7C9FF3C2249
:10ADE000014603A8FFF7C4FF1822014604A8FFF795
:10ADF000BFFF411E40F2B55201A8FFF7B9FF0C2278
:10AE0000064668460021FFF7B3FF00EB86002844A2
:10AE10003E4D00267D440FE09A1A491CCDE90012F0
:10AE2000022902D00C2907D104E0810704D0521C6A
:10AE3000019201E0401C00960099019B6A5C9A42D5
:10AE4000EADD012906D11C2B04D1810702D00221A1
:10AE5000CDE90016A0F146018B2940D20199009B53
:10AE600000220F4602E0AE5C521C31449A42FADBEB
:10AE7000012B02DD820700D0491E40F2B55540F299
:10AE80006D16C21700EB927292106A4300F0030530
:10AE900005FB062285070A4400D1521E049D02EBE1
:10AEA0004206DDF80C80A94605EBC605184EC5EB39
:10AEB0000515DDF808C008EB850535442E14ADB244
:10AEC000C6EB0616C5EB0515B60000E007E00CEB77
:10AED000850506EB154666F31F45360C03D0504634
:10AEE00006B0BDE8F0877F1CC4E90430521C07207F
:10AEF00092FBF0F304F1180600FB1320A6E803040C
:10AF00002846C4E90297C4E900C8E9E77949000086
:10AF1000A039CEFD704770477047000010B500F0B3
:10AF2000D3F8001D10BD00BF250200002DE9F04739
:10AF30000D4699469246044600F1240801688806A9
:10AF400004D5E06921F01001216000E00120A84251
:10AF500002DDA0EB050700E00027A16907EB050271
:10AF600002EB0900A1EB0000A0612078C00602D42A
:10AF70002046FFF7DFFA002608E0D4E901211AF89D
:10AF800006009047206A401C761C20624E45F4DB88
:10AF90002078C0060AD52046FFF7CCFA06E0D4E9AF
:10AFA000012130209047206A401C2062381EA7F102
:10AFB0000107F4DC07E0D4E9012118F80500904707
:10AFC000206A401C2062281EA5F10105F3DC204602
:10AFD000FFF7C7FA2078000602D50220BDE8F08707
:10AFE0000120FBE701694A1C02610878704700B53F
:10AFF0008FB0CDE901310021059105497944CDE9B2
:10B00000031011466846FFF7FFFB0FB000BD0000BC
:10B01000E5FFFFFF0A6802F8010B0A607047D1E9FB
:10B0200000239A4202D2531C0B601070704710B577
:10B03000436913B1AFF3008001E0FFF7B6FA0120D6
:10B0400010BD127800F124010A7000224A7001221A
:10B05000EDE711684FF0FF32E9E710B5436913B12E
:10B06000AFF3008001E0FFF705FB012010BD12885F
:10B0700000F1240182840022C2840122EDE71168DC
:10B080004FF0FF32E9E770B516460C460546FFF76C
:10B0900045FF036893F80101012806D0FF2C0FD863
:10B0A000185D68B101202C7070BDD3F807013246DD
:10B0B000214603442846BDE8704003F207131847B1
:10B0C0004FF0FF3070BD00000048704704BA002008
:10B0D00000487047E4B900207546FFF7F9FFAE4617
:10B0E00005006946534620F00700854618B020B594
:10B0F000DDF7D4F8BDE820404FF000064FF0000720
:10B100004FF000084FF0000B21F00701AC46ACE80F
:10B11000C009ACE8C009ACE8C009ACE8C0098D467C
:10B1200070470446AFF300802046DDF7A1F8000029
:10B1300001491820ABBEFEE72600020070473038F8
:10B140000A2801D2012070470020704710B500295D
:10B150000AD00878002807D005487844FFF7C8FDD2
:10B16000002801D0002010BD0248784410BD000026
:10B17000165000000E50000021F00042A2F1605273
:10B18000B2F5801F01F0004328BFD2F17F6C0BD9CC
:10B190005FEA001C43EAC20242EB507018BF7047DE
:10B1A00028BF20F001007047B2F5801FBCBF1846D1
:10B1B00070474FEA410C1CF5001F02D2084600F010
:10B1C000FABF70B500F084FB00000089FFF7F6BFFE
:10B1D0004FF00040A0F580007047000010B591EAE4
:10B1E000030F48BF83F0004300F11084841A71EB11
:10B1F000030C05D2121943EB0C03001B61EB0C018D
:10B20000DFF824E14FEA1154A4EB135C1EEA430F6C
:10B2100018BF9EEA445F73D023EA0E03DCF1200ED0
:10B2200021EA045143F4801332D322FA0CFE10EBCE
:10B230000E0023FA0CFE41EB0E01CCF1200E03FAB6
:10B240000EFE10EB0E0051F10001B1F5801FCCF1A4
:10B25000200E32D201EB045112FA0EF2BDE810407A
:10B2600058BF7047401C38BF5FEA420218BF7047A2
:10B27000002814BF20F0010041F100014FEA410312
:10B2800013F5001F38BF7047A1F1C04100F06EBB3D
:10B29000012A43EB0302ACF1200CDCF11F0E32BF9C
:10B2A0004FF0000E23FA0CF310EB030041EB0451B6
:10B2B000B4EB115FD0D0A1EB045101F58011490826
:10B2C0005FEA300001EB04510ED350F1000038BFAB
:10B2D00012FA0EFE08D1BDE81040C9E7401C38BF85
:10B2E0005FEA4202CAD1C3E7BDE810404FEA41031A
:10B2F00013F5001F38BF7047A1F1C04100F036BB05
:10B300009EEA445F08D011EA5E0FBDE8104004BF1A
:10B3100001F0004100207047BDE8104070B500F01A
:10B32000D7FA00BF64FBBE3E0000E0FF491058BFE3
:10B33000C1F140415B1058BFC3F140438B42EFF372
:10B34000008070472DE9C04130B4DFF8A0C23CEA6C
:10B35000111418BF3CEA131400F0EC8081EA0305D5
:10B360001CEA111444EAD57418BF1CEA131500F046
:10B37000C780A4EB05044FF0004545EAC12145EA2A
:10B38000C32341EA505143EA525304F17F74994276
:10B3900004F500344FEAC0204FEAC22208BF9042B1
:10B3A00000F09C804FEA13650FF24016765D4FEA7D
:10B3B000134506FB05F7C7F1807706FB07F74FEA51
:10B3C000D737A7FB03687642C8F58038A7FB06CEBF
:10B3D00038BFA8F1010807FB08E64FF0000EA6FBF6
:10B3E000028CE6FB03CEDCF1000CCEF1004E38BF40
:10B3F000AEF1010EA6FB0C584FF000074FF0000510
:10B40000E6FB0E87A1FB08C6A0FB07CE16EB0E06D7
:10B4100045F10005E1FB076515F1E04E7EBFA4F59F
:10B4200080345FEA46066D4116F1800745F100055C
:10B430004FEA17274FEA066647EA0567A6F1DE4698
:10B44000B6F1805F4FEA15251FD9384624F0010C6C
:10B4500005EBC471BCF1FE6F01EB0C1102D8F0BC1E
:10B46000BDE8008124425CBF01F5801E9EEAC47FD6
:10B4700002D4F0BCBDE80081244238D4F0BCA1F174
:10B48000C041BDE8004100F071BA4FEAD22242EA61
:10B4900043524FEAD323A7FB02864FEAD02040EA6B
:10B4A000415007FB03661EEA0E0F4FEAD12105FB50
:10B4B000026658BFA6EB0056B6EB00564FEA520E96
:10B4C0004EEAC37E18EB0E0E56EB530EBDD518EBAD
:10B4D00002085E417F1C55F10005B6E74FF4801568
:10B4E0004FF000074FF000064FF00008ADE7F0BC4A
:10B4F0004FF0000001F1C04101F00041BDE80081C2
:10B5000011EA0C1F0CEA131500D00CE013EA0C1F13
:10B5100000F025804FF00000F0BC81EA030101F04B
:10B520000041BDE80081F0BCBDE8004181EA0301B3
:10B5300000F01CBAF0BCBDE8004170B500F0C8F9DD
:10B54000097EFC3E00F007B881EA03014FF00000DD
:10B5500001F00041704781EA030100F007BAF0BC36
:10B56000BDE800414FF0000021497047FFFDFBF9A5
:10B57000F7F5F4F2F0EEEDEBE9E8E6E4E3E1E0DE26
:10B58000DDDBDAD8D7D5D4D3D1D0CFCDCCCBCAC898
:10B59000C7C6C5C4C2C1C0BFBEBDBCBBBAB9B8B7BF
:10B5A000B6B5B4B3B2B1B0AFAEADACABAAA9A8A8B2
:10B5B000A7A6A5A4A3A3A2A1A09F9F9E9D9C9C9B80
:10B5C0009A9999989797969595949393929191902B
:10B5D0008F8F8E8E8D8C8C8B8B8A898988888787BC
:10B5E0008685858484838382828181800000FF0731
:10B5F0000000F87F4FEA41034FEA5353A3F58063FD
:10B60000D3F11E03C8BFD3F1210C0CDD4FF0004273
:10B6100042EAC12242EA505232FA03FC8CEAE17C4F
:10B62000ACEBE1707047102BC4BF0020704703F5EE
:10B63000787CBCF1FF3F04D06FF0004282EA210029
:10B64000704770B500F044F949922480002070479B
:10B65000F2E700004FEA1153A3F58063D3F11E0314
:10B66000A8BFD3F1200C08DB4FF0004242EAC12210
:10B6700052EA505232FA03F0704709420BD4102BB1
:10B68000C4BF0020704703F5787CBCF1FF3F05D0B4
:10B690004FF0FF3070474FF00000704770B500F07A
:10B6A00017F900BF4992248000207047F0E710F09E
:10B6B000004248BF4042B0FA80F310FA03F10AD0CA
:10B6C000C3F11D0303F580634FEA415002EB0352BF
:10B6D00002EBD12170474FF000007047B0FA80F3C1
:10B6E00010FA03F10AD0C3F11D0303F580634FEA9A
:10B6F00041504FEA035202EBD12170474FF0000056
:10B700007047000051EA030C17D41CF5801F58BF86
:10B71000BCF5801F00F10680994218BF704708BF32
:10B720009042704707D711F5801F58BF13F5801F4F
:10B7300019D499427047894270471CF5801F08D57B
:10B74000BCF5801FF7D58B4218BF704708BF8242F7
:10B7500070474FF4001C1CEB410F38BF1CEB430F2C
:10B7600001D28B42704770B500F0B2F892244900C4
:10B770004FF000514FF08053FFF7D8BDDFF848C1BC
:10B7800070B51CEA111E1EBF1CEA13159EEA0C0FB1
:10B7900095EA0C0F00F06F8081EA030423EA4C1352
:10B7A0004EEAD47E21EA4C1141F4801143F4801317
:10B7B000AE44A1FB024CA0FB0365AEF17F7E3619BF
:10B7C00055EB0C05A1FB034C4CF10003A0FB021C44
:10B7D00016EB0C06654153F10003094218BF46F011
:10B7E000010613F4007F0BD14FEA03314FEA053015
:10B7F000340341EA155140EA16506FF003020AE0A3
:10B800004FEAC3214FEAC520F40241EA555140EA0C
:10B8100056506FF0020202EB2E4201EB025585EA10
:10B82000CE710AD05FEA440C18BF24F0004450F1F6
:10B83000000041F1000120EAD47040F2FE7C624534
:10B8400000D270BDA84214BF4FF080444FF0404476
:10B85000002E08BF0024BEF1806FA8BFA1F1C04137
:10B86000BDE8704080F282804FF0000001F1C041DD
:10B8700001F0004170479EEA0C0F0CEA131518BF47
:10B8800095EA0C0F06D04FF0000081EA030E0EF08F
:10B89000004170BD00F01CF88900013E00F007B8BF
:10B8A00000F009B84FEA430C5FEA5C5C08D081EA1B
:10B8B000030100F05BB84FEA410C5FEA5C5CF6D133
:10B8C0004FF00000014970470000FF070000F87FBB
:10B8D0000EF1020E2EF0030E5EF8046B364205D414
:10B8E000012A43EB030515F5001F12D8012841EB8F
:10B8F000010C1CF5001F0CD80ED14FEAD17C15F5B8
:10B90000001F0CEB4C0C0CF1020C08BF4CEBD37C71
:10B9100004E04FF0080C01E04FEAD37C0CEB4C053F
:10B9200026FA05F606F00706B6F1040C06D20EEB71
:10B93000860CBDE870404CF0010C6047DFE80CF06D
:10B94000090B02024FF000414FF00000A1F5002169
:10B9500070BD19461046012851EB010418BFD4F5FB
:10B96000001484BF002001F0004170BD0808A0F55C
:10B9700000114FEA3101704753EA010C17D41CF54E
:10B98000801F58BFBCF5801F00F106808B4218BF96
:10B99000704708BF8242704707D713F5801F58BF12
:10B9A00011F5801F19D48B4270479B4270471CF5DC
:10B9B000801F08D5BCF5801FF7D5994218BF704786
:10B9C00008BF904270474FF4001C1CEB430F38BF78
:10B9D0001CEB410F01D2994270470FB40CBC03BC61
:10B9E000FFF7C1BE91EA030F10B581F000413FF5AA
:10B9F000FDAB83F0004300F009B8000010B591EAF8
:10BA0000030F48BF83F000433FF5F0AB841A71EB9E
:10BA1000030C07D212198CF0004C43EB0C03001BF3
:10BA200061EB0C01DFF8A4E14FEA1154A4EB135CC5
:10BA30001EEA430F18BF9EEA445F00F0B08023EA7D
:10BA40006E03524221EA0451C3EB6E0338BF5B1E02
:10BA5000DCF1200E25D322FA0CFE10EB0E0043FA87
:10BA60000CFE41EB0E01CCF1200E03FA0EFE10EBA2
:10BA70000E0051F10001CCF1200E29D412FA0EF281
:10BA800001EB0451BDE8104058BF7047401C1CBF7B
:10BA9000B2F1004F704700280CBF491C20F0010094
:10BAA000704712EB020E43EB030218BF4FF0010E7A
:10BAB0004EEA4202ACF1200CDCF11E0E54D943FADE
:10BAC0000CFE10EB0E0051F1FF31CCF11E0ED5D55E
:10BAD0000EF1010E12FA0EFE404141EB010101EBA5
:10BAE000445C5FEA5C5C10D910EBDE7001EB045142
:10BAF00038BFBEF1004FBDE8104018BF70470028A6
:10BB00000CBF491C20F00100704730D24FEAD42C02
:10BB100011F5001124F400641BD0B1FA81F20B3A44
:10BB2000A41AA41ED2F12003914030FA03F3194362
:10BB3000904001EBCC71002C01EB0451BDE81040AA
:10BB4000A8BF704701F1C0414FF0000001F0004173
:10BB50007047B0FA80F310FA03F100D110BDE41A77
:10BB6000173C4805C90AE4E701EB045110BD491030
:10BB700001EB0451BDE810404FEA300002E04FF005
:10BB8000000170474A0008BF0042F8D0B2F5001F1C
:10BB900028BF704701F000414FF0000070479EEA57
:10BBA000445F07D011EA5E0FBDE8104004BF0021DA
:10BBB00000207047BDE8104070B5FFF789FE00BF58
:10BBC00040DFF63E83F00041104670470000E0FF82
:10BBD00043004FEAD30C4FEA3C0C43401FBF4007E1
:10BBE0000CF1605113F0FE4F70471CF0006F03D151
:10BBF00000200CF0004170470CF0004343EA507005
:10BC000010B540EACC0000F090FA00BF00000092AE
:10BC10004FEA0001FFF7AABE4FF000414FF00000CD
:10BC2000A1F500217047000090EA010F48BF81F0A4
:10BC3000004100F10883421A3CBF801A89184FEA7C
:10BC4000D0524FF07F4C1CEA410FA2EBD15318BFEA
:10BC50009CEA026F00F03B804FF0004C4CEA002061
:10BC60004CEA012121FA03FC10EB0C0C1ED202F16C
:10BC7000FF325FEA1C2040EBC25038BF70471CF017
:10BC80007F0F4FEA400C18BFBCF17F4F38BF7047A1
:10BC9000C3F12003994008BF20F00100BCF17F4FA1
:10BCA00038BF7047A0F1C04000F085BA4FEA3C00B1
:10BCB000000A40EBC25028BF1CF0FF0F4FEA400CB7
:10BCC000E6D018BFBCF17F4F38BF7047EAE79CEA67
:10BCD000026F05D010EA5C0F08BF00F0004070470B
:10BCE00010B500F022FA00BF64FBBE3E401058BF02
:10BCF000C0F14040491058BFC1F140418142EFF3CB
:10BD0000008070474FF47F0C1CEAD0121EBF1CEA63
:10BD1000D11392EA0C0F93EA0C0F00F0858090EAA1
:10BD2000010F48BF42F4807240F4000C41F400005F
:10BD30002CF07F4120F07F4000B58142A2EB03024E
:10BD40000FF2081CACEB504EC0F100009EF800E072
:10BD50004FEA4E0E00FB0EFC38BF49004FEA2C1C88
:10BD600002F5FA020CFB0EF34FEACE1E4FEA112C3D
:10BD70004FEAC1210EEB635E42EB22420EFB0CFC4C
:10BD80004FEA1C5300FB03114FEA112C4FEA01311B
:10BD90000EFB0CFC4FEADC4C00FB0C11C14228BF2F
:10BDA00009184CEB03335DF804EB10EB410143EB56
:10BDB000C250B2F57C0F38BF704729D512F0F00F92
:10BDC0001CBF00F1C04000F000407047008182833A
:10BDD0008485868788898B8C8D8E8F91929395969A
:10BDE00097999A9C9D9FA0A2A3A5A7A8AAACAEB024
:10BDF000B2B3B5B7B9BCBEC0C2C5C7C9CCCED1D429
:10BE0000D7D9DCDFE2E6E9ECF0F3F7FAFE00000058
:10BE10004FEA400C0CF1807CBCF17E4F28BF70478C
:10BE2000B0F1C04000F0C7B990EA010F0CEAD1139D
:10BE300048BF42F48072624538BF634507D213F4AD
:10BE40007F0F16D080EA010000F00040704710B567
:10BE500000F06BF9097EFC3E00F005B880EA0100B5
:10BE600000F00040704780EA010000F0004000F060
:10BE7000A2B912F47F0F04BF0248704780EA0100A4
:10BE800000F099B90000C07F50EA010C00F1138066
:10BE90001CF5000F58BFBCF5000F01D48842704755
:10BEA00007D710F5000F58BF11F5000F15D48842C1
:10BEB0007047894270471CF5000F04D5BCF5000F90
:10BEC000F7D5814270474FF0807C1CEB400F38BFA4
:10BED0001CEB410F01D28142704710B500F025F9EB
:10BEE000922449004FF000504FF08051FFF7FEBE02
:10BEF00041000B0ED3F19E0208D950F400034FEA23
:10BF0000032323FA02F048BF4042704710B500F007
:10BF10000CF900BF49922480002070476FF0004266
:10BF200082EA200070470000C10DD1F19E0206DBBD
:10BF30004FEA002343F0004323FA02F07047004227
:10BF400007D54FEA4001B1F1FE4F02D24FF0000099
:10BF5000704710B500F0E9F849922480002070473E
:10BF60006FEA20007047000010F0004148BF4042D7
:10BF7000B0FA80F310FA03F2C3F19D030BD051EA3B
:10BF8000C35101EB1220530638BF704700F1010086
:10BF900008BF20F001007047B0FA80F310FA03F2F6
:10BFA000C3F19D030AD0D90501EB1220530638BF17
:10BFB000704700F1010008BF20F001007047000049
:10BFC00050EA010C00F113801CF5000F58BFBCF5BE
:10BFD000000F01D48842704707D710F5000F58BFF3
:10BFE00011F5000F15D488427047894270471CF53F
:10BFF000000F04D5BCF5000FF7D5814270474FF014
:10C00000807C1CEB400F38BF1CEB410F01D28142FA
:10C01000704710B500F089F8922449004FF00050A5
:10C020004FF08051FFF762BE4FF47F0C1CEAD01234
:10C030001EBF1CEAD11392EA0C0F93EA0C0F00F01A
:10C04000478090EA010F48BF42F480724FF0004CE5
:10C050004CEA00204CEA012102EB0302A0FB011391
:10C06000A2F50002002918BF43F001035B0028BFBE
:10C070004FEA330342EB22425FEA132C4CEBC250EF
:10C080002EBFBCEB436FB2F57C0F70474FEA036CD9
:10C09000BCF1004F08BF20F00100B2F57C0F38BFA3
:10C0A00070470BD582F0FF0212F5803FC8BF704782
:10C0B00000F1C040D8BF00F00040704700F5000C10
:10C0C0005FEA4C0C48BF7047B0F1C04000F073B855
:10C0D00090EA010F0CEAD11348BF42F48072624526
:10C0E00038BF634504D280EA010000F00040704789
:10C0F00010B500F01AF800BF8900013E00F007B843
:10C1000000F009B85FEA410C5FEA1C6C08D080EAD5
:10C11000010000F050B85FEA400C5FEA1C6CF6D1F9
:10C120004FF00040A0F5800070470EF1020E2EF097
:10C13000030E5EF8044B244204D44FEA4102B2F1EC
:10C140007F4F11D84FEA4003B3F17F4F0CD80ED187
:10C150004FEAD07CB2F17F4F0CEB4C0C0CF1020C8F
:10C1600008BF4CEBD17C04E04FF0080C01E04FEA33
:10C17000D17C0CEB4C0324FA03F404F00704B4F173
:10C18000040C06D20EEB840CBDE810404CF0010C00
:10C190006047DFE80CF0070802024FF00040A0F50E
:10C1A000800010BD0846420018BFD2F1807288BFDF
:10C1B00000F0004010BDFF2141EAD050C00570479B
:10C1C00051EA000C00F113801CF5000F58BFBCF5BC
:10C1D000000F01D48142704707D711F5000F58BFF7
:10C1E00010F5000F15D481427047894270471CF545
:10C1F000000F04D5BCF5000FF7D5884270474FF00B
:10C20000807C1CEB410F38BF1CEB400F01D28842F1
:10C21000704780EA010081EA000180EA0100FFF72F
:10C22000F8BE80F0004090EA010F7FF504AD81F088
:10C23000004100F008B8000090EA010F48BF81F00B
:10C2400000413FF5F8AC421A04D882F00042A0EB5E
:10C25000020011444FEAD0524FF07F4C1CEA410FCC
:10C26000A2EBD15318BF9CEA026F4AD04FF0004CAA
:10C270004CEA00204CEA012121FA03FCB0EB0C0C43
:10C280000FD412F0FE0F36D05FEA4C001DD500121D
:10C2900040EBC25038BF70471CF03F0F18BF7047CB
:10C2A0000BE0A2F101025FEA1C2040EBC25038BF54
:10C2B00070471CF07F0F18BF7047C3F120039940EF
:10C2C00014BF401E20F00100704780084FEA12237F
:10C2D00008BF7047B0FA80FCA2EB0C02CCF1280C2E
:10C2E00060FA0CF093EA122F04BF00EBC2507047C3
:10C2F0004FEAC3707047130A5FEADC1008BF70474B
:10C30000F6E79CEA026F04D010EA5C0F08BF002039
:10C31000704710B5FFF709FF40DFF63E81F000409F
:10C320007047FF0000000100000002000000010053
:10C3300000000300000001000000020000000100F6
:10C340000000717565756550757368001F1C1F1EB0
:10C350001F1E1F1F1E1F1E1F74696D65725F6C6993
:10C36000737400756172745F6973725F6F757400C6
:10C37000756172745F73656E645F63686172007586
:10C380006172745F73656E645F737472696E670067
:10C39000756172745F6973725F696E007561727442
:10C3A0005F6765745F6368617200756172745F676F
:10C3B00065745F737472696E6700756172745F7221
:10C3C000657365745F6669666F00756172745F6F2F
:10C3D00070656E00756172745F636C6F73650000E9
:10C3E000000000000000000000000000000000004D
:10C3F00000FC00000000000C0C0000000008040A13
:10C400000402000000000000000020A07820F820B6
:10C4100000020F020F020200003048FC88300000CA
:10C4200006081F080700708870C0308800000806E2
:10C43000010708078070C8308080000708090E0BCC
:10C44000080410160E0000000000000000000000AC
:10C45000000000F00C0200000000030C10000002BD
:10C460000CF000000000100C030000002020C0F8B9
:10C47000C0202001010007000101404040F8404079
:10C480004000000003000000000000000000002049
:10C490002C1C0000000040404040404000000000D4
:10C4A0000000000000000000000000000C0C000074
:10C4B000000000000080601C0200100E010000005F
:10C4C000E010080810E0000304080804030000104E
:10C4D00010F80000000008080F08080000300808E5
:10C4E000887000000C0A09080C000030084848B0A9
:10C4F000000006080808070000C02010FC0000012A
:10C5000002020A0F0A0000F848484888000006089E
:10C5100008080700E09048484898000708080808FD
:10C520000700003808886818000000000F000000AD
:10C5300030C88888C8300007080808080700F008D5
:10C54000080888F0000C0909090403000000606075
:10C5500000000000000C0C00000000000040000083
:10C5600000000020180000000040A0100804000097
:10C5700000000102040020202020202000010101F1
:10C580000101010000040810A040000004020100A5
:10C5900000003804048444380000000C0D00000042
:10C5A000E010C828E810E003040B0A090A0500009F
:10C5B000E018E00000080E0901090E0808F84848D4
:10C5C00048B000080F0808080700E01008080838FD
:10C5D000000304080808040008F8080810E0000830
:10C5E0000F080804030008F88888C81800080F0816
:10C5F00008090C0008F88888C80810080F0800010E
:10C600000000E010080808380003040808090701C2
:10C6100008F8888088F808080F0800080F08000844
:10C6200008F80808000008080F080800000808F8C3
:10C630000808003020201F00000008F888C02818D3
:10C6400008080F08000B0C0808F808000000000894
:10C650000F0808080C0008F8788078F808080F0020
:10C660000F000F0808F838C008F808080F0801067E
:10C670000F00E010080810E000030408080403009D
:10C6800008F88888887000080F0800000000E01093
:10C69000080810E00003040A0A1C130008F848C840
:10C6A000483000080F0800030C080030488888183C
:10C6B00000000C0808080700180808F80808180007
:10C6C00000080F08000008F8080008F8080007082C
:10C6D000080807000838C800C838080000030C0321
:10C6E000000008F800F800F80800010F000F010032
:10C6F00008186880681808080C0B000B0C0808184C
:10C7000068806818080000080F08000010088848B2
:10C71000380800080E0908080C00000000FE02029C
:10C72000000000001F101000000C30C000000000CE
:10C73000000001061800000202FE000000001010B8
:10C740001F000000000004020400000000000000C0
:10C7500000000000000000000020202020202020F9
:10C760000000020000000000000000000000008047
:10C77000404040800000040A09090F0808F84040C2
:10C78000408000000F08080807000080404040C0BB
:10C7900000000708080804000080404048F8000036
:10C7A000070808080F080080404040800000070983
:10C7B000090905004040F04848180000080F080823
:10C7C000000000804040C04000001D2A2A291000BF
:10C7D00008F88040408000080F0800080F0800405B
:10C7E00040C80000000008080F0808000000404092
:10C7F000C80000002020201F000008F80040C040B2
:10C8000000080F0A030C0800000808F800000000E8
:10C8100008080F08080040C040C0408000080F0012
:10C820000F000F0840C08040408000080F0800083B
:10C830000F080080404040800000070808080700FB
:10C8400040C04040408000203F280808070000808A
:10C85000404040C00000070808283F204040C080FA
:10C8600040400008080F080800000080404040C019
:10C8700000000C09090A0400004040F0404000009C
:10C8800000000708080040C0000040C00000070882
:10C8900008080F0840C0400040C0400000070807DB
:10C8A000000040C000C000C04000030C030C0300A7
:10C8B00040C00040C04000080C0B030C080040C002
:10C8C000400040C0402020330C03000000C0404026
:10C8D000C0400000080C0B080C0000000040BE0225
:10C8E00000000000001F1000000000FF000000001A
:10C8F00000003F0000000002BE4000000000101FCA
:10C900000000000000020101020404000000000019
:10C910000000000000000000000000000000000017
:10C92000FC000000000002000000000C020C0200ED
:10C9300000000000000090D0BCD0BC9000030003B9
:10C9400000001824FE448C00030207020100182492
:10C95000D8B04C80000300010201C038E438E00088
:10C9600001020201020208060000000000000000AF
:10C970000000000000F804020000000102040002B0
:10C9800004F800000004020100009060F8609000CC
:10C990000000010000002020FC2020000000010019
:10C9A0000000000000000000080600000000202039
:10C9B0002020200000000000000000000000000017
:10C9C0000002000000000080601C02000403000060
:10C9D0000000F8040404F80001020202010000084B
:10C9E000FC00000000020302000018844424180028
:10C9F00003020202020008042424D80001020202F9
:10CA0000010040B088FC80000000000302003C24CC
:10CA10002424C400010202020100F824242CC000D6
:10CA20000102020201000C04E41C040000000300E7
:10CA30000000D8242424D800010202020100384456
:10CA40004444F8000003020201000000100000004E
:10CA500000000200000000002000000000000600AE
:10CA600000000020508804020000000001029090A5
:10CA70009090900000000000000000020488502008
:10CA80000002010000001804C42418000000020085
:10CA90000000F804E494F80001020202020000E041
:10CAA0009CF0800002030000030204FC2424D80050
:10CAB000020302020100F80404040C000102020255
:10CAC000010004FC0404F80002030202010004FC5B
:10CAD00024740C0002030202030004FC24740C0002
:10CAE000020302000000F0080444CC4000010202EE
:10CAF000010004FC2020FC040203000003020404E3
:10CB0000FC040400020203020200000404FC04040A
:10CB100006040403000004FC24D00C0402030200F9
:10CB2000030204FC04000000020302020203FC3CB6
:10CB3000C03CFC0003000300030004FC30C4FC0400
:10CB4000020302000300F8040404F80001020202D8
:10CB5000010004FC24241800020302000000F884F1
:10CB60008404F80001020207050004FC2464980014
:10CB7000020302000302182424448C000302020270
:10CB800001000C04FC040C0000020302000004FC81
:10CB90000000FC04000102020100047C80E01C048F
:10CBA0000000030000001CE03CE01C000003000348
:10CBB0000000049C609C0400020300030200041CAB
:10CBC000E01C04000002030200000C84641C04004A
:10CBD0000203020203000000FE020200000007043C
:10CBE0000400000E30C0000000000001020000023E
:10CBF00002FE00000004040700000004020400001C
:10CC00000000000000000000000000000808080804
:10CC100008080000020000000000000000000040C2
:10CC2000A0A0C00000010202030204FC2020C000FA
:10CC300000030202010000C0202060000001020287
:10CC4000020000C02024FC0000010202030200C018
:10CC5000A0A0C0000001020202000020F824240469
:10CC60000002030202000040A0A0602000070A0AA0
:10CC70000A0404FC2020C00002030200030200207A
:10CC8000E4000000000203020000000020E40000B5
:10CC900008080807000004FC80E0202002030200CE
:10CCA00003020404FC000000020203020200E02070
:10CCB000E020C00003000300030020E02020C000AB
:10CCC00002030200030200C02020C0000001020293
:10CCD000010020E02020C000080F0A02010000C06F
:10CCE0002020E0000001020A0F0820E04020200080
:10CCF0000203020000000060A0A020000002020267
:10CD000003000020F820000000000102020020E0E3
:10CD10000020E00000010202030220E020806020E9
:10CD20000000030100006080E08060000003000359
:10CD3000000020608060200002030003020020E069
:10CD4000208060200808070100000020A06020006B
:10CD5000000203020200000020DE020000000007C3
:10CD60000400000000FF00000000000F00000002AF
:10CD7000DE2000000004070000000201020404029B
:10CD8000000000000000000000000000005E000045
:10CD90000002030100147E7E1400006E7F76000EF8
:10CDA0004E787E00705E3E480002010000000000E8
:10CDB0007E010001423C000000143E140008083EC1
:10CDC00008080040000000080808080000400000B3
:10CDD0000000700E01003C42423C0000447E4000D6
:10CDE0000066524E0000664A76000018147E10005D
:10CDF0006E4A7A00007E4A7A0000027A0600364ABD
:10CE00004A76001C52523C000000480000000048D6
:10CE10000000000836410028282828000063140874
:10CE20000004520A06003C7A567C00607E7C40007A
:10CE3000427E4A76003C42424200427E423C0042F0
:10CE40007E5E4200427E4A1E023C42523210427EC8
:10CE5000527E4200427E420000027E0200427E5A22
:10CE60007642427E424000427E7F7E42427E467E45
:10CE7000023C42423C00427E4A0E003C62623C0060
:10CE8000427E4A3E406E4A52760002427E42027E16
:10CE900042427E02021E601E020E720E7A06427E20
:10CEA0007E4200024E78460242725E420000007FDF
:10CEB0000100000E70000000017F0000000201026E
:10CEC00000000000000000000100006858784000E9
:10CED000027E487800007048480000784A7E400092
:10CEE0007058580000487E4A020078585808427E20
:10CEF00048784000487A400000087A0000427E7876
:10CF0000480000427E4000780878087848784878E1
:10CF10004030484830000878487800784878000069
:10CF20004878480800586868680000087C4800088D
:10CF300078487840083840380818681878084878E1
:10CF40007848000858380800006878480000000851
:10CF50007F0100007F000000017F08000100010147
:10CF60000100000000000000C000F000FC003000E4
:10CF70003C003F003F003F003FC020100804F4F495
:10CF800004081020C003040810202D2D20100804D0
:10CF900003060C18B0E0E0B0188C06E2002C063353
:10CFA0000138003D033F0C3F00000000F8F8F8F89E
:10CFB000F8F80000000000003F3F3F3F3F3F000007
:10CFC0000002F212121212F20202FE02000003012B
:10CFD0000101010108080F0000000000000000002E
:10CFE000C1CF020800000000C1CF020880DD0208A6
:10CFF000304D0020E803000078DC0208F8DD02086C
:10D000002C4D0020000000004CDC02086CDE020801
:10D01000104D0020E803000010DC020854DF020875
:10D020001C4D0020E80300002CDC0208A8DE0208EA
:10D03000144D0020E803000010DC02088CDF020819
:10D04000204D0020E80300002CDC0208E0DE02088E
:10D05000184D0020E803000010DC0208C4DF0208BD
:10D06000244D0020E80300002CDC020800E0020848
:10D07000284D0020E80300005CDC0208BCDD02084B
:10D080003C4D0020E803000078DC0208686D695F11
:10D0900068705F6B657968646C00686D695F687063
:10D0A0005F726573756D650001010000000000008E
:10D0B00000000000D12201082123010827230108D4
:10D0C00002000000000000005F23010800000000D3
:10D0D00059230108000000001500000000000000B6
:10D0E0000000000000000000A5230108000000006F
:10D0F000030100000000000000000000000000002C
:10D10000DB23010800000000040000000000000014
:10D1100000000000000000000B24010800000000D7
:10D12000686D695F646973705F6170706F696E7458
:10D130005F66756E630000000501000000000000DE
:10D140000000000000000000392401080000000079
:10D15000686D695F646973705F6D6F6E65794C614E
:10D16000636B5F7374617274000000000D00000057
:10D17000000000000000000000000000B7250108CA
:10D1800000000000686D695F646973705F6D6F6EA9
:10D1900065794C61636B5F656E6400686D695F649F
:10D1A0006973705F73746F704D6F6E65795F7374C0
:10D1B0006172740006000000000000000000000022
:10D1C000000000001526010800000000686D695F7E
:10D1D000646973705F73746F704D6F6E65795F65AE
:10D1E0006E64000007000000000000000000000066
:10D1F0000000000061260108000000000C00000093
:10D200000000000000000000000000009726010858
:10D210000000000008000000000000000000000006
:10D2200000000000E32701080000000009000000E2
:10D230000000000000000000000000002F2801088E
:10D2400000000000160000000000000000000000C8
:10D25000000000008F28010800000000686D695F71
:10D26000646973705F6661756C745F737461727406
:10D27000000000000A0100000000000000000000A3
:10D2800000000000D528010800000000686D695FFB
:10D29000646973705F6661756C745F656E64006865
:10D2A0006D695F646973705F696C6C6567616C69F7
:10D2B00074795F636172645F7374617274000000FB
:10D2C0000B00000000000000000000000000000053
:10D2D0002129010800000000686D695F64697370AE
:10D2E0005F636172645F49735F436861726765641D
:10D2F0005F7374617274000012000000000000008F
:10D3000000000000000000006F290108000000007C
:10D31000686D695F646973705F636172645F737481
:10D320006172745F6661696C5F737461727400002E
:10D330000E000000000000000000000000000000DF
:10D34000BD29010800000000686D695F64697370A1
:10D350005F466F726269644368675F737461727479
:10D3600000000000140000000000000000000000A9
:10D3700000000000272A010800000000686D695FB6
:10D38000646973705F47756E4C6F636B5F45727253
:10D390005F737461727400001300000000000000ED
:10D3A00000000000000000007F2A010800000000CB
:10D3B000686D695F646973705F56657273696F6EDB
:10D3C0005F737461727400000F00000000000000C1
:10D3D0000000000000000000D12A01080000000049
:10D3E000686D695F646973705F436C72456543681B
:10D3F00072675F73746172740000000010000000B7
:10D40000000000000000000000000000192B0108CF
:10D4100000000000110000000000000000000000FB
:10D42000000000006B2B0108000000001900000044
:10D430000000000000000000000000001B2D01089B
:10D44000000000006C6F675F6C6F61645F737973DD
:10D4500070617261006C6F675F73746F72655F7388
:10D46000797370617261006C6F675F6C6F61645F8C
:10D4700072617465006C6F675F73746F72655F7261
:10D48000617465006C6F675F73746F72655F717252
:10D49000006C6F675F73746F72655F757365726937
:10D4A0006E666F006C6F675F73746F72655F727525
:10D4B0006E5F70617261006C6F675F6C6F61645F5B
:10D4C00072756E5F70617261006C6F675F6C6F6127
:10D4D000645F63666769666F006C6F675F73746F24
:10D4E00072655F63666769666F006661756C744933
:10D4F0006E666F5F70617261006661756C74496E13
:10D50000666F5F6C6F61645F706172610000000044
:10D510007C09BE446368676C6F675F75706C6F6190
:10D52000645F7265636F72645F63626B00636867F8
:10D530006C6F675F75706C6F61645F7265636F724B
:10D54000645F66756E63006368676C6F675F696EC2
:10D55000697400007C0ABE457C09BE446368676C40
:10D560006F675F75706C6F61645F7265636F726423
:10D57000696E67006368676C6F675F6374726C00E5
:10D58000486973746F72794661756C745F65726116
:10D59000736500005B636F6D6D5D20636D64303992
:10D5A0002C207472616E7349643D25782C73746FFE
:10D5B00070526561736F6E3A25642C6D6574657287
:10D5C00053746172743A25782C6D65746572456E7A
:10D5D000643A25780A000000636F6D6D5F69735FC0
:10D5E000666F726269645F73656E6400636F6D6D10
:10D5F0005F69735F696E41746500636D6430365FA7
:10D60000636C6F73655F6C6F636B00636D64303662
:10D610005F6F70656E5F6C6F636B00636D64303657
:10D620005F73746172745F63686172676500636DD4
:10D630006430365F73746F705F6368617267650032
:10D64000636D6430365F6170706F696E7400636D16
:10D650006430365F756E6170706F696E7400636FF1
:10D660006D6D5F636D64303300636F6D6D5F636D0F
:10D6700064303400636F6D6D5F636D6430350063DB
:10D680006F6D6D5F636D6430355F41636B00636F19
:10D690006D6D5F636D64413600636F6D6D5F636DCB
:10D6A00064303700636F6D6D5F636D6430375F4169
:10D6B000434B00636F6D6D5F636D64303800636F63
:10D6C0006D6D5F636D6430385F41636B00636F6DD8
:10D6D0006D5F636D64304500636F6D6D5F636D6496
:10D6E00041455F41636B00636F6D6D5F636D6430D7
:10D6F000445F41434B00636F6D6D5F636D64304603
:10D7000000636F6D6D5F636D6441465F41434B0025
:10D71000636F6D6D5F7265675F746F5F676174657E
:10D720005F66756E6300636F6D6D5F746D725F69C8
:10D730006E6974005B636F6D6D5D20636D64303383
:10D740002063704E6F775374733D25642C2067758A
:10D750006E4E6F775374733D25642C67756E5072EF
:10D76000655374733D25642C6368617267657272DA
:10D7700065736F6E3D25640A0000C0FED70FC8FEBA
:10D78000D40FD0FED10FD8FECE0FE0FECB0FE8FEB7
:10D79000C70FF0FEC40FF8FEC00F00FFBC0F08FF5C
:10D7A000B80F10FFB30F18FFAF0F20FFAA0F28FF0D
:10D7B000A40F30FF9F0F38FF990F40FF930F48FFD2
:10D7C0008D0F50FF860F58FF7F0F60FF770F68FFA8
:10D7D000700F70FF670F78FF5F0F80FF560F88FF95
:10D7E0004C0F90FF420F98FF380FA0FF2D0FA8FF9E
:10D7F000220FB0FF160FB8FF0A0FC0FFFD0EC8FFC3
:10D80000F00ED0FFE20ED8FFD40EE0FFC50EE8FF09
:10D81000B60EF0FFA60EF8FF950E0000840E08006D
:10D82000720E1000600E18004D0E2000390E2800F8
:10D83000250E3000100E3800FA0D4000E40D4800AF
:10D84000CD0D5000B50D58009C0D6000830D680093
:10D850006A0D70004F0D7800340D8000180D88009F
:10D86000FC0C9000DF0C9800C10CA000A20CA800DA
:10D87000830CB000640CB800430CC000220CC8003C
:10D88000010CD000DF0BD800BD0BE0009A0BE800C4
:10D89000760BF000520BF8002E0B0001090B08016B
:10D8A000E40A1001BE0A1801990A2001730A28012E
:10D8B0004C0A3001260A3801FF094001D809480105
:10D8C000B20950018A095801630960013C096801E5
:10D8D00015097001EE087801C7088001A0088801C9
:10D8E00079089001530898012C08A0010608A801A6
:10D8F000E007B001BA07B8019407C0016F07C8017B
:10D900004A07D0012507D8010107E001DD06E8013B
:10D91000B906F0019606F8017406000251060802E5
:10D920002F0610020E061802ED052002CC05280273
:10D93000AC0530028D0538026E0540024F054802E5
:10D940003105500214055802F6046002DA04680238
:10D95000BE047002A2047802870480026D0488026B
:10D9600053049002390498022004A0020804A8027B
:10D97000F003B002D903B802C203C002AB03C8026D
:10D980009503D0028003D8026B03E0025603E8023D
:10D990004203F0022E03F8021B03000308030803EE
:10D9A000F6021003E4021803D2022003C102280386
:10D9B000B1023003A0023803910240038102480300
:10D9C0007202500363025803550260034702680362
:10D9D000390270032C0278031F02800312028803AD
:10D9E00006029003FA019803EE01A003E201A803E6
:10D9F000D701B003CC01B803C201C003B701C8030B
:10DA0000AD01D003A301D8039A01E0039001E8031C
:10DA1000870100007570646174655F7374735F667D
:10DA200061756C74007570646174655F7374735FA5
:10DA30007374616E646279007570646174655F739C
:10DA400074735F72756E6E696E6700757064617471
:10DA5000655F7374735F73746F7000757064617465
:10DA6000655F7374735F6170706F696E7400735576
:10DA7000706461746552756E53746174650073539C
:10DA8000687574646F776E436F6E74726F6C6C65DB
:10DA90007200447574795F41646A757374007265CD
:10DAA0006C61795F6F70740067756E5F66625F644A
:10DAB0006574006368675F6C6F636B5F7377585F53
:10DAC0006374726C0067756E5F63705F6465740089
:10DAD0005B73757065725D206C65616B286D612983
:10DAE0003D25642C47726964494E566F6C7428302A
:10DAF0002E3176293D25642C477269644E45566F58
:10DB00006C7428302E3176293D25642C4772696467
:10DB10004375727228302E3141293D25642C75776A
:10DB2000477269644672657128302E31485A293D22
:10DB300025642C437031566F6C7428302E31562971
:10DB40003D25640A0065737033325F75617274330A
:10DB50005F696E697400000000000000094202085D
:10DB6000054202080D3F020801000000573D02086F
:10DB7000E13B0208AF390208001100000001000576
:10DB8000110000010102061100000201020711004C
:10DB900000030102091100000102020A1100000243
:10DBA00002020B1100000302020C1100000003022C
:10DBB0000D1300020400040111000000060202110E
:10DBC0000000010602031100000206020411000019
:10DBD0000306026D657465725F646C743634355F7C
:10DBE00072756E6E696E67006D657465725F646CE8
:10DBF000743634355F646574006D657465725F6496
:10DC00006C743634355F696E6974000056005600D6
:10DC10000CDC02080EDC0208487A00487A0000009A
:10DC200018DC02081BDC02084100410028DC020865
:10DC30002ADC02086D41006D4100000034DC02085E
:10DC400037DC02084D696E004D696E0044DC020845
:10DC500048DC02084B57004B5700000054DC020818
:10DC600057DC02085700570064DC020866DC020833
:10DC70006B5768006B57680070DC020874DC0208A0
:10DC8000A1E600A1E600000080DC020883DC0208B7
:10DC9000A1E300A1E300000090DC020893DC02088D
:10DCA00073007300A0DC0208A2DC02084E4F4B0098
:10DCB000D4AA0000ACDC0208B0DC02084E4F4B2FA7
:10DCC0006B576800D4AA2FB6C8000000BCDC02085D
:10DCD000C4DC020845204665652020203A2020202B
:10DCE00020202020202020202020202000B3E4B568
:10DCF000E7BDF0B6EE3A2020202020202020202072
:10DD00002020202020000000D4DC0208EDDC0208E6
:10DD100046656520526174653A202020202020202D
:10DD2000202020202020202000B5B1C7B0B7D1C2CC
:10DD3000CA3A20202020202020202020202020201F
:10DD40002000000010DD020829DD0208456E657222
:10DD5000677920203A202020202020202020202009
:10DD60002020202000D2D1B3E4B5E7C1BF3A202063
:10DD70002020202020202020202020202000000003
:10DD80004CDD020865DD02084D65746572202020B7
:10DD90003A20202020202020202020202020202069
:10DDA00000B5E7B1EDB5E7C1BF3A20202020202023
:10DDB00020202020202020202000000088DD0208D4
:10DDC000A1DD020854696D65202020203A20202022
:10DDD00020202020202020202020202000B3E4B577
:10DDE000E7CAB1BCE43A20202020202020202020B7
:10DDF0002020202020000000C4DD0208DDDD020814
:10DE0000566F6C74616765203A2020202020202006
:10DE1000202020202020202000B3E4B5E7B5E7D162
:10DE2000B93A20202020202020202020202020203F
:10DE30002000000000DE020819DE0208566F6C7434
:10DE4000616765523A2020202020202020202020B9
:10DE50002020200052CFE0B5E7D1B93A2020202081
:10DE60002020202020202020202020003CDE02082E
:10DE700054DE0208566F6C74616765533A202020A7
:10DE80002020202020202020202020200053CFE010
:10DE9000B5E7D1B93A2020202020202020202020C2
:10DEA000202020200000000074DE02088DDE020821
:10DEB000566F6C74616765543A2020202020202022
:10DEC000202020202020200054CFE0B5E7D1B93A0F
:10DED0002020202020202020202020202020200062
:10DEE000B0DE0208C8DE020843757272656E743ACD
:10DEF0002020202020202020202020202020202022
:10DF000000B3E4B5E7B5E7C1F73A20202020202090
:10DF1000202020202020202020000000E8DE020811
:10DF200001DF020843757272656E74523A20202038
:10DF300020202020202020202020200052CFE0B5CB
:10DF4000E7C1F73A20202020202020202020202078
:10DF50002020200024DF02083CDF02084375727293
:10DF6000656E74533A20202020202020202020207D
:10DF70002020200053CFE0B5E7C1F73A2020202031
:10DF80002020202020202020202020005CDF0208EC
:10DF900074DF020843757272656E74543A20202053
:10DFA00020202020202020202020200054CFE0B559
:10DFB000E7C1F73A20202020202020202020202008
:10DFC0002020200094DF0208ACDF0208506F776544
:10DFD000722020203A2020202020202020202020D5
:10DFE0002020202000B3E4B5E7B9A6C2CA3A202019
:10DFF0002020202020202020202020202000000081
:10E00000CCDF0208E5DF02084368726720496E66CC
:10E010006F202020202020202020202020202000D1
:10E02000CDB3BCC6D0C5CFA22020202020202020E8
:10E03000202020202020200008E0020820E0020804
:10E0400052756E6E696E6720496E666F2000D4CB84
:10E05000D0D0D0C5CFA220202000000040E0020890
:10E060004EE0020852756E20496E666F2020202017
:10E07000202020202020202020202000D4CBD0D001
:10E08000D0C5CFA22020202020202020202020200A
:10E090002020200064E002087CE00208496E6974D8
:10E0A00069616C20202000B3F5CABCBBAF202020E2
:10E0B000200000009CE00208A7E0020843686563B6
:10E0C0006B2020202000D7D4BCEC20202020200072
:10E0D000BCE00208C6E002084368617267696E67C7
:10E0E000202020202000B3E4B5E72020202020209D
:10E0F00020202000D8E00208E6E0020841766169AD
:10E100006C61626C652000BFD5CFD020202020201C
:10E1100020000000FCE0020807E10208556E636F72
:10E120006E6E656374656400B6CFBFAA20202020A0
:10E13000000000001CE1020828E10208507265702E
:10E140006172696E6700D7BCB1B820202020000042
:10E150003CE1020846E10208436F6E6E6563746538
:10E160006400C1ACBDD320202020000058E102088B
:10E1700062E102084661756C7465643A00B9CAD5FB
:10E18000CF2020202000000074E102087DE1020879
:10E1900046696E697368696E672020202000CDA3F0
:10E1A000D6B92020202020202020200090E1020845
:10E1B0009EE1020853757370656E6465644556533D
:10E1C0004500D7AEB6CBD4DDCDA320202020200043
:10E1D000B4E10208C2E1020853757370656E6465AC
:10E1E000644556202000B3B5B6CBD4DDCDA32020A6
:10E1F00020202000D8E10208E6E10208556E766191
:10E200006C6961626C65202000B2BBBFC9D3C320BA
:10E210002020202000000000FCE1020809E20208A2
:10E2200052657365727665642000D4A4D4BC000086
:10E2300020E202082AE202084E6F726D616C202013
:10E2400000CEDED2ECB3A3202000000038E20208AA
:10E2500041E2020852656C6179204F76657254651F
:10E260006D700052656C6179B9FDCEC2202020200E
:10E270000000000054E2020863E202084F76657273
:10E2800054656D7020422000CEC2B6C8B9FDB8DF1B
:10E29000422020007CE2020888E202084F76657284
:10E2A0004C6F61642020202000CAE4B3F6B9FDD48D
:10E2B000D8202020200000009CE20208A9E20208E9
:10E2C0004F766572566F6C742020202000B5E7CD24
:10E2D000F8B9FDD1B920202020000000C0E20208DA
:10E2E000CDE20208556E646572566F6C7420202072
:10E2F00000B5E7CDF8C7B7D1B92020202000000035
:10E30000E4E20208F1E202084F7665724375727228
:10E310002020202000CAE4B3F6B9FDC1F720202058
:10E320002000000008E3020815E302084F7665723A
:10E33000467265712020202000B5E7CDF8B9FDC6F2
:10E34000B5202020200000002CE3020839E3020859
:10E35000556E6465724672657120202000B5E7CD68
:10E36000F8C7B7C6B52020202000000050E30208FF
:10E370005DE302084F7665722044434C65616B2D66
:10E380004120202020200047617465BCB1CDA3202E
:10E390002020200074E3020887E30208454D4F2047
:10E3A000202020202020202000B5E7D7AEBCB1CD12
:10E3B000A3202020200000009CE30208A9E302081B
:10E3C0004C6F7754656D70204120202000CEC2B67E
:10E3D000C8B9FDB5CD41202020000000C0E30208EF
:10E3E000CDE302084C6F7754656D70204220200009
:10E3F000CEC2B6C8B9FDB5CD42202000E4E3020884
:10E40000F0E302084F7665722044434C65616B204F
:10E4100020202000BDBBC1F7C2A9B5E7C1F7B9FDF7
:10E42000B8DF000004E4020814E402084F766572C5
:10E430002044434C65616B2D432020202000D6B141
:10E44000C1F7C2A9B5E7C1F7B9FDB8DF0000000008
:10E450002CE402083EE40208494E54204F766572CF
:10E4600054656D7000CAE4C8EBB9FDCEC22000004F
:10E4700058E4020865E402084254204572726F7243
:10E480002020202000C0B6D1C0D2ECB3A320202091
:10E490002000000078E4020885E402084F766572E7
:10E4A0002044434C65616B2D422020202000B3B5F1
:10E4B000CEBBCBF8D2ECB3A3202000009CE4020832
:10E4C000AEE4020852656C61794572726F72200089
:10E4D000BCCCB5E7C6F7D2ECB3A320200000000007
:10E4E000C4E40208D0E40208474E444572726F72D9
:10E4F0002020202000BDD3B5D8D2ECB3A32020200B
:10E5000020000000E8E40208F5E4020850686173A6
:10E51000654572726F72202000CFE0D0F2D2ECB36A
:10E52000A3202020200000000CE5020819E50208C5
:10E530004C65616B4572726F72202000D7D4BCECC1
:10E54000D2ECB3A3202020200000000030E5020818
:10E550003CE5020846616C6C446F776E20202020F9
:10E5600000B5E7D7AEC7E3B5B920202020000000F2
:10E5700054E5020861E50208456C6563745F6572E5
:10E580007220202000B5E7C1BFD2ECB3A320000069
:10E5900078E5020885E50208494E46204572726F0B
:10E5A0007220202000494E46C6A5C5E4D2ECB3A394
:10E5B0002000000098E50208A5E50208494E542015
:10E5C0004465726174652000CAE4C8EBB6CBD7D34A
:10E5D000BDB5D4D800000000BCE50208C8E50208BB
:10E5E000566F6C744465726174652000B5E7D1B9EB
:10E5F000BDB5D4D820200000E0E50208ECE5020813
:10E60000474E44205761726E2000BDD3B5D8BEAFCF
:10E61000B8E6000000E602080AE60208435020457A
:10E6200072726F722020004350C1ACBDD3D2ECB3E4
:10E63000A32020001CE6020827E6020852656C6150
:10E640007944657261746500BCCCB5E7C6F7B9FD65
:10E65000CEC2BDB5D4D800003CE6020848E60208A8
:10E66000436F6D6D4572726F7220202000CDA8D06F
:10E67000C5D2ECB3A32020202000000060E60208F1
:10E680006DE602084D657465724572726F72200006
:10E69000B5E7B1EDD2ECB3A32020200084E6020858
:10E6A00090E602084350566F6C744572726F7200A8
:10E6B0004350B5E7D1B9D2ECB3A30000A4E60208F9
:10E6C000B0E6020847756E412020004120C7B920FE
:10E6D00020000000C4E60208CBE6020847756E423F
:10E6E0002020004220C7B92020000000DCE60208FC
:10E6F000E3E60208537769706520436172642E2E49
:10E700002E00C7EBCBA2BFA8B3E4B5E72E2E2E0098
:10E71000F4E6020802E70208456E7465722050575D
:10E7200020203A00C7EBCAE4C8EBC3DCC2EB3A00D6
:10E7300018E7020824E70208205057204572726F3C
:10E7400072202100C3DCC2EBB4EDCEF32100000047
:10E7500038E7020844E70208312E2049502041647E
:10E76000647265737300312EC9E8D6C34950B5D8B9
:10E77000D6B7000058E7020866E70208322E205498
:10E78000696D6520202000322EC9E8D6C3CAB1BC0D
:10E79000E40000007CE7020887E70208332E2049E6
:10E7A0006E697469616C205261746500332EC9E82A
:10E7B000D6C3B3F5CABCB7D1C2CA00009CE70208F1
:10E7C000ACE70208496E697469616C526174653A1C
:10E7D00000B3F5CABCB7D1C2CA3A0000C4E7020808
:10E7E000D1E70208342E20446F6D61696E204E61BE
:10E7F0006D6500342EC9E8D6C3D3F2C3FB00000018
:10E80000E4E70208F3E70208446F6D61696E2020B7
:10E810003A00D3F2C3FB3A0008E8020812E8020803
:10E82000352E20436C656172205265636F726400FF
:10E83000352EC7E5B3FDB3E4B5E7BCC7C2BC0000E5
:10E8400020E8020830E80208362E20526573746111
:10E850007274204368617267657200362ED6D8C61E
:10E86000F4B3E4B5E7D7AE0048E802085BE8020875
:10E87000372E205365676D656E7420526174650094
:10E88000372EC9E8D6C3B7D6B6CEB7D1C2CA0000B4
:10E8900070E8020880E80208382E204368616E673D
:10E8A000652050617373776F726400382ED0DEB8C4
:10E8B000C4C3DCC2EB00000098E80208ABE8020821
:10E8C000392E204465766963652054797065003976
:10E8D0002EC9E8D6C3C9E8B1B8C0E0D0CD00000069
:10E8E000C0E80208CFE8020831302E20436F6E6680
:10E8F000696775726174696F6E0031302EC9E8D630
:10E90000C3B3E4B5E7D7AE00E8E80208FAE80208C6
:10E9100031312E204C616E67756167650031312E93
:10E92000D1A1D4F1D3EFD1D40000000010E9020846
:10E930001DE9020831322E2043686F6F736520474E
:10E94000756E204E756D6265720031322ED1A1D484
:10E95000F1C7B9CAFDC1BF0034E902084AE902089B
:10E960005374616E6461726420202000B3E4B5E7E3
:10E97000B1EAD7BC2020000060E902086CE9020877
:10E980004361726420547970652000BFA8C0E0D054
:10E99000CDD1A1D4F100000080E902088BE9020882
:10E9A0004E657720505720202020203A00CAE4C826
:10E9B000EBD0C2C3DCC2EB3A00000000A0E90208C1
:10E9C000ADE90208436F6E6669726D205057203AB8
:10E9D00000C8B7C8CFD0C2C3DCC2EB3A0000000009
:10E9E000C4E90208D1E9020820496E636F6E7369B9
:10E9F0007374656E742050572000C1BDB4CECAE454
:10EA0000C8EBC3DCC2EBB2BBCDAC2100E8E9020825
:10EA1000FAE90208436C656172205265636F7264A3
:10EA2000203F00C7E5B3FDB3E4B5E7BCC7C2BC3FB8
:10EA30000000000014EA020823EA02085265737419
:10EA4000617274203F202000D6D8C6F4B3E4B5E745
:10EA5000D7AE3F003CEA020848EA02084E4720438E
:10EA6000617264202100B7C7B7A8BFA821000000C9
:10EA70005CEA020866EA02084361726420496E207B
:10EA8000557365202100BFA8D4DAD7AEC9CFB3E44F
:10EA9000B5E7210078EA020886EA02084E472053CB
:10EAA00076722D43617264202100B7FECEF1C6F765
:10EAB00020B7C7B7A8BFA821000000009CEA020841
:10EAC000AAEA020842616C616E6365203A00B5B142
:10EAD000C7B0D3E0B6EE3A00C4EA0208CEEA0208B4
:10EAE00045204665652020203A00B5B1C7B0B5E79E
:10EAF000B7D13A00E0EA0208EAEA02085061796D0B
:10EB0000656E74202020203A00B3E4B5E7BFDBB384
:10EB1000FD3A0000FCEA020809EB020842616C20A1
:10EB20004C61636B202100D3E0B6EEB2BBD7E3218A
:10EB3000000000001CEB020827EB0208506C756710
:10EB400020496E00C7EBC1ACBDD300003CEB02080E
:10EB500044EB02082047756E202000B3E4B5E7C7F8
:10EB6000B900000054EB02085BEB02084E6F5261E3
:10EB7000746500CEDEB7D1C2CA0000006CEB02089B
:10EB800073EB020820576169742020202020202088
:10EB900020202020202000C7EBC9D4BAF22020205A
:10EBA00020202020202020202000000084EB0208CC
:10EBB00097EB02085377697065416761696E00C71A
:10EBC000EBD6D8CBA2BDE1CBE3000000B4EB02084A
:10EBD000BFEB02084C6173745376632000C9CFB455
:10EBE000CEB7FECEF1000000D4EB0208DDEB020848
:10EBF00020205061696420212000BDE1CBE3B3C92E
:10EC0000B9A62100F0EB0208FAEB0208556E706C11
:10EC100075672047756E20202000D2D1BDE1CBE37F
:10EC200020C7EBB0CEC7B9000CEC02081AEC020802
:10EC300054696D656F7574202120202020202000EC
:10EC4000B7FECEF1C6F7D3A6B4F0B3ACCAB121007B
:10EC500030EC020840EC02084D61746368696E672D
:10EC6000204556202000D5FDD4DAC6A5C5E4B3B5AD
:10EC7000B6CB000058EC020866EC020854727941E9
:10EC80006761696E4C617465722100C7EBC9D4BAC3
:10EC9000F2D4D9CAD42100007CEC02088BEC020823
:10ECA0004E6F20496E666F20496E205365727665FF
:10ECB000722100B7FECEF1C6F7CEDEB3E4B5E7D0E1
:10ECC000C5CFA22100000000A0EC0208B3EC0208AE
:10ECD0004E6F2054696D6500CEDECAB1BCE4000001
:10ECE000D0EC0208D8EC0208506F7765724F6E20A6
:10ECF00000B3F5B4CEC9CFB5E7000000E8EC0208D8
:10ED0000F1EC02084E6F43687267496E666F21002E
:10ED1000CEDEB3E4B5E7D0C5CFA2210004ED0208F2
:10ED200010ED0208557067726164696E67202E2EBF
:10ED30002E00C9FDBCB6D6D02E2E2E0024ED020822
:10ED400032ED0208205265616479202E2E2E00D704
:10ED5000BCB1B8B3E4B5E72E2E2E000044ED020896
:10ED60004FED0208537469636B204361726400C7FE
:10ED7000EBBCCCD0F8CCF9BFA800000064ED0208D1
:10ED80006FED020843617264202000BFA8D5FDD456
:10ED9000DA00000084ED02088BED0208204F636367
:10EDA0007570696564202100B7C7B1BED7AEB3E402
:10EDB000B5E721009CED0208A8ED020844697361E3
:10EDC000626C6564204368617267657200D7AED279
:10EDD000D1B1BBBDFBD6B9B3E4B5E700BCED0208C9
:10EDE000CDED020843686172676572204F66666CFC
:10EDF000696E6520202000B1BED7AEC0EBCFDFB278
:10EE0000BBD4CAD0EDB3E4B5E7000000E4ED0208DE
:10EE1000F7ED020853656C6563742047756E202119
:10EE20002000C7EBD1A1D4F1B3E4B5E7C7B9210005
:10EE300014EE020822EE020820204661756C743A36
:10EE4000002020B9CAD5CF3A0000000038EE0208F1
:10EE500041EE020853746F70202000CDA3B3E4206C
:10EE60002000000054EE02085BEE02085377697040
:10EE7000652F5363616E2000C7EBCBA2BFA82FC9DB
:10EE8000A8C2EB006CEE020878EE020820202053A6
:10EE90007769706520202000202020C7EBCBA2BF1F
:10EEA000A82020008CEE020898EE020853746172CC
:10EEB0007420746F204368617267652000BFAACA1E
:10EEC000BCB3E4B5E7B7FECEF1200000ACEE02081B
:10EED000BDEE02085363616E5152436F646500C911
:10EEE000A8D2BBC9A8BFAACABC000000D4EE0208C1
:10EEF000DFEE0208546F2043686172676500B3E477
:10EF0000B5E7B7FECEF10000F4EE0208FEEE02080F
:10EF10004368617267657200B3E4B5E7D7AE00007D
:10EF200010EF020818EF0208526573657276656487
:10EF300000D2D1D4A4D4BC202000000028EF0208C5
:10EF400031EF0208284F72652F6B5768290028B7E8
:10EF5000D62FB6C82900000044EF02084EEF020881
:10EF60005261746500B7D1C2CA00000060EF0208A8
:10EF700065EF020850686173654572726F7200CF69
:10EF8000E0D0F2B4EDCEF30074EF02087FEF020898
:10EF900043687267204661696C00B3E4B5E7CAA7AD
:10EFA000B0DC000090EF02089AEF0208556E706C1A
:10EFB000756700C7EBB0CEC7B9000000ACEF020820
:10EFC000B3EF02084C6F636B204572726F7200C71B
:10EFD000B9CBF8B4EDCEF300C4EF0208CFEF0208CE
:10EFE0004361626C6552434572726F7200C7B9CF5C
:10EFF000DFB4EDCEF3200000E0EF0208EDEF0208F1
:10F000004368617267656420456E657267793A008E
:10F01000D2D1B3E4B5E7C1BF3A00000000F0020866
:10F0200010F00208556E617574686F72697A6564D4
:10F03000204361726400BFA8D3EBD7AEB2BBC6A5B4
:10F04000C5E4000024F0020836F00208506C756731
:10F0500020696E2047756E00C7EBB2E5C7B90000A6
:10F060004CF0020858F0020843757272204D617826
:10F070002841293A00D7EEB4F3B5E7C1F728412972
:10F080003A00000068F0020875F002084D61782E21
:10F09000506F776572284B57293A00D7EEB4F3B911
:10F0A000A6C2CA284B57293A000000008CF002087B
:10F0B0009BF0020801000000416E0208676B020825
:10F0C0003E7F28AD8C22083D5425766F73746F7097
:10F0D0005F636861726765006D315F6765745F7358
:10F0E0006E006D315F617574685F6B657941006DAD
:10F0F000315F626C6F636B5F72656164006D315F7D
:10F10000626C6F636B5F7772697465006D315F6D00
:10F110006F646966795F7077006D315F6164640068
:10F12000636172645F6D315F72756E6E696E6700E8
:10F13000636172645F6D315F696E69740000000025
:10F1400001000000897D0208BAFE020801010000EA
:10F150002B7D0208C9FE0208020000007B7E020827
:10F160009FFA020802010000D97D0208AFFA0208E6
:10F1700003000000F97E020873FA02080301000090
:10F180009F7E020889FA020804000000377F020807
:10F19000C0FB0208040100000D7F0208D6FB020834
:10F1A00005000000717F0208BFFA02080501000097
:10F1B000477F0208D3FA020806000000BB7F02085E
:10F1C000FEFD020806010000817F020814FE02080D
:10F1D000070000000D80020800FC02080701000083
:10F1E000DD7F020815FC0208080000005F800208AD
:10F1F0002AFC0208080100002F8002083FFC0208D8
:10F2000009000000B180020848FB02080901000063
:10F21000818002085EFB02080A000000F3800208F9
:10F2200072FF02080A010000C380020887FF02087B
:10F230000B00000079810208000003080B010000A8
:10F2400015810208170003080C000000EF81020876
:10F250000CFB02080C010000BF81020821FB020820
:10F260000D0100001982020884FB02080D00000055
:10F270006582020874FB02080E0100007782020812
:10F28000F8FA020812010000E58202082E000308C5
:10F2900014000000C1840208C1FC0208150000002F
:10F2A000D78402085300030816000000FF840208F8
:10F2B000EFFF0208170000002785020860FF020820
:10F2C0001A0000004B85020887FC02081A010000A2
:10F2D0005F8502089BFC02081B010000958502085F
:10F2E000FBFC02081C0100009987020838FF020895
:10F2F0001D000000E5890208C00003081D01000090
:10F300000D8A0208D30003081E000000538A020879
:10F31000E60003081E010000798A0208F9000308CC
:10F320001F010000FB8A0208AFFC02082000000059
:10F33000298B020836FB020821000000538B0208CB
:10F3400040000308220000008F8B02089CFF020887
:10F3500023010000C18B0208E7FC02082300000023
:10F36000C98B0208D3FC020824010000EF8B0208BD
:10F370009600030825010000078C0208A3FE02087E
:10F3800029010000C97C02084CFA02083A0000007A
:10F39000A177020862FA02083C0100006B770208BC
:10F3A0001CFD02083C000000997702080BFD0208D2
:10F3B0003D01000069880208DBFF02083D000000F3
:10F3C0003B880208C7FF02083E010000877302085D
:10F3D000C0F902083F01000003770208ECFB0208B5
:10F3E00041010000C5880208B1FF02084201000087
:10F3F0001F8902086DFC02084B010000818C020885
:10F4000054FC02080F010000AF82020832FA020821
:10F4100052000000A78C0208AB0003085201000054
:10F420003F8D0208E7FA020861000000818E0208A1
:10F4300064000308610100004F8E02087D0003088C
:10F4400008010000A1760208AAFB020808000000DB
:10F45000DD76020894FB020809010000B57302087A
:10F460001BFA020809000000E373020804FA02080C
:10F470000A010000FB730208EDF902080A0000000F
:10F480003D740208D6F902080B0100005574020809
:10F49000A6F902080B000000A57502088CF9020805
:10F4A0000C0100000576020820FF02080C00000095
:10F4B0003976020808FF02080D0100004F760208A5
:10F4C000250103080D0000007D7602080C010308E9
:10F4D0000E010000BB750208F0FE02080E000000DD
:10F4E000EF750208D8FE0208A1000000757002083E
:10F4F000B4FD0208A20000007F7002089CFD020813
:10F50000A3000000E9700208E7FD0208A400000063
:10F510002B7102082DFD0208A5000000F9710208F8
:10F5200083FD0208A60000001F7202083FFE0208C9
:10F53000A700000045720208CCFD0208A8000000E8
:10F540006B72020855FD0208A900000091720208C2
:10F550006CFD0208AA000000919002082AFE020831
:10F56000AB000000D994020849FF0208AC0000007B
:10F570009B92020854FE0208AD0000003B73020893
:10F580006DFE0208AE000000EF72020840FD0208A6
:10F59000AF0000006173020889FE0208707269768C
:10F5A000436F6D6D436D644132496E666F53796E82
:10F5B00041636B0070726976436F6D6D436D64419A
:10F5C0003353746174757341636B00707269764371
:10F5D0006F6D6D436D644134484241636B007072DE
:10F5E0006976436F6D6D436D6441395265636F7227
:10F5F0006441636B00636D6441414374726C536595
:10F600007452746300636D6441414374726C53655A
:10F6100074526573657400636D6441414374726C28
:10F6200053657443686700636D6441414366674393
:10F6300074726C50726F630070726976436F6D6D97
:10F64000436D6441414366674374726C00636D644B
:10F650004143476174654374726C50726F6300700C
:10F66000726976436F6D6D436D64414347617465A4
:10F670005761794374726C0070726976436F6D6D77
:10F68000436D6441425570646174655265710070E8
:10F69000726976436F6D6D4D73675772697465005B
:10F6A00070726976436F6D6D4D736752656164006A
:10F6B00070726976436F6D6D506172736550726FD1
:10F6C00063000000636667206374726C5F61636B44
:10F6D0002073746172745F616464723A256420659A
:10F6E0006E645F616464723A2564206E6F775F6157
:10F6F0006464723A2564207365743A2564206775E2
:10F700006E5F69643A2564206C656E3A25640A0070
:10F710006775695F77696E5F64656C006775695FBF
:10F7200077696E5F646973705F7072655F7061673F
:10F7300065006775695F77696E5F6164640067750E
:10F74000695F77696E5F746D725F66756E630000E6
:10F75000000000000000000030313233343536370D
:10F760003839414243444546403058003031323305
:10F770003435363738396162636465664030780005
:10F78000040000080000000000000002000100006A
:10F79000101F1D1F1E1F1E1F1F1E1F1E1F63610027
:10F7A000636C7272756E7061726100636C727379F2
:10F7B0007370617261006362006F620067657472EA
:10F7C000746300736574727463006765746D6F644D
:10F7D00065007365746D6F64650067657464657654
:10F7E000747970650073657464657674797065000A
:10F7F000656570726F6D6572617365006D656D75BD
:10F8000073650075706461746500636C7272617415
:10F810006500636F65660064656275676F666600A4
:10F820006765746C616E67007365746C616E670008
:10F83000756E6C6F636B00636C72616C6C007077DB
:10F840006D0064656275676F6E00636C72776172DC
:10F850006E007365747761726E00676574736E0015
:10F86000736574736E00636867696E666F006D65BB
:10F87000746572696E666F006D657465726E6F0097
:10F88000766572006C7300636867737473006370ED
:10F89000766F6C7400636C726661756C740073656E
:10F8A000746661756C74007265626F6F7400756167
:10F8B000727400746D727465737400746D726C6927
:10F8C000737400666163746F72790041433730303E
:10F8D000302D41452D3235284929004143373030FC
:10F8E000302D42452D3330004143373030302D42EA
:10F8F000452D3331004143373030302D41452D33D4
:10F9000032004143373030302D42452D33320041F3
:10F9100043373030302D41452D33340041433730AB
:10F9200030302D42452D3334004143373030302DB7
:10F9300041452D3235004143373030302D41552D72
:10F940003235004143373030302D42452D333600BB
:10F950004143373030302D41452D33380041433756
:10F960003030302D42452D33380041433730303070
:10F970002D41452D33342D49544200414337303019
:10F98000302D42452D33302D46435400636D644184
:10F99000434374726C47657452656D6F746553743C
:10F9A000617274303500636D6441434374726C530B
:10F9B000657452656D6F746553746172743035008F
:10F9C000636D6441414374726C5365745254435483
:10F9D000696D65303800636D6441434374726C47F0
:10F9E000657453324F50454E4C4F434B00636D642A
:10F9F00041434374726C53657453324F50454E4CBF
:10FA00004F434B00636D6441434374726C476574AC
:10FA100053324F50454E53544F5000636D64414331
:10FA20004374726C53657453324F50454E53544F68
:10FA300050004346475F434D445F414444525F4654
:10FA40004C4153485F464F524D415400636D6441F1
:10FA5000414374726C53657445726173654461749B
:10FA60006100636D6441414374726C476574646105
:10FA7000746100636D6441414374726C4765744303
:10FA800068674176616C696200636D6441414374EB
:10FA9000726C5365744368674176616C6962006398
:10FAA0006D6441414374726C4765745274630063C2
:10FAB0006D6441414374726C5365745274630063A6
:10FAC0006D6441414374726C47657442696C6C5358
:10FAD000696400636D6441414374726C53657442A0
:10FAE000696C6C53696400636D6441414374726C6A
:10FAF0005365744361726400636D64414143747281
:10FB00006C436C725F5265636F726400636D644135
:10FB1000414374726C47657470617373776F72647C
:10FB200000636D6441414374726C5365747061731A
:10FB300073776F726400636D6441414374726C4704
:10FB4000657446436F646500636D6441414374723C
:10FB50006C476574706F7765726D6F646500636D77
:10FB60006441414374726C536574706F7765726D54
:10FB70006F646500636D6441414374724765746DE1
:10FB80006F646500636D6441414374725365746DC5
:10FB90006F646500636D6441434374726C476574C0
:10FBA000434D44303254696D6500636D6441434395
:10FBB00074726C536574434D44303254696D650002
:10FBC000636D6441414374726C47657455706C6F2A
:10FBD0006754696D6500636D6441414374726C5391
:10FBE000657455706C6F6754696D6500636D644131
:10FBF000414374726C53657447756E54696D65004A
:10FC0000636D6441414374726C47657464617461EF
:10FC100074696D6500636D6441414374726C536532
:10FC2000746461746174696D6500636D644141431E
:10FC300074726C4765746865617474696D6500639E
:10FC40006D6441414374726C53657468656174748A
:10FC5000696D65004346475F434D455F41444452EB
:10FC60005F476574477269647479706500434647FD
:10FC70005F434D455F414444525F4765744D657431
:10FC800065727479706500636D6441414374726C90
:10FC90004765744465767479706500636D644141AD
:10FCA0004374726C5365744465767479706500634F
:10FCB0006D6441414374726C536574546F41746553
:10FCC00000636D6441414374726C476574537461A1
:10FCD000746500636D6441414374726C476574439D
:10FCE0007572724F666600636D6441414374726C55
:10FCF000536574437572724F666600636D6441416B
:10FD00004374726C53657443686700636D6441416A
:10FD10004374726C4765744C616E6700636D644137
:10FD2000414374726C5365744C616E670070726904
:10FD300076436F6D6D436D644134484241636B009F
:10FD400070726976436F6D6D436D644145446174B3
:10FD50006141636B0070726976436F6D6D436D64D2
:10FD6000413852544461746141636B00707269762A
:10FD7000436F6D6D436D6441395265636F726441C9
:10FD8000636B0070726976436F6D6D436D644135CE
:10FD9000436172644175746841636B007072697687
:10FDA000436F6D6D436D644132496E666F53796E7A
:10FDB00041636B0070726976436F6D6D436D644192
:10FDC000315265714164647241636B00707269768F
:10FDD000436F6D6D436D6441375374617274547237
:10FDE000616E7341636B0070726976436F6D6D4332
:10FDF0006D64413353746174757341636B00636D5B
:10FE00006441414374726C476574526174654D6F0F
:10FE100064656C00636D6441414374726C53657436
:10FE2000526174654D6F64656C0070726976436FE2
:10FE30006D6D436D6441414366674374726C00703D
:10FE4000726976436F6D6D436D644136526D7443D4
:10FE500074726C0070726976436F6D6D436D6441AE
:10FE600043476174655761794374726C00707269BD
:10FE700076436F6D6D436D644144536D617274637D
:10FE8000686172676543746C0070726976436F6D68
:10FE90006D436D644146536D617274437572724374
:10FEA000746C00636D6441414374726C53657453A8
:10FEB0006D617274706172616D00636D6441414384
:10FEC00074726C476574536E00636D644141437492
:10FED000726C536574536E00636D64414343747276
:10FEE0006C4765744F66664361726453746F70004B
:10FEF000636D6441434374726C5365744F6666432B
:10FF000061726453746F7000636D64414343747233
:10FF10006C4765744F66666C696E6553746F7000EC
:10FF2000636D6441434374726C5365744F66666CD1
:10FF3000696E6553746F7000636D64414143747200
:10FF40006C53657453746F700070726976436F6D93
:10FF50006D436D6441425570646174655265710012
:10FF6000636D6441414374726C476574506F77658B
:10FF70007200636D6441414374726C4765746D61D6
:10FF800078706F77657200636D6441414374726C81
:10FF90005365746D6178706F77657200636D64414D
:10FFA000414374726C4765744C65616B4375727242
:10FFB00000636D6441414374726C5365744D6574A4
:10FFC00065724375727200636D6441414374726C73
:10FFD0004765744275734375727200636D64414185
:10FFE0004374726C53657442757343757272006327
:10FFF0006D6441414374726C47657443757272005D
:020000040803EF
:10000000636D6441414374726C4765744765746DF8
:1000100061786375727200636D6441414374726C00
:100020005365745365746D61786375727200636DA6
:100030006441414374726C53657452657365740016
:10004000636D6441414374726C4765744370566FCD
:100050006C7400636D6441414374726C47657456FF
:100060006F6C7400636D6441414374726C476574D6
:10007000526174656443757272656E7400636D6479
:1000800041414374726C5365745261746564437585
:100090007272656E7400636D6441414374726C5397
:1000A0006574436C72536D61727400636D64414199
:1000B0004374726C476574436172644C6973740075
:1000C000636D6441414374726C4765744375727229
:1000D000527600636D6441414374726C536574439E
:1000E000757272527600636D6441414374726C475D
:1000F0006574566F6C74527600636D64414143744D
:10010000726C536574566F6C74527600636D644103
:10011000434374726C4765744F66666C696E6545DF
:100120006E65727900636D6441434374726C53650C
:10013000744F66666C696E65456E65727900000085
:100140008002030800000020900F00006C8100086E
:1001500054060308FCFF002004000000C8810008CA
:1001600054060308900F0020B8B00000E481000896
:100170001001000043000000F8FFFFFF0040404076
:10018000404040404040414141414140404040406A
:100190004040404040404040404040404005020216
:1001A00002020202020202020202020202202020D5
:1001B0002020202020202002020202020202909031
:1001C000909090901010101010101010101010102F
:1001D0001010101010101010020202020202888883
:1001E000888888880808080808080808080808088F
:1001F0000808080808080808020202024000000077
:1002000000000000000000000000000000000000EE
:1002100000000000000000000000000000000000DE
:1002200000000000000000000000000000000000CE
:1002300000000000000000000000000000000000BE
:1002400000000000000000000000000000000000AE
:10025000000000000000000000000000000000009E
:10026000000000000000000000000000000000008E
:10027000000000000000000000000000000000007E
:10028000412D01020304040009880607080902043D
:100290000608135DEB1408C0571420C07B0214201D
:1002A0001784F80208FDFF1B08420813B1F81B0869
:1002B0001708135FFA1B086008133DF71B085A085C
:1002C0001A7D081EE5F7020889081ADA081ACD080F
:1002D0001AD2081ADD081ACA081A27381A28281A42
:1002E00037081A20081A83081A80081AA5081AFC69
:1002F000201A93081AA71013E3F21B08BB081AF17F
:10030000081AC3181AF9081ABC0813A3F32B08A07B
:100310005012F91B08AB081A99081A0A281A2788DC
:100320001AC3081A75A01AF0181AF3481A8E101A70
:10033000C1081A87081A01281A66081A61481A6E35
:10034000081AC3081A9E08133BFE1B0895081A6F6B
:10035000402A528819101A4A081AA3081A03081AC0
:10036000A7081A30081AA9081A32081AB5082A78F4
:100370005819081AB3081AE1081A9D701A03781A56
:10038000B6081A11081AB9081A1F082A3EE81908EF
:100390001AAE081A45081A12081A55081A3708130F
:1003A000F5EF021D08453801400112444340021296
:1003B00048434003124C4340041250022040280995
:1003C0005CE00208ECCF020840290C8B0CD00C9AA0
:1003D0002C0C9A4C0C5A6C0C913985012319285A13
:1003E000582F393319051A2C045A8C1029ED233C47
:1003F0000929B55A1C1429682A2C05190D726A2975
:10040000E41A2C051A10185A048929F04B3C0531BE
:1004100072F8290F233C072A80307132065ABC1427
:100420007254190F112A3C7D196472FC198711232B
:100430007C0A23423A5A5664190F11CBBE45142A3E
:100440000B28292D193C721E2A0C28CA4414D119D4
:100450003C29DC2DB16B0108472DAB690108D42D77
:100460006F710108C82DBF760108BC2DCD7701083A
:10047000B02CDD7A019E01FF01FF01FF01FF012584
:100480000312FFFF32AE2743F902080101120129CE
:1004900006515A42041132840A191C2032850A1965
:1004A0000F2032867A02202903C92032870B18F5E3
:1004B000F82032889A5D605921792032890A1950D2
:1004C0002032907ADB60C9A01201120232210A1593
:1004D0007BA0320232A70A15E8A0294032170A1978
:1004E000294032180A19362032F26ACB60EA052018
:1004F000120132F56A6A40CA05C0894F12011633EB
:10050000B10108021AB10612031647B20108041617
:1005100001B30108055623B4010806520782086991
:100520003B615A080201415A0A0409262CA9080114
:1005300033021C42033EFFFFDAFF01E918091610DF
:100540000976580120D4E09304720102830A228EB6
:100550007A20910117180AD92C0208232D0208517C
:10056000041A93041AC10485032E02081A450C1AB2
:1005700063041A81041A9F041ABD049AE52029EA2B
:10058000120A1A1202012049895A020C1B5B3544D7
:100590001E0101024D37082D020102AB082D030197
:1005A00002F9082E0102024738182C0202BF082E59
:1005B0000302023739742D03020536082C06020D9A
:1005C000082D0106025D082D020602AD083D030656
:1005D00002FD2001124A2C7F092118021764120221
:1005E0002C3430010613310212092C343203061365
:1005F000390412041434330512142C343406121343
:10060000350712082C343708061A3810112C3131EE
:100610000A0613320B1266180D31333430DB4902EF
:10062000083431E355061C32674F063A39061C334D
:100630004357061C34E761061C351F67062B373904
:10064000061B3859060D1431349968D801B00227B9
:080650000100000000000000A1
:020000040803EF
:04FFFC004F4B000067
:04000005080081313D
:00000001FF
a2037ca2caf95d283c09476fec7fe476 *update.hex
